2025-12-08T11:12:28.632+0530	INFO	marketdata/main.go:25	starting marketdata service	{"env": "prod", "bootstrap": "localhost:9092", "group": "marketdata-candle-builder", "ticks_topic": "ticks.raw", "stock_topic": "candles.1m", "index_topic": "indices.1m", "timezone": "Asia/Kolkata"}
2025-12-08T11:12:28.636+0530	INFO	marketdata/main.go:25	topics ensured/available
2025-12-08T11:12:28.636+0530	INFO	marketdata/main.go:25	kafka consumer ready
2025-12-08T11:12:28.636+0530	INFO	marketdata/main.go:25	kafka producer ready
2025-12-08T11:12:28.636+0530	INFO	marketdata/main.go:25	candle builder initialized
2025-12-08T11:12:38.268+0530	DEBUG	kafka/producer.go:48	published candle	{"symbol": "SBIN", "topic": "candles.1m", "time": "2025-12-08T10:44:00.000+0530"}
2025-12-08T11:12:38.279+0530	DEBUG	kafka/producer.go:48	published candle	{"symbol": "HINDUNILVR", "topic": "candles.1m", "time": "2025-12-08T10:44:00.000+0530"}
2025-12-08T11:12:38.290+0530	DEBUG	kafka/producer.go:48	published candle	{"symbol": "RELIANCE", "topic": "candles.1m", "time": "2025-12-08T10:44:00.000+0530"}
2025-12-08T11:12:38.301+0530	DEBUG	kafka/producer.go:48	published candle	{"symbol": "ICICIBANK", "topic": "candles.1m", "time": "2025-12-08T10:44:00.000+0530"}
2025-12-08T11:12:38.313+0530	DEBUG	kafka/producer.go:48	published candle	{"symbol": "INFY", "topic": "candles.1m", "time": "2025-12-08T10:44:00.000+0530"}
2025-12-08T11:12:38.324+0530	DEBUG	kafka/producer.go:48	published candle	{"symbol": "HDFCLIFE", "topic": "candles.1m", "time": "2025-12-08T10:44:00.000+0530"}
2025-12-08T11:12:38.336+0530	DEBUG	kafka/producer.go:48	published candle	{"symbol": "WIPRO", "topic": "candles.1m", "time": "2025-12-08T10:44:00.000+0530"}
2025-12-08T11:12:38.347+0530	DEBUG	kafka/producer.go:48	published candle	{"symbol": "AXISBANK", "topic": "candles.1m", "time": "2025-12-08T10:44:00.000+0530"}
2025-12-08T11:12:38.360+0530	DEBUG	kafka/producer.go:48	published candle	{"symbol": "HDFCBANK", "topic": "candles.1m", "time": "2025-12-08T10:44:00.000+0530"}
2025-12-08T11:12:38.372+0530	DEBUG	kafka/producer.go:48	published candle	{"symbol": "BEL", "topic": "candles.1m", "time": "2025-12-08T10:44:00.000+0530"}
2025-12-08T11:12:38.384+0530	DEBUG	kafka/producer.go:48	published candle	{"symbol": "ZOMATO", "topic": "candles.1m", "time": "2025-12-08T10:44:00.000+0530"}
2025-12-08T11:12:38.396+0530	DEBUG	kafka/producer.go:48	published candle	{"symbol": "TCS", "topic": "candles.1m", "time": "2025-12-08T10:44:00.000+0530"}
2025-12-08T11:12:38.407+0530	DEBUG	kafka/producer.go:48	published candle	{"symbol": "SBILIFE", "topic": "candles.1m", "time": "2025-12-08T10:44:00.000+0530"}
2025-12-08T11:12:38.419+0530	DEBUG	kafka/producer.go:48	published candle	{"symbol": "TATASTEEL", "topic": "candles.1m", "time": "2025-12-08T10:44:00.000+0530"}
2025-12-08T11:12:38.430+0530	DEBUG	kafka/producer.go:48	published candle	{"symbol": "LT", "topic": "candles.1m", "time": "2025-12-08T10:44:00.000+0530"}
2025-12-08T11:12:38.442+0530	DEBUG	kafka/producer.go:48	published candle	{"symbol": "APOLLOHOSP", "topic": "candles.1m", "time": "2025-12-08T10:44:00.000+0530"}
2025-12-08T11:12:38.454+0530	DEBUG	kafka/producer.go:48	published candle	{"symbol": "JSWSTEEL", "topic": "candles.1m", "time": "2025-12-08T10:44:00.000+0530"}
2025-12-08T11:12:38.466+0530	DEBUG	kafka/producer.go:48	published candle	{"symbol": "EICHERMOT", "topic": "candles.1m", "time": "2025-12-08T10:44:00.000+0530"}
2025-12-08T11:12:38.477+0530	DEBUG	kafka/producer.go:48	published candle	{"symbol": "HCLTECH", "topic": "candles.1m", "time": "2025-12-08T10:44:00.000+0530"}
2025-12-08T11:12:38.489+0530	DEBUG	kafka/producer.go:48	published candle	{"symbol": "HEROMOTOCO", "topic": "candles.1m", "time": "2025-12-08T10:44:00.000+0530"}
2025-12-08T11:12:38.500+0530	DEBUG	kafka/producer.go:48	published candle	{"symbol": "SHRIRAMFIN", "topic": "candles.1m", "time": "2025-12-08T10:44:00.000+0530"}
2025-12-08T11:12:38.511+0530	DEBUG	kafka/producer.go:48	published candle	{"symbol": "ADANIPORTS", "topic": "candles.1m", "time": "2025-12-08T10:44:00.000+0530"}
2025-12-08T11:12:38.522+0530	DEBUG	kafka/producer.go:48	published candle	{"symbol": "TECHM", "topic": "candles.1m", "time": "2025-12-08T10:44:00.000+0530"}
2025-12-08T11:12:38.533+0530	DEBUG	kafka/producer.go:48	published candle	{"symbol": "TRENT", "topic": "candles.1m", "time": "2025-12-08T10:44:00.000+0530"}
2025-12-08T11:12:38.545+0530	DEBUG	kafka/producer.go:48	published candle	{"symbol": "ADANIENT", "topic": "candles.1m", "time": "2025-12-08T10:44:00.000+0530"}
2025-12-08T11:12:38.556+0530	DEBUG	kafka/producer.go:48	published candle	{"symbol": "GRASIM", "topic": "candles.1m", "time": "2025-12-08T10:44:00.000+0530"}
2025-12-08T11:12:38.566+0530	DEBUG	kafka/producer.go:48	published candle	{"symbol": "NESTLEIND", "topic": "candles.1m", "time": "2025-12-08T10:44:00.000+0530"}
2025-12-08T11:12:38.578+0530	DEBUG	kafka/producer.go:48	published candle	{"symbol": "NTPC", "topic": "candles.1m", "time": "2025-12-08T10:44:00.000+0530"}
2025-12-08T11:12:38.588+0530	DEBUG	kafka/producer.go:48	published candle	{"symbol": "POWERGRID", "topic": "candles.1m", "time": "2025-12-08T10:44:00.000+0530"}
2025-12-08T11:12:38.600+0530	DEBUG	kafka/producer.go:48	published candle	{"symbol": "TATAMOTORS", "topic": "candles.1m", "time": "2025-12-08T10:44:00.000+0530"}
2025-12-08T11:12:38.611+0530	DEBUG	kafka/producer.go:48	published candle	{"symbol": "BAJFINANCE", "topic": "candles.1m", "time": "2025-12-08T10:44:00.000+0530"}
2025-12-08T11:12:38.622+0530	DEBUG	kafka/producer.go:48	published candle	{"symbol": "M&M", "topic": "candles.1m", "time": "2025-12-08T10:44:00.000+0530"}
2025-12-08T11:12:38.633+0530	DEBUG	kafka/producer.go:48	published candle	{"symbol": "ONGC", "topic": "candles.1m", "time": "2025-12-08T10:44:00.000+0530"}
2025-12-08T11:12:38.644+0530	DEBUG	kafka/producer.go:48	published candle	{"symbol": "SUNPHARMA", "topic": "candles.1m", "time": "2025-12-08T10:44:00.000+0530"}
2025-12-08T11:12:38.655+0530	DEBUG	kafka/producer.go:48	published candle	{"symbol": "CIPLA", "topic": "candles.1m", "time": "2025-12-08T10:44:00.000+0530"}
2025-12-08T11:12:38.666+0530	DEBUG	kafka/producer.go:48	published candle	{"symbol": "BHARTIARTL", "topic": "candles.1m", "time": "2025-12-08T10:44:00.000+0530"}
2025-12-08T11:12:38.678+0530	DEBUG	kafka/producer.go:48	published candle	{"symbol": "MARUTI", "topic": "candles.1m", "time": "2025-12-08T10:44:00.000+0530"}
2025-12-08T11:12:38.689+0530	DEBUG	kafka/producer.go:48	published candle	{"symbol": "ITC", "topic": "candles.1m", "time": "2025-12-08T10:44:00.000+0530"}
2025-12-08T11:12:38.700+0530	DEBUG	kafka/producer.go:48	published candle	{"symbol": "HINDALCO", "topic": "candles.1m", "time": "2025-12-08T10:44:00.000+0530"}
2025-12-08T11:12:38.711+0530	DEBUG	kafka/producer.go:48	published candle	{"symbol": "JIOFIN", "topic": "candles.1m", "time": "2025-12-08T10:44:00.000+0530"}
2025-12-08T11:12:38.722+0530	DEBUG	kafka/producer.go:48	published candle	{"symbol": "BAJAJFINSV", "topic": "candles.1m", "time": "2025-12-08T10:44:00.000+0530"}
2025-12-08T11:12:38.733+0530	DEBUG	kafka/producer.go:48	published candle	{"symbol": "ASIANPAINT", "topic": "candles.1m", "time": "2025-12-08T10:44:00.000+0530"}
2025-12-08T11:12:38.744+0530	DEBUG	kafka/producer.go:48	published candle	{"symbol": "DRREDDY", "topic": "candles.1m", "time": "2025-12-08T10:44:00.000+0530"}
2025-12-08T11:12:38.755+0530	DEBUG	kafka/producer.go:48	published candle	{"symbol": "KOTAKBANK", "topic": "candles.1m", "time": "2025-12-08T10:44:00.000+0530"}
2025-12-08T11:12:38.766+0530	DEBUG	kafka/producer.go:48	published candle	{"symbol": "ULTRACEMCO", "topic": "candles.1m", "time": "2025-12-08T10:44:00.000+0530"}
2025-12-08T11:12:38.778+0530	DEBUG	kafka/producer.go:48	published candle	{"symbol": "BAJAJ", "topic": "candles.1m", "time": "2025-12-08T10:44:00.000+0530"}
2025-12-08T11:12:38.789+0530	DEBUG	kafka/producer.go:48	published candle	{"symbol": "COALINDIA", "topic": "candles.1m", "time": "2025-12-08T10:44:00.000+0530"}
2025-12-08T11:12:38.800+0530	DEBUG	kafka/producer.go:48	published candle	{"symbol": "TITAN", "topic": "candles.1m", "time": "2025-12-08T10:44:00.000+0530"}
2025-12-08T11:12:38.811+0530	DEBUG	kafka/producer.go:48	published candle	{"symbol": "INDUSINDBK", "topic": "candles.1m", "time": "2025-12-08T10:44:00.000+0530"}
2025-12-08T11:12:38.823+0530	DEBUG	kafka/producer.go:48	published candle	{"symbol": "TATACONSUM", "topic": "candles.1m", "time": "2025-12-08T10:44:00.000+0530"}
2025-12-08T11:35:53.441+0530	DEBUG	kafka/producer.go:48	published candle	{"symbol": "BAJAJFINSV", "topic": "candles.1m", "time": "2025-12-08T10:45:00.000+0530"}
2025-12-08T11:35:53.453+0530	DEBUG	kafka/producer.go:48	published candle	{"symbol": "COALINDIA", "topic": "candles.1m", "time": "2025-12-08T10:45:00.000+0530"}
2025-12-08T11:35:53.464+0530	DEBUG	kafka/producer.go:48	published candle	{"symbol": "ITC", "topic": "candles.1m", "time": "2025-12-08T10:45:00.000+0530"}
2025-12-08T11:35:53.475+0530	DEBUG	kafka/producer.go:48	published candle	{"symbol": "SBIN", "topic": "candles.1m", "time": "2025-12-08T10:45:00.000+0530"}
2025-12-08T11:35:53.486+0530	DEBUG	kafka/producer.go:48	published candle	{"symbol": "M&M", "topic": "candles.1m", "time": "2025-12-08T10:45:00.000+0530"}
2025-12-08T11:35:53.497+0530	DEBUG	kafka/producer.go:48	published candle	{"symbol": "APOLLOHOSP", "topic": "candles.1m", "time": "2025-12-08T10:45:00.000+0530"}
2025-12-08T11:35:53.509+0530	DEBUG	kafka/producer.go:48	published candle	{"symbol": "ASIANPAINT", "topic": "candles.1m", "time": "2025-12-08T10:45:00.000+0530"}
2025-12-08T11:35:53.520+0530	DEBUG	kafka/producer.go:48	published candle	{"symbol": "HDFCBANK", "topic": "candles.1m", "time": "2025-12-08T10:45:00.000+0530"}
2025-12-08T11:35:53.532+0530	DEBUG	kafka/producer.go:48	published candle	{"symbol": "TATACONSUM", "topic": "candles.1m", "time": "2025-12-08T10:45:00.000+0530"}
2025-12-08T11:35:53.544+0530	DEBUG	kafka/producer.go:48	published candle	{"symbol": "EICHERMOT", "topic": "candles.1m", "time": "2025-12-08T10:45:00.000+0530"}
2025-12-08T11:35:53.555+0530	DEBUG	kafka/producer.go:48	published candle	{"symbol": "INDUSINDBK", "topic": "candles.1m", "time": "2025-12-08T10:45:00.000+0530"}
2025-12-08T11:35:53.567+0530	DEBUG	kafka/producer.go:48	published candle	{"symbol": "BAJFINANCE", "topic": "candles.1m", "time": "2025-12-08T10:45:00.000+0530"}
2025-12-08T11:35:53.579+0530	DEBUG	kafka/producer.go:48	published candle	{"symbol": "ICICIBANK", "topic": "candles.1m", "time": "2025-12-08T10:45:00.000+0530"}
2025-12-08T11:35:53.591+0530	DEBUG	kafka/producer.go:48	published candle	{"symbol": "NESTLEIND", "topic": "candles.1m", "time": "2025-12-08T10:45:00.000+0530"}
2025-12-08T11:35:53.602+0530	DEBUG	kafka/producer.go:48	published candle	{"symbol": "POWERGRID", "topic": "candles.1m", "time": "2025-12-08T10:45:00.000+0530"}
2025-12-08T11:35:53.613+0530	DEBUG	kafka/producer.go:48	published candle	{"symbol": "JIOFIN", "topic": "candles.1m", "time": "2025-12-08T10:45:00.000+0530"}
2025-12-08T11:35:53.624+0530	DEBUG	kafka/producer.go:48	published candle	{"symbol": "INFY", "topic": "candles.1m", "time": "2025-12-08T10:45:00.000+0530"}
2025-12-08T11:35:53.639+0530	DEBUG	kafka/producer.go:48	published candle	{"symbol": "HINDUNILVR", "topic": "candles.1m", "time": "2025-12-08T10:45:00.000+0530"}
2025-12-08T11:35:53.654+0530	DEBUG	kafka/producer.go:48	published candle	{"symbol": "DRREDDY", "topic": "candles.1m", "time": "2025-12-08T10:45:00.000+0530"}
2025-12-08T11:35:53.668+0530	DEBUG	kafka/producer.go:48	published candle	{"symbol": "HEROMOTOCO", "topic": "candles.1m", "time": "2025-12-08T10:45:00.000+0530"}
2025-12-08T11:35:53.680+0530	DEBUG	kafka/producer.go:48	published candle	{"symbol": "TECHM", "topic": "candles.1m", "time": "2025-12-08T10:45:00.000+0530"}
2025-12-08T11:35:53.691+0530	DEBUG	kafka/producer.go:48	published candle	{"symbol": "ONGC", "topic": "candles.1m", "time": "2025-12-08T10:45:00.000+0530"}
2025-12-08T11:35:53.703+0530	DEBUG	kafka/producer.go:48	published candle	{"symbol": "NTPC", "topic": "candles.1m", "time": "2025-12-08T10:45:00.000+0530"}
2025-12-08T11:35:53.713+0530	DEBUG	kafka/producer.go:48	published candle	{"symbol": "AXISBANK", "topic": "candles.1m", "time": "2025-12-08T10:45:00.000+0530"}
2025-12-08T11:35:53.724+0530	DEBUG	kafka/producer.go:48	published candle	{"symbol": "ADANIENT", "topic": "candles.1m", "time": "2025-12-08T10:45:00.000+0530"}
2025-12-08T11:35:53.736+0530	DEBUG	kafka/producer.go:48	published candle	{"symbol": "LT", "topic": "candles.1m", "time": "2025-12-08T10:45:00.000+0530"}
2025-12-08T11:35:53.747+0530	DEBUG	kafka/producer.go:48	published candle	{"symbol": "HINDALCO", "topic": "candles.1m", "time": "2025-12-08T10:45:00.000+0530"}
2025-12-08T11:35:53.759+0530	DEBUG	kafka/producer.go:48	published candle	{"symbol": "ADANIPORTS", "topic": "candles.1m", "time": "2025-12-08T10:45:00.000+0530"}
2025-12-08T11:35:53.770+0530	DEBUG	kafka/producer.go:48	published candle	{"symbol": "CIPLA", "topic": "candles.1m", "time": "2025-12-08T10:45:00.000+0530"}
2025-12-08T11:35:53.781+0530	DEBUG	kafka/producer.go:48	published candle	{"symbol": "JSWSTEEL", "topic": "candles.1m", "time": "2025-12-08T10:45:00.000+0530"}
2025-12-08T11:35:53.792+0530	DEBUG	kafka/producer.go:48	published candle	{"symbol": "MARUTI", "topic": "candles.1m", "time": "2025-12-08T10:45:00.000+0530"}
2025-12-08T11:35:53.804+0530	DEBUG	kafka/producer.go:48	published candle	{"symbol": "RELIANCE", "topic": "candles.1m", "time": "2025-12-08T10:45:00.000+0530"}
2025-12-08T11:35:53.815+0530	DEBUG	kafka/producer.go:48	published candle	{"symbol": "TATAMOTORS", "topic": "candles.1m", "time": "2025-12-08T10:45:00.000+0530"}
2025-12-08T11:35:53.826+0530	DEBUG	kafka/producer.go:48	published candle	{"symbol": "TATASTEEL", "topic": "candles.1m", "time": "2025-12-08T10:45:00.000+0530"}
2025-12-08T11:35:53.837+0530	DEBUG	kafka/producer.go:48	published candle	{"symbol": "GRASIM", "topic": "candles.1m", "time": "2025-12-08T10:45:00.000+0530"}
2025-12-08T11:35:53.848+0530	DEBUG	kafka/producer.go:48	published candle	{"symbol": "SHRIRAMFIN", "topic": "candles.1m", "time": "2025-12-08T10:45:00.000+0530"}
2025-12-08T11:35:53.859+0530	DEBUG	kafka/producer.go:48	published candle	{"symbol": "ZOMATO", "topic": "candles.1m", "time": "2025-12-08T10:45:00.000+0530"}
2025-12-08T11:35:53.870+0530	DEBUG	kafka/producer.go:48	published candle	{"symbol": "SUNPHARMA", "topic": "candles.1m", "time": "2025-12-08T10:45:00.000+0530"}
2025-12-08T11:35:53.881+0530	DEBUG	kafka/producer.go:48	published candle	{"symbol": "BEL", "topic": "candles.1m", "time": "2025-12-08T10:45:00.000+0530"}
2025-12-08T11:35:53.893+0530	DEBUG	kafka/producer.go:48	published candle	{"symbol": "TCS", "topic": "candles.1m", "time": "2025-12-08T10:45:00.000+0530"}
2025-12-08T11:35:53.905+0530	DEBUG	kafka/producer.go:48	published candle	{"symbol": "TRENT", "topic": "candles.1m", "time": "2025-12-08T10:45:00.000+0530"}
2025-12-08T11:35:53.916+0530	DEBUG	kafka/producer.go:48	published candle	{"symbol": "BHARTIARTL", "topic": "candles.1m", "time": "2025-12-08T10:45:00.000+0530"}
2025-12-08T11:35:53.927+0530	DEBUG	kafka/producer.go:48	published candle	{"symbol": "HDFCLIFE", "topic": "candles.1m", "time": "2025-12-08T10:45:00.000+0530"}
2025-12-08T11:35:53.939+0530	DEBUG	kafka/producer.go:48	published candle	{"symbol": "SBILIFE", "topic": "candles.1m", "time": "2025-12-08T10:45:00.000+0530"}
2025-12-08T11:35:53.950+0530	DEBUG	kafka/producer.go:48	published candle	{"symbol": "HCLTECH", "topic": "candles.1m", "time": "2025-12-08T10:45:00.000+0530"}
2025-12-08T11:35:53.962+0530	DEBUG	kafka/producer.go:48	published candle	{"symbol": "WIPRO", "topic": "candles.1m", "time": "2025-12-08T10:45:00.000+0530"}
2025-12-08T11:35:53.973+0530	DEBUG	kafka/producer.go:48	published candle	{"symbol": "ULTRACEMCO", "topic": "candles.1m", "time": "2025-12-08T10:45:00.000+0530"}
2025-12-08T11:35:53.985+0530	DEBUG	kafka/producer.go:48	published candle	{"symbol": "BAJAJ", "topic": "candles.1m", "time": "2025-12-08T10:45:00.000+0530"}
2025-12-08T11:35:53.996+0530	DEBUG	kafka/producer.go:48	published candle	{"symbol": "KOTAKBANK", "topic": "candles.1m", "time": "2025-12-08T10:45:00.000+0530"}
2025-12-08T11:35:54.008+0530	DEBUG	kafka/producer.go:48	published candle	{"symbol": "TITAN", "topic": "candles.1m", "time": "2025-12-08T10:45:00.000+0530"}
2025-12-08T11:36:00.036+0530	DEBUG	kafka/producer.go:48	published candle	{"symbol": "BEL", "topic": "candles.1m", "time": "2025-12-08T11:35:00.000+0530"}
2025-12-08T11:36:00.048+0530	DEBUG	kafka/producer.go:48	published candle	{"symbol": "SBILIFE", "topic": "candles.1m", "time": "2025-12-08T11:35:00.000+0530"}
2025-12-08T11:36:00.059+0530	DEBUG	kafka/producer.go:48	published candle	{"symbol": "APOLLOHOSP", "topic": "candles.1m", "time": "2025-12-08T11:35:00.000+0530"}
2025-12-08T11:36:00.241+0530	DEBUG	kafka/producer.go:48	published candle	{"symbol": "ONGC", "topic": "candles.1m", "time": "2025-12-08T11:35:00.000+0530"}
2025-12-08T11:36:00.253+0530	DEBUG	kafka/producer.go:48	published candle	{"symbol": "POWERGRID", "topic": "candles.1m", "time": "2025-12-08T11:35:00.000+0530"}
2025-12-08T11:36:00.335+0530	DEBUG	kafka/producer.go:48	published candle	{"symbol": "KOTAKBANK", "topic": "candles.1m", "time": "2025-12-08T11:35:00.000+0530"}
2025-12-08T11:36:00.347+0530	DEBUG	kafka/producer.go:48	published candle	{"symbol": "RELIANCE", "topic": "candles.1m", "time": "2025-12-08T11:35:00.000+0530"}
2025-12-08T11:36:00.359+0530	DEBUG	kafka/producer.go:48	published candle	{"symbol": "TCS", "topic": "candles.1m", "time": "2025-12-08T11:35:00.000+0530"}
2025-12-08T11:36:00.371+0530	DEBUG	kafka/producer.go:48	published candle	{"symbol": "HDFCBANK", "topic": "candles.1m", "time": "2025-12-08T11:35:00.000+0530"}
2025-12-08T11:36:00.434+0530	DEBUG	kafka/producer.go:48	published candle	{"symbol": "HINDALCO", "topic": "candles.1m", "time": "2025-12-08T11:35:00.000+0530"}
2025-12-08T11:36:00.446+0530	DEBUG	kafka/producer.go:48	published candle	{"symbol": "HEROMOTOCO", "topic": "candles.1m", "time": "2025-12-08T11:35:00.000+0530"}
2025-12-08T11:36:00.458+0530	DEBUG	kafka/producer.go:48	published candle	{"symbol": "SHRIRAMFIN", "topic": "candles.1m", "time": "2025-12-08T11:35:00.000+0530"}
2025-12-08T11:36:00.470+0530	DEBUG	kafka/producer.go:48	published candle	{"symbol": "WIPRO", "topic": "candles.1m", "time": "2025-12-08T11:35:00.000+0530"}
2025-12-08T11:36:00.482+0530	DEBUG	kafka/producer.go:48	published candle	{"symbol": "ADANIPORTS", "topic": "candles.1m", "time": "2025-12-08T11:35:00.000+0530"}
2025-12-08T11:36:00.493+0530	DEBUG	kafka/producer.go:48	published candle	{"symbol": "GRASIM", "topic": "candles.1m", "time": "2025-12-08T11:35:00.000+0530"}
2025-12-08T11:36:00.550+0530	DEBUG	kafka/producer.go:48	published candle	{"symbol": "JSWSTEEL", "topic": "candles.1m", "time": "2025-12-08T11:35:00.000+0530"}
2025-12-08T11:36:00.739+0530	DEBUG	kafka/producer.go:48	published candle	{"symbol": "TITAN", "topic": "candles.1m", "time": "2025-12-08T11:35:00.000+0530"}
2025-12-08T11:36:00.753+0530	DEBUG	kafka/producer.go:48	published candle	{"symbol": "SBIN", "topic": "candles.1m", "time": "2025-12-08T11:35:00.000+0530"}
2025-12-08T11:36:00.848+0530	DEBUG	kafka/producer.go:48	published candle	{"symbol": "ICICIBANK", "topic": "candles.1m", "time": "2025-12-08T11:35:00.000+0530"}
2025-12-08T11:36:00.860+0530	DEBUG	kafka/producer.go:48	published candle	{"symbol": "INFY", "topic": "candles.1m", "time": "2025-12-08T11:35:00.000+0530"}
2025-12-08T11:36:00.872+0530	DEBUG	kafka/producer.go:48	published candle	{"symbol": "BHARTIARTL", "topic": "candles.1m", "time": "2025-12-08T11:35:00.000+0530"}
2025-12-08T11:36:00.884+0530	DEBUG	kafka/producer.go:48	published candle	{"symbol": "ZOMATO", "topic": "candles.1m", "time": "2025-12-08T11:35:00.000+0530"}
2025-12-08T11:36:00.896+0530	DEBUG	kafka/producer.go:48	published candle	{"symbol": "M&M", "topic": "candles.1m", "time": "2025-12-08T11:35:00.000+0530"}
2025-12-08T11:36:00.939+0530	DEBUG	kafka/producer.go:48	published candle	{"symbol": "TRENT", "topic": "candles.1m", "time": "2025-12-08T11:35:00.000+0530"}
2025-12-08T11:36:00.949+0530	DEBUG	kafka/producer.go:48	published candle	{"symbol": "LT", "topic": "candles.1m", "time": "2025-12-08T11:35:00.000+0530"}
2025-12-08T11:36:00.961+0530	DEBUG	kafka/producer.go:48	published candle	{"symbol": "INDUSINDBK", "topic": "candles.1m", "time": "2025-12-08T11:35:00.000+0530"}
2025-12-08T11:36:00.973+0530	DEBUG	kafka/producer.go:48	published candle	{"symbol": "TATAMOTORS", "topic": "candles.1m", "time": "2025-12-08T11:35:00.000+0530"}
2025-12-08T11:36:00.984+0530	DEBUG	kafka/producer.go:48	published candle	{"symbol": "NESTLEIND", "topic": "candles.1m", "time": "2025-12-08T11:35:00.000+0530"}
2025-12-08T11:36:01.976+0530	DEBUG	kafka/producer.go:48	published candle	{"symbol": "NTPC", "topic": "candles.1m", "time": "2025-12-08T11:35:00.000+0530"}
2025-12-08T11:36:01.987+0530	DEBUG	kafka/producer.go:48	published candle	{"symbol": "ADANIENT", "topic": "candles.1m", "time": "2025-12-08T11:35:00.000+0530"}
2025-12-08T11:36:02.000+0530	DEBUG	kafka/producer.go:48	published candle	{"symbol": "AXISBANK", "topic": "candles.1m", "time": "2025-12-08T11:35:00.000+0530"}
2025-12-08T11:36:02.011+0530	DEBUG	kafka/producer.go:48	published candle	{"symbol": "TATASTEEL", "topic": "candles.1m", "time": "2025-12-08T11:35:00.000+0530"}
2025-12-08T11:36:02.023+0530	DEBUG	kafka/producer.go:48	published candle	{"symbol": "BAJFINANCE", "topic": "candles.1m", "time": "2025-12-08T11:35:00.000+0530"}
2025-12-08T11:36:02.034+0530	DEBUG	kafka/producer.go:48	published candle	{"symbol": "SUNPHARMA", "topic": "candles.1m", "time": "2025-12-08T11:35:00.000+0530"}
2025-12-08T11:36:02.045+0530	DEBUG	kafka/producer.go:48	published candle	{"symbol": "COALINDIA", "topic": "candles.1m", "time": "2025-12-08T11:35:00.000+0530"}
2025-12-08T11:36:02.056+0530	DEBUG	kafka/producer.go:48	published candle	{"symbol": "CIPLA", "topic": "candles.1m", "time": "2025-12-08T11:35:00.000+0530"}
2025-12-08T11:36:02.068+0530	DEBUG	kafka/producer.go:48	published candle	{"symbol": "TECHM", "topic": "candles.1m", "time": "2025-12-08T11:35:00.000+0530"}
2025-12-08T11:36:02.078+0530	DEBUG	kafka/producer.go:48	published candle	{"symbol": "MARUTI", "topic": "candles.1m", "time": "2025-12-08T11:35:00.000+0530"}
2025-12-08T11:36:02.090+0530	DEBUG	kafka/producer.go:48	published candle	{"symbol": "ITC", "topic": "candles.1m", "time": "2025-12-08T11:35:00.000+0530"}
2025-12-08T11:36:02.101+0530	DEBUG	kafka/producer.go:48	published candle	{"symbol": "JIOFIN", "topic": "candles.1m", "time": "2025-12-08T11:35:00.000+0530"}
2025-12-08T11:36:02.111+0530	DEBUG	kafka/producer.go:48	published candle	{"symbol": "HDFCLIFE", "topic": "candles.1m", "time": "2025-12-08T11:35:00.000+0530"}
2025-12-08T11:36:02.123+0530	DEBUG	kafka/producer.go:48	published candle	{"symbol": "DRREDDY", "topic": "candles.1m", "time": "2025-12-08T11:35:00.000+0530"}
2025-12-08T11:36:02.134+0530	DEBUG	kafka/producer.go:48	published candle	{"symbol": "HINDUNILVR", "topic": "candles.1m", "time": "2025-12-08T11:35:00.000+0530"}
2025-12-08T11:36:02.339+0530	DEBUG	kafka/producer.go:48	published candle	{"symbol": "TATACONSUM", "topic": "candles.1m", "time": "2025-12-08T11:35:00.000+0530"}
2025-12-08T11:36:02.746+0530	DEBUG	kafka/producer.go:48	published candle	{"symbol": "BAJAJ", "topic": "candles.1m", "time": "2025-12-08T11:35:00.000+0530"}
2025-12-08T11:36:02.952+0530	DEBUG	kafka/producer.go:48	published candle	{"symbol": "EICHERMOT", "topic": "candles.1m", "time": "2025-12-08T11:35:00.000+0530"}
2025-12-08T11:36:02.962+0530	DEBUG	kafka/producer.go:48	published candle	{"symbol": "HCLTECH", "topic": "candles.1m", "time": "2025-12-08T11:35:00.000+0530"}
2025-12-08T11:36:03.943+0530	DEBUG	kafka/producer.go:48	published candle	{"symbol": "BAJAJFINSV", "topic": "candles.1m", "time": "2025-12-08T11:35:00.000+0530"}
2025-12-08T11:36:03.980+0530	DEBUG	kafka/producer.go:48	published candle	{"symbol": "ASIANPAINT", "topic": "candles.1m", "time": "2025-12-08T11:35:00.000+0530"}
2025-12-08T11:36:04.343+0530	DEBUG	kafka/producer.go:48	published candle	{"symbol": "ULTRACEMCO", "topic": "candles.1m", "time": "2025-12-08T11:35:00.000+0530"}
2025-12-08T11:37:00.143+0530	DEBUG	kafka/producer.go:48	published candle	{"symbol": "APOLLOHOSP", "topic": "candles.1m", "time": "2025-12-08T11:36:00.000+0530"}
2025-12-08T11:37:00.155+0530	DEBUG	kafka/producer.go:48	published candle	{"symbol": "RELIANCE", "topic": "candles.1m", "time": "2025-12-08T11:36:00.000+0530"}
2025-12-08T11:37:00.166+0530	DEBUG	kafka/producer.go:48	published candle	{"symbol": "M&M", "topic": "candles.1m", "time": "2025-12-08T11:36:00.000+0530"}
2025-12-08T11:37:00.252+0530	DEBUG	kafka/producer.go:48	published candle	{"symbol": "ONGC", "topic": "candles.1m", "time": "2025-12-08T11:36:00.000+0530"}
2025-12-08T11:37:00.264+0530	DEBUG	kafka/producer.go:48	published candle	{"symbol": "LT", "topic": "candles.1m", "time": "2025-12-08T11:36:00.000+0530"}
2025-12-08T11:37:00.276+0530	DEBUG	kafka/producer.go:48	published candle	{"symbol": "KOTAKBANK", "topic": "candles.1m", "time": "2025-12-08T11:36:00.000+0530"}
2025-12-08T11:37:00.288+0530	DEBUG	kafka/producer.go:48	published candle	{"symbol": "HINDALCO", "topic": "candles.1m", "time": "2025-12-08T11:36:00.000+0530"}
2025-12-08T11:37:00.300+0530	DEBUG	kafka/producer.go:48	published candle	{"symbol": "TCS", "topic": "candles.1m", "time": "2025-12-08T11:36:00.000+0530"}
2025-12-08T11:37:00.347+0530	DEBUG	kafka/producer.go:48	published candle	{"symbol": "TITAN", "topic": "candles.1m", "time": "2025-12-08T11:36:00.000+0530"}
2025-12-08T11:37:00.358+0530	DEBUG	kafka/producer.go:48	published candle	{"symbol": "SBIN", "topic": "candles.1m", "time": "2025-12-08T11:36:00.000+0530"}
2025-12-08T11:37:00.370+0530	DEBUG	kafka/producer.go:48	published candle	{"symbol": "NESTLEIND", "topic": "candles.1m", "time": "2025-12-08T11:36:00.000+0530"}
2025-12-08T11:37:00.382+0530	DEBUG	kafka/producer.go:48	published candle	{"symbol": "NTPC", "topic": "candles.1m", "time": "2025-12-08T11:36:00.000+0530"}
2025-12-08T11:37:00.441+0530	DEBUG	kafka/producer.go:48	published candle	{"symbol": "ZOMATO", "topic": "candles.1m", "time": "2025-12-08T11:36:00.000+0530"}
2025-12-08T11:37:00.452+0530	DEBUG	kafka/producer.go:48	published candle	{"symbol": "INFY", "topic": "candles.1m", "time": "2025-12-08T11:36:00.000+0530"}
2025-12-08T11:37:00.464+0530	DEBUG	kafka/producer.go:48	published candle	{"symbol": "SHRIRAMFIN", "topic": "candles.1m", "time": "2025-12-08T11:36:00.000+0530"}
2025-12-08T11:37:00.543+0530	DEBUG	kafka/producer.go:48	published candle	{"symbol": "ADANIENT", "topic": "candles.1m", "time": "2025-12-08T11:36:00.000+0530"}
2025-12-08T11:37:00.555+0530	DEBUG	kafka/producer.go:48	published candle	{"symbol": "POWERGRID", "topic": "candles.1m", "time": "2025-12-08T11:36:00.000+0530"}
2025-12-08T11:37:00.567+0530	DEBUG	kafka/producer.go:48	published candle	{"symbol": "TATAMOTORS", "topic": "candles.1m", "time": "2025-12-08T11:36:00.000+0530"}
2025-12-08T11:37:00.644+0530	DEBUG	kafka/producer.go:48	published candle	{"symbol": "TRENT", "topic": "candles.1m", "time": "2025-12-08T11:36:00.000+0530"}
2025-12-08T11:37:00.656+0530	DEBUG	kafka/producer.go:48	published candle	{"symbol": "ICICIBANK", "topic": "candles.1m", "time": "2025-12-08T11:36:00.000+0530"}
2025-12-08T11:37:00.668+0530	DEBUG	kafka/producer.go:48	published candle	{"symbol": "BEL", "topic": "candles.1m", "time": "2025-12-08T11:36:00.000+0530"}
2025-12-08T11:37:00.680+0530	DEBUG	kafka/producer.go:48	published candle	{"symbol": "TATASTEEL", "topic": "candles.1m", "time": "2025-12-08T11:36:00.000+0530"}
2025-12-08T11:37:00.692+0530	DEBUG	kafka/producer.go:48	published candle	{"symbol": "BAJAJ", "topic": "candles.1m", "time": "2025-12-08T11:36:00.000+0530"}
2025-12-08T11:37:00.739+0530	DEBUG	kafka/producer.go:48	published candle	{"symbol": "AXISBANK", "topic": "candles.1m", "time": "2025-12-08T11:36:00.000+0530"}
2025-12-08T11:37:00.752+0530	DEBUG	kafka/producer.go:48	published candle	{"symbol": "INDUSINDBK", "topic": "candles.1m", "time": "2025-12-08T11:36:00.000+0530"}
2025-12-08T11:37:00.765+0530	DEBUG	kafka/producer.go:48	published candle	{"symbol": "WIPRO", "topic": "candles.1m", "time": "2025-12-08T11:36:00.000+0530"}
2025-12-08T11:37:00.839+0530	DEBUG	kafka/producer.go:48	published candle	{"symbol": "BHARTIARTL", "topic": "candles.1m", "time": "2025-12-08T11:36:00.000+0530"}
2025-12-08T11:37:00.850+0530	DEBUG	kafka/producer.go:48	published candle	{"symbol": "HDFCLIFE", "topic": "candles.1m", "time": "2025-12-08T11:36:00.000+0530"}
2025-12-08T11:37:00.862+0530	DEBUG	kafka/producer.go:48	published candle	{"symbol": "BAJFINANCE", "topic": "candles.1m", "time": "2025-12-08T11:36:00.000+0530"}
2025-12-08T11:37:00.975+0530	DEBUG	kafka/producer.go:48	published candle	{"symbol": "HEROMOTOCO", "topic": "candles.1m", "time": "2025-12-08T11:36:00.000+0530"}
2025-12-08T11:37:00.986+0530	DEBUG	kafka/producer.go:48	published candle	{"symbol": "GRASIM", "topic": "candles.1m", "time": "2025-12-08T11:36:00.000+0530"}
2025-12-08T11:37:01.042+0530	DEBUG	kafka/producer.go:48	published candle	{"symbol": "ADANIPORTS", "topic": "candles.1m", "time": "2025-12-08T11:36:00.000+0530"}
2025-12-08T11:37:01.143+0530	DEBUG	kafka/producer.go:48	published candle	{"symbol": "SUNPHARMA", "topic": "candles.1m", "time": "2025-12-08T11:36:00.000+0530"}
2025-12-08T11:37:01.243+0530	DEBUG	kafka/producer.go:48	published candle	{"symbol": "COALINDIA", "topic": "candles.1m", "time": "2025-12-08T11:36:00.000+0530"}
2025-12-08T11:37:01.343+0530	DEBUG	kafka/producer.go:48	published candle	{"symbol": "CIPLA", "topic": "candles.1m", "time": "2025-12-08T11:36:00.000+0530"}
2025-12-08T11:37:01.442+0530	DEBUG	kafka/producer.go:48	published candle	{"symbol": "TECHM", "topic": "candles.1m", "time": "2025-12-08T11:36:00.000+0530"}
2025-12-08T11:37:01.542+0530	DEBUG	kafka/producer.go:48	published candle	{"symbol": "MARUTI", "topic": "candles.1m", "time": "2025-12-08T11:36:00.000+0530"}
2025-12-08T11:37:01.554+0530	DEBUG	kafka/producer.go:48	published candle	{"symbol": "ITC", "topic": "candles.1m", "time": "2025-12-08T11:36:00.000+0530"}
2025-12-08T11:37:01.753+0530	DEBUG	kafka/producer.go:48	published candle	{"symbol": "JIOFIN", "topic": "candles.1m", "time": "2025-12-08T11:36:00.000+0530"}
2025-12-08T11:37:01.764+0530	DEBUG	kafka/producer.go:48	published candle	{"symbol": "BAJAJFINSV", "topic": "candles.1m", "time": "2025-12-08T11:36:00.000+0530"}
2025-12-08T11:37:01.845+0530	DEBUG	kafka/producer.go:48	published candle	{"symbol": "HDFCBANK", "topic": "candles.1m", "time": "2025-12-08T11:36:00.000+0530"}
2025-12-08T11:37:01.856+0530	DEBUG	kafka/producer.go:48	published candle	{"symbol": "ASIANPAINT", "topic": "candles.1m", "time": "2025-12-08T11:36:00.000+0530"}
2025-12-08T11:37:01.945+0530	DEBUG	kafka/producer.go:48	published candle	{"symbol": "DRREDDY", "topic": "candles.1m", "time": "2025-12-08T11:36:00.000+0530"}
2025-12-08T11:37:01.957+0530	DEBUG	kafka/producer.go:48	published candle	{"symbol": "HINDUNILVR", "topic": "candles.1m", "time": "2025-12-08T11:36:00.000+0530"}
2025-12-08T11:37:02.144+0530	DEBUG	kafka/producer.go:48	published candle	{"symbol": "SBILIFE", "topic": "candles.1m", "time": "2025-12-08T11:36:00.000+0530"}
2025-12-08T11:37:02.156+0530	DEBUG	kafka/producer.go:48	published candle	{"symbol": "ULTRACEMCO", "topic": "candles.1m", "time": "2025-12-08T11:36:00.000+0530"}
2025-12-08T11:37:02.168+0530	DEBUG	kafka/producer.go:48	published candle	{"symbol": "TATACONSUM", "topic": "candles.1m", "time": "2025-12-08T11:36:00.000+0530"}
2025-12-08T11:37:02.353+0530	DEBUG	kafka/producer.go:48	published candle	{"symbol": "EICHERMOT", "topic": "candles.1m", "time": "2025-12-08T11:36:00.000+0530"}
2025-12-08T11:37:02.365+0530	DEBUG	kafka/producer.go:48	published candle	{"symbol": "HCLTECH", "topic": "candles.1m", "time": "2025-12-08T11:36:00.000+0530"}
2025-12-08T11:37:02.994+0530	DEBUG	kafka/producer.go:48	published candle	{"symbol": "JSWSTEEL", "topic": "candles.1m", "time": "2025-12-08T11:36:00.000+0530"}
2025-12-08T11:38:00.115+0530	DEBUG	kafka/producer.go:48	published candle	{"symbol": "BHARTIARTL", "topic": "candles.1m", "time": "2025-12-08T11:37:00.000+0530"}
2025-12-08T11:38:00.127+0530	DEBUG	kafka/producer.go:48	published candle	{"symbol": "AXISBANK", "topic": "candles.1m", "time": "2025-12-08T11:37:00.000+0530"}
2025-12-08T11:38:00.223+0530	DEBUG	kafka/producer.go:48	published candle	{"symbol": "HDFCBANK", "topic": "candles.1m", "time": "2025-12-08T11:37:00.000+0530"}
2025-12-08T11:38:00.234+0530	DEBUG	kafka/producer.go:48	published candle	{"symbol": "NESTLEIND", "topic": "candles.1m", "time": "2025-12-08T11:37:00.000+0530"}
2025-12-08T11:38:00.313+0530	DEBUG	kafka/producer.go:48	published candle	{"symbol": "ONGC", "topic": "candles.1m", "time": "2025-12-08T11:37:00.000+0530"}
2025-12-08T11:38:00.325+0530	DEBUG	kafka/producer.go:48	published candle	{"symbol": "APOLLOHOSP", "topic": "candles.1m", "time": "2025-12-08T11:37:00.000+0530"}
2025-12-08T11:38:00.414+0530	DEBUG	kafka/producer.go:48	published candle	{"symbol": "WIPRO", "topic": "candles.1m", "time": "2025-12-08T11:37:00.000+0530"}
2025-12-08T11:38:00.513+0530	DEBUG	kafka/producer.go:48	published candle	{"symbol": "TRENT", "topic": "candles.1m", "time": "2025-12-08T11:37:00.000+0530"}
2025-12-08T11:38:00.524+0530	DEBUG	kafka/producer.go:48	published candle	{"symbol": "SBIN", "topic": "candles.1m", "time": "2025-12-08T11:37:00.000+0530"}
2025-12-08T11:38:00.536+0530	DEBUG	kafka/producer.go:48	published candle	{"symbol": "INDUSINDBK", "topic": "candles.1m", "time": "2025-12-08T11:37:00.000+0530"}
2025-12-08T11:38:00.610+0530	DEBUG	kafka/producer.go:48	published candle	{"symbol": "KOTAKBANK", "topic": "candles.1m", "time": "2025-12-08T11:37:00.000+0530"}
2025-12-08T11:38:00.622+0530	DEBUG	kafka/producer.go:48	published candle	{"symbol": "TITAN", "topic": "candles.1m", "time": "2025-12-08T11:37:00.000+0530"}
2025-12-08T11:38:00.633+0530	DEBUG	kafka/producer.go:48	published candle	{"symbol": "ADANIENT", "topic": "candles.1m", "time": "2025-12-08T11:37:00.000+0530"}
2025-12-08T11:38:00.645+0530	DEBUG	kafka/producer.go:48	published candle	{"symbol": "INFY", "topic": "candles.1m", "time": "2025-12-08T11:37:00.000+0530"}
2025-12-08T11:38:00.719+0530	DEBUG	kafka/producer.go:48	published candle	{"symbol": "POWERGRID", "topic": "candles.1m", "time": "2025-12-08T11:37:00.000+0530"}
2025-12-08T11:38:00.812+0530	DEBUG	kafka/producer.go:48	published candle	{"symbol": "ICICIBANK", "topic": "candles.1m", "time": "2025-12-08T11:37:00.000+0530"}
2025-12-08T11:38:00.823+0530	DEBUG	kafka/producer.go:48	published candle	{"symbol": "TECHM", "topic": "candles.1m", "time": "2025-12-08T11:37:00.000+0530"}
2025-12-08T11:38:00.921+0530	DEBUG	kafka/producer.go:48	published candle	{"symbol": "BEL", "topic": "candles.1m", "time": "2025-12-08T11:37:00.000+0530"}
2025-12-08T11:38:00.932+0530	DEBUG	kafka/producer.go:48	published candle	{"symbol": "HDFCLIFE", "topic": "candles.1m", "time": "2025-12-08T11:37:00.000+0530"}
2025-12-08T11:38:00.979+0530	DEBUG	kafka/producer.go:48	published candle	{"symbol": "NTPC", "topic": "candles.1m", "time": "2025-12-08T11:37:00.000+0530"}
2025-12-08T11:38:00.991+0530	DEBUG	kafka/producer.go:48	published candle	{"symbol": "RELIANCE", "topic": "candles.1m", "time": "2025-12-08T11:37:00.000+0530"}
2025-12-08T11:38:01.002+0530	DEBUG	kafka/producer.go:48	published candle	{"symbol": "TATAMOTORS", "topic": "candles.1m", "time": "2025-12-08T11:37:00.000+0530"}
2025-12-08T11:38:01.013+0530	DEBUG	kafka/producer.go:48	published candle	{"symbol": "TATASTEEL", "topic": "candles.1m", "time": "2025-12-08T11:37:00.000+0530"}
2025-12-08T11:38:01.025+0530	DEBUG	kafka/producer.go:48	published candle	{"symbol": "BAJFINANCE", "topic": "candles.1m", "time": "2025-12-08T11:37:00.000+0530"}
2025-12-08T11:38:01.036+0530	DEBUG	kafka/producer.go:48	published candle	{"symbol": "TCS", "topic": "candles.1m", "time": "2025-12-08T11:37:00.000+0530"}
2025-12-08T11:38:01.048+0530	DEBUG	kafka/producer.go:48	published candle	{"symbol": "ADANIPORTS", "topic": "candles.1m", "time": "2025-12-08T11:37:00.000+0530"}
2025-12-08T11:38:01.060+0530	DEBUG	kafka/producer.go:48	published candle	{"symbol": "LT", "topic": "candles.1m", "time": "2025-12-08T11:37:00.000+0530"}
2025-12-08T11:38:01.071+0530	DEBUG	kafka/producer.go:48	published candle	{"symbol": "SUNPHARMA", "topic": "candles.1m", "time": "2025-12-08T11:37:00.000+0530"}
2025-12-08T11:38:01.083+0530	DEBUG	kafka/producer.go:48	published candle	{"symbol": "COALINDIA", "topic": "candles.1m", "time": "2025-12-08T11:37:00.000+0530"}
2025-12-08T11:38:01.094+0530	DEBUG	kafka/producer.go:48	published candle	{"symbol": "ITC", "topic": "candles.1m", "time": "2025-12-08T11:37:00.000+0530"}
2025-12-08T11:38:01.105+0530	DEBUG	kafka/producer.go:48	published candle	{"symbol": "HINDALCO", "topic": "candles.1m", "time": "2025-12-08T11:37:00.000+0530"}
2025-12-08T11:38:01.117+0530	DEBUG	kafka/producer.go:48	published candle	{"symbol": "ZOMATO", "topic": "candles.1m", "time": "2025-12-08T11:37:00.000+0530"}
2025-12-08T11:38:01.129+0530	DEBUG	kafka/producer.go:48	published candle	{"symbol": "JIOFIN", "topic": "candles.1m", "time": "2025-12-08T11:37:00.000+0530"}
2025-12-08T11:38:01.141+0530	DEBUG	kafka/producer.go:48	published candle	{"symbol": "BAJAJFINSV", "topic": "candles.1m", "time": "2025-12-08T11:37:00.000+0530"}
2025-12-08T11:38:01.153+0530	DEBUG	kafka/producer.go:48	published candle	{"symbol": "ASIANPAINT", "topic": "candles.1m", "time": "2025-12-08T11:37:00.000+0530"}
2025-12-08T11:38:01.164+0530	DEBUG	kafka/producer.go:48	published candle	{"symbol": "DRREDDY", "topic": "candles.1m", "time": "2025-12-08T11:37:00.000+0530"}
2025-12-08T11:38:01.984+0530	DEBUG	kafka/producer.go:48	published candle	{"symbol": "SBILIFE", "topic": "candles.1m", "time": "2025-12-08T11:37:00.000+0530"}
2025-12-08T11:38:01.996+0530	DEBUG	kafka/producer.go:48	published candle	{"symbol": "ULTRACEMCO", "topic": "candles.1m", "time": "2025-12-08T11:37:00.000+0530"}
2025-12-08T11:38:02.007+0530	DEBUG	kafka/producer.go:48	published candle	{"symbol": "TATACONSUM", "topic": "candles.1m", "time": "2025-12-08T11:37:00.000+0530"}
2025-12-08T11:38:02.019+0530	DEBUG	kafka/producer.go:48	published candle	{"symbol": "HCLTECH", "topic": "candles.1m", "time": "2025-12-08T11:37:00.000+0530"}
2025-12-08T11:38:02.031+0530	DEBUG	kafka/producer.go:48	published candle	{"symbol": "HEROMOTOCO", "topic": "candles.1m", "time": "2025-12-08T11:37:00.000+0530"}
2025-12-08T11:38:02.042+0530	DEBUG	kafka/producer.go:48	published candle	{"symbol": "SHRIRAMFIN", "topic": "candles.1m", "time": "2025-12-08T11:37:00.000+0530"}
2025-12-08T11:38:02.223+0530	DEBUG	kafka/producer.go:48	published candle	{"symbol": "BAJAJ", "topic": "candles.1m", "time": "2025-12-08T11:37:00.000+0530"}
2025-12-08T11:38:02.512+0530	DEBUG	kafka/producer.go:48	published candle	{"symbol": "M&M", "topic": "candles.1m", "time": "2025-12-08T11:37:00.000+0530"}
2025-12-08T11:38:02.915+0530	DEBUG	kafka/producer.go:48	published candle	{"symbol": "CIPLA", "topic": "candles.1m", "time": "2025-12-08T11:37:00.000+0530"}
2025-12-08T11:38:02.996+0530	DEBUG	kafka/producer.go:48	published candle	{"symbol": "MARUTI", "topic": "candles.1m", "time": "2025-12-08T11:37:00.000+0530"}
2025-12-08T11:38:03.620+0530	DEBUG	kafka/producer.go:48	published candle	{"symbol": "HINDUNILVR", "topic": "candles.1m", "time": "2025-12-08T11:37:00.000+0530"}
2025-12-08T11:38:03.981+0530	DEBUG	kafka/producer.go:48	published candle	{"symbol": "JSWSTEEL", "topic": "candles.1m", "time": "2025-12-08T11:37:00.000+0530"}
2025-12-08T11:38:04.115+0530	DEBUG	kafka/producer.go:48	published candle	{"symbol": "EICHERMOT", "topic": "candles.1m", "time": "2025-12-08T11:37:00.000+0530"}
2025-12-08T11:38:05.014+0530	DEBUG	kafka/producer.go:48	published candle	{"symbol": "GRASIM", "topic": "candles.1m", "time": "2025-12-08T11:37:00.000+0530"}
2025-12-08T11:39:00.081+0530	DEBUG	kafka/producer.go:48	published candle	{"symbol": "AXISBANK", "topic": "candles.1m", "time": "2025-12-08T11:38:00.000+0530"}
2025-12-08T11:39:00.093+0530	DEBUG	kafka/producer.go:48	published candle	{"symbol": "ONGC", "topic": "candles.1m", "time": "2025-12-08T11:38:00.000+0530"}
2025-12-08T11:39:00.177+0530	DEBUG	kafka/producer.go:48	published candle	{"symbol": "WIPRO", "topic": "candles.1m", "time": "2025-12-08T11:38:00.000+0530"}
2025-12-08T11:39:00.189+0530	DEBUG	kafka/producer.go:48	published candle	{"symbol": "HINDALCO", "topic": "candles.1m", "time": "2025-12-08T11:38:00.000+0530"}
2025-12-08T11:39:00.200+0530	DEBUG	kafka/producer.go:48	published candle	{"symbol": "ZOMATO", "topic": "candles.1m", "time": "2025-12-08T11:38:00.000+0530"}
2025-12-08T11:39:00.211+0530	DEBUG	kafka/producer.go:48	published candle	{"symbol": "LT", "topic": "candles.1m", "time": "2025-12-08T11:38:00.000+0530"}
2025-12-08T11:39:00.223+0530	DEBUG	kafka/producer.go:48	published candle	{"symbol": "SUNPHARMA", "topic": "candles.1m", "time": "2025-12-08T11:38:00.000+0530"}
2025-12-08T11:39:00.287+0530	DEBUG	kafka/producer.go:48	published candle	{"symbol": "SBIN", "topic": "candles.1m", "time": "2025-12-08T11:38:00.000+0530"}
2025-12-08T11:39:00.299+0530	DEBUG	kafka/producer.go:48	published candle	{"symbol": "TRENT", "topic": "candles.1m", "time": "2025-12-08T11:38:00.000+0530"}
2025-12-08T11:39:00.379+0530	DEBUG	kafka/producer.go:48	published candle	{"symbol": "TITAN", "topic": "candles.1m", "time": "2025-12-08T11:38:00.000+0530"}
2025-12-08T11:39:00.391+0530	DEBUG	kafka/producer.go:48	published candle	{"symbol": "COALINDIA", "topic": "candles.1m", "time": "2025-12-08T11:38:00.000+0530"}
2025-12-08T11:39:00.477+0530	DEBUG	kafka/producer.go:48	published candle	{"symbol": "HDFCBANK", "topic": "candles.1m", "time": "2025-12-08T11:38:00.000+0530"}
2025-12-08T11:39:00.488+0530	DEBUG	kafka/producer.go:48	published candle	{"symbol": "INFY", "topic": "candles.1m", "time": "2025-12-08T11:38:00.000+0530"}
2025-12-08T11:39:00.500+0530	DEBUG	kafka/producer.go:48	published candle	{"symbol": "CIPLA", "topic": "candles.1m", "time": "2025-12-08T11:38:00.000+0530"}
2025-12-08T11:39:00.598+0530	DEBUG	kafka/producer.go:48	published candle	{"symbol": "ICICIBANK", "topic": "candles.1m", "time": "2025-12-08T11:38:00.000+0530"}
2025-12-08T11:39:00.609+0530	DEBUG	kafka/producer.go:48	published candle	{"symbol": "TCS", "topic": "candles.1m", "time": "2025-12-08T11:38:00.000+0530"}
2025-12-08T11:39:00.620+0530	DEBUG	kafka/producer.go:48	published candle	{"symbol": "TECHM", "topic": "candles.1m", "time": "2025-12-08T11:38:00.000+0530"}
2025-12-08T11:39:00.682+0530	DEBUG	kafka/producer.go:48	published candle	{"symbol": "TATACONSUM", "topic": "candles.1m", "time": "2025-12-08T11:38:00.000+0530"}
2025-12-08T11:39:00.694+0530	DEBUG	kafka/producer.go:48	published candle	{"symbol": "MARUTI", "topic": "candles.1m", "time": "2025-12-08T11:38:00.000+0530"}
2025-12-08T11:39:00.705+0530	DEBUG	kafka/producer.go:48	published candle	{"symbol": "ITC", "topic": "candles.1m", "time": "2025-12-08T11:38:00.000+0530"}
2025-12-08T11:39:00.784+0530	DEBUG	kafka/producer.go:48	published candle	{"symbol": "ADANIPORTS", "topic": "candles.1m", "time": "2025-12-08T11:38:00.000+0530"}
2025-12-08T11:39:00.795+0530	DEBUG	kafka/producer.go:48	published candle	{"symbol": "HINDUNILVR", "topic": "candles.1m", "time": "2025-12-08T11:38:00.000+0530"}
2025-12-08T11:39:00.806+0530	DEBUG	kafka/producer.go:48	published candle	{"symbol": "ADANIENT", "topic": "candles.1m", "time": "2025-12-08T11:38:00.000+0530"}
2025-12-08T11:39:00.818+0530	DEBUG	kafka/producer.go:48	published candle	{"symbol": "APOLLOHOSP", "topic": "candles.1m", "time": "2025-12-08T11:38:00.000+0530"}
2025-12-08T11:39:00.829+0530	DEBUG	kafka/producer.go:48	published candle	{"symbol": "POWERGRID", "topic": "candles.1m", "time": "2025-12-08T11:38:00.000+0530"}
2025-12-08T11:39:00.882+0530	DEBUG	kafka/producer.go:48	published candle	{"symbol": "BEL", "topic": "candles.1m", "time": "2025-12-08T11:38:00.000+0530"}
2025-12-08T11:39:00.893+0530	DEBUG	kafka/producer.go:48	published candle	{"symbol": "KOTAKBANK", "topic": "candles.1m", "time": "2025-12-08T11:38:00.000+0530"}
2025-12-08T11:39:00.977+0530	DEBUG	kafka/producer.go:48	published candle	{"symbol": "BHARTIARTL", "topic": "candles.1m", "time": "2025-12-08T11:38:00.000+0530"}
2025-12-08T11:39:00.988+0530	DEBUG	kafka/producer.go:48	published candle	{"symbol": "HDFCLIFE", "topic": "candles.1m", "time": "2025-12-08T11:38:00.000+0530"}
2025-12-08T11:39:00.999+0530	DEBUG	kafka/producer.go:48	published candle	{"symbol": "JIOFIN", "topic": "candles.1m", "time": "2025-12-08T11:38:00.000+0530"}
2025-12-08T11:39:01.011+0530	DEBUG	kafka/producer.go:48	published candle	{"symbol": "BAJAJFINSV", "topic": "candles.1m", "time": "2025-12-08T11:38:00.000+0530"}
2025-12-08T11:39:01.022+0530	DEBUG	kafka/producer.go:48	published candle	{"symbol": "NESTLEIND", "topic": "candles.1m", "time": "2025-12-08T11:38:00.000+0530"}
2025-12-08T11:39:01.034+0530	DEBUG	kafka/producer.go:48	published candle	{"symbol": "NTPC", "topic": "candles.1m", "time": "2025-12-08T11:38:00.000+0530"}
2025-12-08T11:39:01.045+0530	DEBUG	kafka/producer.go:48	published candle	{"symbol": "SHRIRAMFIN", "topic": "candles.1m", "time": "2025-12-08T11:38:00.000+0530"}
2025-12-08T11:39:01.057+0530	DEBUG	kafka/producer.go:48	published candle	{"symbol": "RELIANCE", "topic": "candles.1m", "time": "2025-12-08T11:38:00.000+0530"}
2025-12-08T11:39:01.068+0530	DEBUG	kafka/producer.go:48	published candle	{"symbol": "TATAMOTORS", "topic": "candles.1m", "time": "2025-12-08T11:38:00.000+0530"}
2025-12-08T11:39:01.081+0530	DEBUG	kafka/producer.go:48	published candle	{"symbol": "TATASTEEL", "topic": "candles.1m", "time": "2025-12-08T11:38:00.000+0530"}
2025-12-08T11:39:01.093+0530	DEBUG	kafka/producer.go:48	published candle	{"symbol": "BAJAJ", "topic": "candles.1m", "time": "2025-12-08T11:38:00.000+0530"}
2025-12-08T11:39:01.104+0530	DEBUG	kafka/producer.go:48	published candle	{"symbol": "BAJFINANCE", "topic": "candles.1m", "time": "2025-12-08T11:38:00.000+0530"}
2025-12-08T11:39:01.116+0530	DEBUG	kafka/producer.go:48	published candle	{"symbol": "M&M", "topic": "candles.1m", "time": "2025-12-08T11:38:00.000+0530"}
2025-12-08T11:39:01.127+0530	DEBUG	kafka/producer.go:48	published candle	{"symbol": "ASIANPAINT", "topic": "candles.1m", "time": "2025-12-08T11:38:00.000+0530"}
2025-12-08T11:39:01.138+0530	DEBUG	kafka/producer.go:48	published candle	{"symbol": "DRREDDY", "topic": "candles.1m", "time": "2025-12-08T11:38:00.000+0530"}
2025-12-08T11:39:01.150+0530	DEBUG	kafka/producer.go:48	published candle	{"symbol": "INDUSINDBK", "topic": "candles.1m", "time": "2025-12-08T11:38:00.000+0530"}
2025-12-08T11:39:01.286+0530	DEBUG	kafka/producer.go:48	published candle	{"symbol": "SBILIFE", "topic": "candles.1m", "time": "2025-12-08T11:38:00.000+0530"}
2025-12-08T11:39:01.297+0530	DEBUG	kafka/producer.go:48	published candle	{"symbol": "ULTRACEMCO", "topic": "candles.1m", "time": "2025-12-08T11:38:00.000+0530"}
2025-12-08T11:39:01.583+0530	DEBUG	kafka/producer.go:48	published candle	{"symbol": "EICHERMOT", "topic": "candles.1m", "time": "2025-12-08T11:38:00.000+0530"}
2025-12-08T11:39:01.595+0530	DEBUG	kafka/producer.go:48	published candle	{"symbol": "HCLTECH", "topic": "candles.1m", "time": "2025-12-08T11:38:00.000+0530"}
2025-12-08T11:39:01.606+0530	DEBUG	kafka/producer.go:48	published candle	{"symbol": "HEROMOTOCO", "topic": "candles.1m", "time": "2025-12-08T11:38:00.000+0530"}
2025-12-08T11:39:02.379+0530	DEBUG	kafka/producer.go:48	published candle	{"symbol": "GRASIM", "topic": "candles.1m", "time": "2025-12-08T11:38:00.000+0530"}
2025-12-08T11:39:02.484+0530	DEBUG	kafka/producer.go:48	published candle	{"symbol": "JSWSTEEL", "topic": "candles.1m", "time": "2025-12-08T11:38:00.000+0530"}
2025-12-08T11:40:00.061+0530	DEBUG	kafka/producer.go:48	published candle	{"symbol": "ICICIBANK", "topic": "candles.1m", "time": "2025-12-08T11:39:00.000+0530"}
2025-12-08T11:40:00.074+0530	DEBUG	kafka/producer.go:48	published candle	{"symbol": "TATAMOTORS", "topic": "candles.1m", "time": "2025-12-08T11:39:00.000+0530"}
2025-12-08T11:40:00.158+0530	DEBUG	kafka/producer.go:48	published candle	{"symbol": "RELIANCE", "topic": "candles.1m", "time": "2025-12-08T11:39:00.000+0530"}
2025-12-08T11:40:00.265+0530	DEBUG	kafka/producer.go:48	published candle	{"symbol": "TRENT", "topic": "candles.1m", "time": "2025-12-08T11:39:00.000+0530"}
2025-12-08T11:40:00.276+0530	DEBUG	kafka/producer.go:48	published candle	{"symbol": "SBIN", "topic": "candles.1m", "time": "2025-12-08T11:39:00.000+0530"}
2025-12-08T11:40:00.287+0530	DEBUG	kafka/producer.go:48	published candle	{"symbol": "TITAN", "topic": "candles.1m", "time": "2025-12-08T11:39:00.000+0530"}
2025-12-08T11:40:00.359+0530	DEBUG	kafka/producer.go:48	published candle	{"symbol": "ZOMATO", "topic": "candles.1m", "time": "2025-12-08T11:39:00.000+0530"}
2025-12-08T11:40:00.371+0530	DEBUG	kafka/producer.go:48	published candle	{"symbol": "LT", "topic": "candles.1m", "time": "2025-12-08T11:39:00.000+0530"}
2025-12-08T11:40:00.382+0530	DEBUG	kafka/producer.go:48	published candle	{"symbol": "NTPC", "topic": "candles.1m", "time": "2025-12-08T11:39:00.000+0530"}
2025-12-08T11:40:00.394+0530	DEBUG	kafka/producer.go:48	published candle	{"symbol": "SHRIRAMFIN", "topic": "candles.1m", "time": "2025-12-08T11:39:00.000+0530"}
2025-12-08T11:40:00.461+0530	DEBUG	kafka/producer.go:48	published candle	{"symbol": "HDFCBANK", "topic": "candles.1m", "time": "2025-12-08T11:39:00.000+0530"}
2025-12-08T11:40:00.472+0530	DEBUG	kafka/producer.go:48	published candle	{"symbol": "SUNPHARMA", "topic": "candles.1m", "time": "2025-12-08T11:39:00.000+0530"}
2025-12-08T11:40:00.484+0530	DEBUG	kafka/producer.go:48	published candle	{"symbol": "NESTLEIND", "topic": "candles.1m", "time": "2025-12-08T11:39:00.000+0530"}
2025-12-08T11:40:00.496+0530	DEBUG	kafka/producer.go:48	published candle	{"symbol": "POWERGRID", "topic": "candles.1m", "time": "2025-12-08T11:39:00.000+0530"}
2025-12-08T11:40:00.507+0530	DEBUG	kafka/producer.go:48	published candle	{"symbol": "TCS", "topic": "candles.1m", "time": "2025-12-08T11:39:00.000+0530"}
2025-12-08T11:40:00.561+0530	DEBUG	kafka/producer.go:48	published candle	{"symbol": "M&M", "topic": "candles.1m", "time": "2025-12-08T11:39:00.000+0530"}
2025-12-08T11:40:00.573+0530	DEBUG	kafka/producer.go:48	published candle	{"symbol": "ADANIENT", "topic": "candles.1m", "time": "2025-12-08T11:39:00.000+0530"}
2025-12-08T11:40:00.584+0530	DEBUG	kafka/producer.go:48	published candle	{"symbol": "AXISBANK", "topic": "candles.1m", "time": "2025-12-08T11:39:00.000+0530"}
2025-12-08T11:40:00.660+0530	DEBUG	kafka/producer.go:48	published candle	{"symbol": "TATASTEEL", "topic": "candles.1m", "time": "2025-12-08T11:39:00.000+0530"}
2025-12-08T11:40:00.672+0530	DEBUG	kafka/producer.go:48	published candle	{"symbol": "BAJAJ", "topic": "candles.1m", "time": "2025-12-08T11:39:00.000+0530"}
2025-12-08T11:40:00.765+0530	DEBUG	kafka/producer.go:48	published candle	{"symbol": "INFY", "topic": "candles.1m", "time": "2025-12-08T11:39:00.000+0530"}
2025-12-08T11:40:00.778+0530	DEBUG	kafka/producer.go:48	published candle	{"symbol": "WIPRO", "topic": "candles.1m", "time": "2025-12-08T11:39:00.000+0530"}
2025-12-08T11:40:00.790+0530	DEBUG	kafka/producer.go:48	published candle	{"symbol": "BAJFINANCE", "topic": "candles.1m", "time": "2025-12-08T11:39:00.000+0530"}
2025-12-08T11:40:00.858+0530	DEBUG	kafka/producer.go:48	published candle	{"symbol": "HDFCLIFE", "topic": "candles.1m", "time": "2025-12-08T11:39:00.000+0530"}
2025-12-08T11:40:00.870+0530	DEBUG	kafka/producer.go:48	published candle	{"symbol": "ONGC", "topic": "candles.1m", "time": "2025-12-08T11:39:00.000+0530"}
2025-12-08T11:40:00.881+0530	DEBUG	kafka/producer.go:48	published candle	{"symbol": "JSWSTEEL", "topic": "candles.1m", "time": "2025-12-08T11:39:00.000+0530"}
2025-12-08T11:40:00.969+0530	DEBUG	kafka/producer.go:48	published candle	{"symbol": "BEL", "topic": "candles.1m", "time": "2025-12-08T11:39:00.000+0530"}
2025-12-08T11:40:01.019+0530	DEBUG	kafka/producer.go:48	published candle	{"symbol": "COALINDIA", "topic": "candles.1m", "time": "2025-12-08T11:39:00.000+0530"}
2025-12-08T11:40:01.031+0530	DEBUG	kafka/producer.go:48	published candle	{"symbol": "TECHM", "topic": "candles.1m", "time": "2025-12-08T11:39:00.000+0530"}
2025-12-08T11:40:01.043+0530	DEBUG	kafka/producer.go:48	published candle	{"symbol": "BHARTIARTL", "topic": "candles.1m", "time": "2025-12-08T11:39:00.000+0530"}
2025-12-08T11:40:01.054+0530	DEBUG	kafka/producer.go:48	published candle	{"symbol": "ITC", "topic": "candles.1m", "time": "2025-12-08T11:39:00.000+0530"}
2025-12-08T11:40:01.066+0530	DEBUG	kafka/producer.go:48	published candle	{"symbol": "HINDALCO", "topic": "candles.1m", "time": "2025-12-08T11:39:00.000+0530"}
2025-12-08T11:40:01.078+0530	DEBUG	kafka/producer.go:48	published candle	{"symbol": "JIOFIN", "topic": "candles.1m", "time": "2025-12-08T11:39:00.000+0530"}
2025-12-08T11:40:01.089+0530	DEBUG	kafka/producer.go:48	published candle	{"symbol": "BAJAJFINSV", "topic": "candles.1m", "time": "2025-12-08T11:39:00.000+0530"}
2025-12-08T11:40:01.101+0530	DEBUG	kafka/producer.go:48	published candle	{"symbol": "ASIANPAINT", "topic": "candles.1m", "time": "2025-12-08T11:39:00.000+0530"}
2025-12-08T11:40:01.113+0530	DEBUG	kafka/producer.go:48	published candle	{"symbol": "DRREDDY", "topic": "candles.1m", "time": "2025-12-08T11:39:00.000+0530"}
2025-12-08T11:40:01.124+0530	DEBUG	kafka/producer.go:48	published candle	{"symbol": "HINDUNILVR", "topic": "candles.1m", "time": "2025-12-08T11:39:00.000+0530"}
2025-12-08T11:40:01.136+0530	DEBUG	kafka/producer.go:48	published candle	{"symbol": "INDUSINDBK", "topic": "candles.1m", "time": "2025-12-08T11:39:00.000+0530"}
2025-12-08T11:40:01.147+0530	DEBUG	kafka/producer.go:48	published candle	{"symbol": "KOTAKBANK", "topic": "candles.1m", "time": "2025-12-08T11:39:00.000+0530"}
2025-12-08T11:40:01.159+0530	DEBUG	kafka/producer.go:48	published candle	{"symbol": "ULTRACEMCO", "topic": "candles.1m", "time": "2025-12-08T11:39:00.000+0530"}
2025-12-08T11:40:01.170+0530	DEBUG	kafka/producer.go:48	published candle	{"symbol": "TATACONSUM", "topic": "candles.1m", "time": "2025-12-08T11:39:00.000+0530"}
2025-12-08T11:40:01.182+0530	DEBUG	kafka/producer.go:48	published candle	{"symbol": "ADANIPORTS", "topic": "candles.1m", "time": "2025-12-08T11:39:00.000+0530"}
2025-12-08T11:40:01.361+0530	DEBUG	kafka/producer.go:48	published candle	{"symbol": "CIPLA", "topic": "candles.1m", "time": "2025-12-08T11:39:00.000+0530"}
2025-12-08T11:40:01.560+0530	DEBUG	kafka/producer.go:48	published candle	{"symbol": "MARUTI", "topic": "candles.1m", "time": "2025-12-08T11:39:00.000+0530"}
2025-12-08T11:40:02.026+0530	DEBUG	kafka/producer.go:48	published candle	{"symbol": "EICHERMOT", "topic": "candles.1m", "time": "2025-12-08T11:39:00.000+0530"}
2025-12-08T11:40:02.038+0530	DEBUG	kafka/producer.go:48	published candle	{"symbol": "HCLTECH", "topic": "candles.1m", "time": "2025-12-08T11:39:00.000+0530"}
2025-12-08T11:40:02.050+0530	DEBUG	kafka/producer.go:48	published candle	{"symbol": "HEROMOTOCO", "topic": "candles.1m", "time": "2025-12-08T11:39:00.000+0530"}
2025-12-08T11:40:02.166+0530	DEBUG	kafka/producer.go:48	published candle	{"symbol": "SBILIFE", "topic": "candles.1m", "time": "2025-12-08T11:39:00.000+0530"}
2025-12-08T11:40:02.865+0530	DEBUG	kafka/producer.go:48	published candle	{"symbol": "APOLLOHOSP", "topic": "candles.1m", "time": "2025-12-08T11:39:00.000+0530"}
2025-12-08T11:40:03.268+0530	DEBUG	kafka/producer.go:48	published candle	{"symbol": "GRASIM", "topic": "candles.1m", "time": "2025-12-08T11:39:00.000+0530"}
2025-12-08T11:41:00.036+0530	DEBUG	kafka/producer.go:48	published candle	{"symbol": "HDFCLIFE", "topic": "candles.1m", "time": "2025-12-08T11:40:00.000+0530"}
2025-12-08T11:41:00.049+0530	DEBUG	kafka/producer.go:48	published candle	{"symbol": "BEL", "topic": "candles.1m", "time": "2025-12-08T11:40:00.000+0530"}
2025-12-08T11:41:00.060+0530	DEBUG	kafka/producer.go:48	published candle	{"symbol": "ONGC", "topic": "candles.1m", "time": "2025-12-08T11:40:00.000+0530"}
2025-12-08T11:41:00.072+0530	DEBUG	kafka/producer.go:48	published candle	{"symbol": "INFY", "topic": "candles.1m", "time": "2025-12-08T11:40:00.000+0530"}
2025-12-08T11:41:00.084+0530	DEBUG	kafka/producer.go:48	published candle	{"symbol": "BAJAJFINSV", "topic": "candles.1m", "time": "2025-12-08T11:40:00.000+0530"}
2025-12-08T11:41:00.095+0530	DEBUG	kafka/producer.go:48	published candle	{"symbol": "HDFCBANK", "topic": "candles.1m", "time": "2025-12-08T11:40:00.000+0530"}
2025-12-08T11:41:00.107+0530	DEBUG	kafka/producer.go:48	published candle	{"symbol": "TITAN", "topic": "candles.1m", "time": "2025-12-08T11:40:00.000+0530"}
2025-12-08T11:41:00.118+0530	DEBUG	kafka/producer.go:48	published candle	{"symbol": "SBIN", "topic": "candles.1m", "time": "2025-12-08T11:40:00.000+0530"}
2025-12-08T11:41:00.129+0530	DEBUG	kafka/producer.go:48	published candle	{"symbol": "TATASTEEL", "topic": "candles.1m", "time": "2025-12-08T11:40:00.000+0530"}
2025-12-08T11:41:00.140+0530	DEBUG	kafka/producer.go:48	published candle	{"symbol": "BHARTIARTL", "topic": "candles.1m", "time": "2025-12-08T11:40:00.000+0530"}
2025-12-08T11:41:00.151+0530	DEBUG	kafka/producer.go:48	published candle	{"symbol": "ICICIBANK", "topic": "candles.1m", "time": "2025-12-08T11:40:00.000+0530"}
2025-12-08T11:41:00.162+0530	DEBUG	kafka/producer.go:48	published candle	{"symbol": "HCLTECH", "topic": "candles.1m", "time": "2025-12-08T11:40:00.000+0530"}
2025-12-08T11:41:00.174+0530	DEBUG	kafka/producer.go:48	published candle	{"symbol": "SHRIRAMFIN", "topic": "candles.1m", "time": "2025-12-08T11:40:00.000+0530"}
2025-12-08T11:41:00.186+0530	DEBUG	kafka/producer.go:48	published candle	{"symbol": "ZOMATO", "topic": "candles.1m", "time": "2025-12-08T11:40:00.000+0530"}
2025-12-08T11:41:00.197+0530	DEBUG	kafka/producer.go:48	published candle	{"symbol": "HEROMOTOCO", "topic": "candles.1m", "time": "2025-12-08T11:40:00.000+0530"}
2025-12-08T11:41:00.209+0530	DEBUG	kafka/producer.go:48	published candle	{"symbol": "APOLLOHOSP", "topic": "candles.1m", "time": "2025-12-08T11:40:00.000+0530"}
2025-12-08T11:41:00.220+0530	DEBUG	kafka/producer.go:48	published candle	{"symbol": "GRASIM", "topic": "candles.1m", "time": "2025-12-08T11:40:00.000+0530"}
2025-12-08T11:41:00.232+0530	DEBUG	kafka/producer.go:48	published candle	{"symbol": "SBILIFE", "topic": "candles.1m", "time": "2025-12-08T11:40:00.000+0530"}
2025-12-08T11:41:00.243+0530	DEBUG	kafka/producer.go:48	published candle	{"symbol": "JSWSTEEL", "topic": "candles.1m", "time": "2025-12-08T11:40:00.000+0530"}
2025-12-08T11:41:00.255+0530	DEBUG	kafka/producer.go:48	published candle	{"symbol": "NESTLEIND", "topic": "candles.1m", "time": "2025-12-08T11:40:00.000+0530"}
2025-12-08T11:41:00.272+0530	DEBUG	kafka/producer.go:48	published candle	{"symbol": "TECHM", "topic": "candles.1m", "time": "2025-12-08T11:40:00.000+0530"}
2025-12-08T11:41:00.283+0530	DEBUG	kafka/producer.go:48	published candle	{"symbol": "M&M", "topic": "candles.1m", "time": "2025-12-08T11:40:00.000+0530"}
2025-12-08T11:41:00.345+0530	DEBUG	kafka/producer.go:48	published candle	{"symbol": "POWERGRID", "topic": "candles.1m", "time": "2025-12-08T11:40:00.000+0530"}
2025-12-08T11:41:00.783+0530	DEBUG	kafka/producer.go:48	published candle	{"symbol": "ASIANPAINT", "topic": "candles.1m", "time": "2025-12-08T11:40:00.000+0530"}
2025-12-08T11:41:00.796+0530	DEBUG	kafka/producer.go:48	published candle	{"symbol": "HINDALCO", "topic": "candles.1m", "time": "2025-12-08T11:40:00.000+0530"}
2025-12-08T11:41:01.034+0530	DEBUG	kafka/producer.go:48	published candle	{"symbol": "NTPC", "topic": "candles.1m", "time": "2025-12-08T11:40:00.000+0530"}
2025-12-08T11:41:01.046+0530	DEBUG	kafka/producer.go:48	published candle	{"symbol": "RELIANCE", "topic": "candles.1m", "time": "2025-12-08T11:40:00.000+0530"}
2025-12-08T11:41:01.058+0530	DEBUG	kafka/producer.go:48	published candle	{"symbol": "TATAMOTORS", "topic": "candles.1m", "time": "2025-12-08T11:40:00.000+0530"}
2025-12-08T11:41:01.068+0530	DEBUG	kafka/producer.go:48	published candle	{"symbol": "AXISBANK", "topic": "candles.1m", "time": "2025-12-08T11:40:00.000+0530"}
2025-12-08T11:41:01.080+0530	DEBUG	kafka/producer.go:48	published candle	{"symbol": "BAJAJ", "topic": "candles.1m", "time": "2025-12-08T11:40:00.000+0530"}
2025-12-08T11:41:01.091+0530	DEBUG	kafka/producer.go:48	published candle	{"symbol": "WIPRO", "topic": "candles.1m", "time": "2025-12-08T11:40:00.000+0530"}
2025-12-08T11:41:01.103+0530	DEBUG	kafka/producer.go:48	published candle	{"symbol": "BAJFINANCE", "topic": "candles.1m", "time": "2025-12-08T11:40:00.000+0530"}
2025-12-08T11:41:01.114+0530	DEBUG	kafka/producer.go:48	published candle	{"symbol": "TCS", "topic": "candles.1m", "time": "2025-12-08T11:40:00.000+0530"}
2025-12-08T11:41:01.126+0530	DEBUG	kafka/producer.go:48	published candle	{"symbol": "ADANIPORTS", "topic": "candles.1m", "time": "2025-12-08T11:40:00.000+0530"}
2025-12-08T11:41:01.138+0530	DEBUG	kafka/producer.go:48	published candle	{"symbol": "LT", "topic": "candles.1m", "time": "2025-12-08T11:40:00.000+0530"}
2025-12-08T11:41:01.149+0530	DEBUG	kafka/producer.go:48	published candle	{"symbol": "SUNPHARMA", "topic": "candles.1m", "time": "2025-12-08T11:40:00.000+0530"}
2025-12-08T11:41:01.161+0530	DEBUG	kafka/producer.go:48	published candle	{"symbol": "COALINDIA", "topic": "candles.1m", "time": "2025-12-08T11:40:00.000+0530"}
2025-12-08T11:41:01.172+0530	DEBUG	kafka/producer.go:48	published candle	{"symbol": "MARUTI", "topic": "candles.1m", "time": "2025-12-08T11:40:00.000+0530"}
2025-12-08T11:41:01.184+0530	DEBUG	kafka/producer.go:48	published candle	{"symbol": "ITC", "topic": "candles.1m", "time": "2025-12-08T11:40:00.000+0530"}
2025-12-08T11:41:01.196+0530	DEBUG	kafka/producer.go:48	published candle	{"symbol": "JIOFIN", "topic": "candles.1m", "time": "2025-12-08T11:40:00.000+0530"}
2025-12-08T11:41:01.207+0530	DEBUG	kafka/producer.go:48	published candle	{"symbol": "DRREDDY", "topic": "candles.1m", "time": "2025-12-08T11:40:00.000+0530"}
2025-12-08T11:41:01.219+0530	DEBUG	kafka/producer.go:48	published candle	{"symbol": "HINDUNILVR", "topic": "candles.1m", "time": "2025-12-08T11:40:00.000+0530"}
2025-12-08T11:41:01.230+0530	DEBUG	kafka/producer.go:48	published candle	{"symbol": "INDUSINDBK", "topic": "candles.1m", "time": "2025-12-08T11:40:00.000+0530"}
2025-12-08T11:41:01.241+0530	DEBUG	kafka/producer.go:48	published candle	{"symbol": "KOTAKBANK", "topic": "candles.1m", "time": "2025-12-08T11:40:00.000+0530"}
2025-12-08T11:41:01.252+0530	DEBUG	kafka/producer.go:48	published candle	{"symbol": "ULTRACEMCO", "topic": "candles.1m", "time": "2025-12-08T11:40:00.000+0530"}
2025-12-08T11:41:01.264+0530	DEBUG	kafka/producer.go:48	published candle	{"symbol": "TRENT", "topic": "candles.1m", "time": "2025-12-08T11:40:00.000+0530"}
2025-12-08T11:41:01.649+0530	DEBUG	kafka/producer.go:48	published candle	{"symbol": "ADANIENT", "topic": "candles.1m", "time": "2025-12-08T11:40:00.000+0530"}
2025-12-08T11:41:02.055+0530	DEBUG	kafka/producer.go:48	published candle	{"symbol": "TATACONSUM", "topic": "candles.1m", "time": "2025-12-08T11:40:00.000+0530"}
2025-12-08T11:41:02.067+0530	DEBUG	kafka/producer.go:48	published candle	{"symbol": "EICHERMOT", "topic": "candles.1m", "time": "2025-12-08T11:40:00.000+0530"}
2025-12-08T11:41:02.443+0530	DEBUG	kafka/producer.go:48	published candle	{"symbol": "CIPLA", "topic": "candles.1m", "time": "2025-12-08T11:40:00.000+0530"}
2025-12-08T11:42:00.062+0530	DEBUG	kafka/producer.go:48	published candle	{"symbol": "SBIN", "topic": "candles.1m", "time": "2025-12-08T11:41:00.000+0530"}
2025-12-08T11:42:00.075+0530	DEBUG	kafka/producer.go:48	published candle	{"symbol": "TRENT", "topic": "candles.1m", "time": "2025-12-08T11:41:00.000+0530"}
2025-12-08T11:42:00.086+0530	DEBUG	kafka/producer.go:48	published candle	{"symbol": "INFY", "topic": "candles.1m", "time": "2025-12-08T11:41:00.000+0530"}
2025-12-08T11:42:00.097+0530	DEBUG	kafka/producer.go:48	published candle	{"symbol": "BEL", "topic": "candles.1m", "time": "2025-12-08T11:41:00.000+0530"}
2025-12-08T11:42:00.108+0530	DEBUG	kafka/producer.go:48	published candle	{"symbol": "ICICIBANK", "topic": "candles.1m", "time": "2025-12-08T11:41:00.000+0530"}
2025-12-08T11:42:00.119+0530	DEBUG	kafka/producer.go:48	published candle	{"symbol": "HDFCBANK", "topic": "candles.1m", "time": "2025-12-08T11:41:00.000+0530"}
2025-12-08T11:42:00.130+0530	DEBUG	kafka/producer.go:48	published candle	{"symbol": "ZOMATO", "topic": "candles.1m", "time": "2025-12-08T11:41:00.000+0530"}
2025-12-08T11:42:00.141+0530	DEBUG	kafka/producer.go:48	published candle	{"symbol": "TITAN", "topic": "candles.1m", "time": "2025-12-08T11:41:00.000+0530"}
2025-12-08T11:42:00.153+0530	DEBUG	kafka/producer.go:48	published candle	{"symbol": "HDFCLIFE", "topic": "candles.1m", "time": "2025-12-08T11:41:00.000+0530"}
2025-12-08T11:42:00.165+0530	DEBUG	kafka/producer.go:48	published candle	{"symbol": "HCLTECH", "topic": "candles.1m", "time": "2025-12-08T11:41:00.000+0530"}
2025-12-08T11:42:00.177+0530	DEBUG	kafka/producer.go:48	published candle	{"symbol": "TECHM", "topic": "candles.1m", "time": "2025-12-08T11:41:00.000+0530"}
2025-12-08T11:42:00.189+0530	DEBUG	kafka/producer.go:48	published candle	{"symbol": "EICHERMOT", "topic": "candles.1m", "time": "2025-12-08T11:41:00.000+0530"}
2025-12-08T11:42:00.200+0530	DEBUG	kafka/producer.go:48	published candle	{"symbol": "HEROMOTOCO", "topic": "candles.1m", "time": "2025-12-08T11:41:00.000+0530"}
2025-12-08T11:42:00.211+0530	DEBUG	kafka/producer.go:48	published candle	{"symbol": "APOLLOHOSP", "topic": "candles.1m", "time": "2025-12-08T11:41:00.000+0530"}
2025-12-08T11:42:00.222+0530	DEBUG	kafka/producer.go:48	published candle	{"symbol": "GRASIM", "topic": "candles.1m", "time": "2025-12-08T11:41:00.000+0530"}
2025-12-08T11:42:00.234+0530	DEBUG	kafka/producer.go:48	published candle	{"symbol": "JSWSTEEL", "topic": "candles.1m", "time": "2025-12-08T11:41:00.000+0530"}
2025-12-08T11:42:00.500+0530	DEBUG	kafka/producer.go:48	published candle	{"symbol": "SHRIRAMFIN", "topic": "candles.1m", "time": "2025-12-08T11:41:00.000+0530"}
2025-12-08T11:42:00.511+0530	DEBUG	kafka/producer.go:48	published candle	{"symbol": "ASIANPAINT", "topic": "candles.1m", "time": "2025-12-08T11:41:00.000+0530"}
2025-12-08T11:42:00.522+0530	DEBUG	kafka/producer.go:48	published candle	{"symbol": "TATACONSUM", "topic": "candles.1m", "time": "2025-12-08T11:41:00.000+0530"}
2025-12-08T11:42:00.810+0530	DEBUG	kafka/producer.go:48	published candle	{"symbol": "ONGC", "topic": "candles.1m", "time": "2025-12-08T11:41:00.000+0530"}
2025-12-08T11:42:01.066+0530	DEBUG	kafka/producer.go:48	published candle	{"symbol": "NESTLEIND", "topic": "candles.1m", "time": "2025-12-08T11:41:00.000+0530"}
2025-12-08T11:42:01.077+0530	DEBUG	kafka/producer.go:48	published candle	{"symbol": "NTPC", "topic": "candles.1m", "time": "2025-12-08T11:41:00.000+0530"}
2025-12-08T11:42:01.089+0530	DEBUG	kafka/producer.go:48	published candle	{"symbol": "POWERGRID", "topic": "candles.1m", "time": "2025-12-08T11:41:00.000+0530"}
2025-12-08T11:42:01.100+0530	DEBUG	kafka/producer.go:48	published candle	{"symbol": "RELIANCE", "topic": "candles.1m", "time": "2025-12-08T11:41:00.000+0530"}
2025-12-08T11:42:01.112+0530	DEBUG	kafka/producer.go:48	published candle	{"symbol": "TATAMOTORS", "topic": "candles.1m", "time": "2025-12-08T11:41:00.000+0530"}
2025-12-08T11:42:01.124+0530	DEBUG	kafka/producer.go:48	published candle	{"symbol": "ADANIENT", "topic": "candles.1m", "time": "2025-12-08T11:41:00.000+0530"}
2025-12-08T11:42:01.136+0530	DEBUG	kafka/producer.go:48	published candle	{"symbol": "AXISBANK", "topic": "candles.1m", "time": "2025-12-08T11:41:00.000+0530"}
2025-12-08T11:42:01.147+0530	DEBUG	kafka/producer.go:48	published candle	{"symbol": "TATASTEEL", "topic": "candles.1m", "time": "2025-12-08T11:41:00.000+0530"}
2025-12-08T11:42:01.158+0530	DEBUG	kafka/producer.go:48	published candle	{"symbol": "WIPRO", "topic": "candles.1m", "time": "2025-12-08T11:41:00.000+0530"}
2025-12-08T11:42:01.170+0530	DEBUG	kafka/producer.go:48	published candle	{"symbol": "BAJFINANCE", "topic": "candles.1m", "time": "2025-12-08T11:41:00.000+0530"}
2025-12-08T11:42:01.182+0530	DEBUG	kafka/producer.go:48	published candle	{"symbol": "M&M", "topic": "candles.1m", "time": "2025-12-08T11:41:00.000+0530"}
2025-12-08T11:42:01.192+0530	DEBUG	kafka/producer.go:48	published candle	{"symbol": "TCS", "topic": "candles.1m", "time": "2025-12-08T11:41:00.000+0530"}
2025-12-08T11:42:01.204+0530	DEBUG	kafka/producer.go:48	published candle	{"symbol": "ADANIPORTS", "topic": "candles.1m", "time": "2025-12-08T11:41:00.000+0530"}
2025-12-08T11:42:01.215+0530	DEBUG	kafka/producer.go:48	published candle	{"symbol": "LT", "topic": "candles.1m", "time": "2025-12-08T11:41:00.000+0530"}
2025-12-08T11:42:01.227+0530	DEBUG	kafka/producer.go:48	published candle	{"symbol": "COALINDIA", "topic": "candles.1m", "time": "2025-12-08T11:41:00.000+0530"}
2025-12-08T11:42:01.237+0530	DEBUG	kafka/producer.go:48	published candle	{"symbol": "CIPLA", "topic": "candles.1m", "time": "2025-12-08T11:41:00.000+0530"}
2025-12-08T11:42:01.249+0530	DEBUG	kafka/producer.go:48	published candle	{"symbol": "BHARTIARTL", "topic": "candles.1m", "time": "2025-12-08T11:41:00.000+0530"}
2025-12-08T11:42:01.260+0530	DEBUG	kafka/producer.go:48	published candle	{"symbol": "MARUTI", "topic": "candles.1m", "time": "2025-12-08T11:41:00.000+0530"}
2025-12-08T11:42:01.272+0530	DEBUG	kafka/producer.go:48	published candle	{"symbol": "ITC", "topic": "candles.1m", "time": "2025-12-08T11:41:00.000+0530"}
2025-12-08T11:42:01.283+0530	DEBUG	kafka/producer.go:48	published candle	{"symbol": "HINDALCO", "topic": "candles.1m", "time": "2025-12-08T11:41:00.000+0530"}
2025-12-08T11:42:01.294+0530	DEBUG	kafka/producer.go:48	published candle	{"symbol": "JIOFIN", "topic": "candles.1m", "time": "2025-12-08T11:41:00.000+0530"}
2025-12-08T11:42:01.305+0530	DEBUG	kafka/producer.go:48	published candle	{"symbol": "BAJAJFINSV", "topic": "candles.1m", "time": "2025-12-08T11:41:00.000+0530"}
2025-12-08T11:42:02.056+0530	DEBUG	kafka/producer.go:48	published candle	{"symbol": "DRREDDY", "topic": "candles.1m", "time": "2025-12-08T11:41:00.000+0530"}
2025-12-08T11:42:02.068+0530	DEBUG	kafka/producer.go:48	published candle	{"symbol": "HINDUNILVR", "topic": "candles.1m", "time": "2025-12-08T11:41:00.000+0530"}
2025-12-08T11:42:02.079+0530	DEBUG	kafka/producer.go:48	published candle	{"symbol": "INDUSINDBK", "topic": "candles.1m", "time": "2025-12-08T11:41:00.000+0530"}
2025-12-08T11:42:02.091+0530	DEBUG	kafka/producer.go:48	published candle	{"symbol": "KOTAKBANK", "topic": "candles.1m", "time": "2025-12-08T11:41:00.000+0530"}
2025-12-08T11:42:02.102+0530	DEBUG	kafka/producer.go:48	published candle	{"symbol": "SBILIFE", "topic": "candles.1m", "time": "2025-12-08T11:41:00.000+0530"}
2025-12-08T11:42:02.113+0530	DEBUG	kafka/producer.go:48	published candle	{"symbol": "ULTRACEMCO", "topic": "candles.1m", "time": "2025-12-08T11:41:00.000+0530"}
2025-12-08T11:42:02.125+0530	DEBUG	kafka/producer.go:48	published candle	{"symbol": "BAJAJ", "topic": "candles.1m", "time": "2025-12-08T11:41:00.000+0530"}
2025-12-08T11:42:02.605+0530	DEBUG	kafka/producer.go:48	published candle	{"symbol": "SUNPHARMA", "topic": "candles.1m", "time": "2025-12-08T11:41:00.000+0530"}
2025-12-08T11:43:00.085+0530	DEBUG	kafka/producer.go:48	published candle	{"symbol": "INFY", "topic": "candles.1m", "time": "2025-12-08T11:42:00.000+0530"}
2025-12-08T11:43:00.096+0530	DEBUG	kafka/producer.go:48	published candle	{"symbol": "TRENT", "topic": "candles.1m", "time": "2025-12-08T11:42:00.000+0530"}
2025-12-08T11:43:00.107+0530	DEBUG	kafka/producer.go:48	published candle	{"symbol": "SBIN", "topic": "candles.1m", "time": "2025-12-08T11:42:00.000+0530"}
2025-12-08T11:43:00.119+0530	DEBUG	kafka/producer.go:48	published candle	{"symbol": "TITAN", "topic": "candles.1m", "time": "2025-12-08T11:42:00.000+0530"}
2025-12-08T11:43:00.130+0530	DEBUG	kafka/producer.go:48	published candle	{"symbol": "KOTAKBANK", "topic": "candles.1m", "time": "2025-12-08T11:42:00.000+0530"}
2025-12-08T11:43:00.141+0530	DEBUG	kafka/producer.go:48	published candle	{"symbol": "ICICIBANK", "topic": "candles.1m", "time": "2025-12-08T11:42:00.000+0530"}
2025-12-08T11:43:00.153+0530	DEBUG	kafka/producer.go:48	published candle	{"symbol": "TECHM", "topic": "candles.1m", "time": "2025-12-08T11:42:00.000+0530"}
2025-12-08T11:43:00.164+0530	DEBUG	kafka/producer.go:48	published candle	{"symbol": "HDFCLIFE", "topic": "candles.1m", "time": "2025-12-08T11:42:00.000+0530"}
2025-12-08T11:43:00.175+0530	DEBUG	kafka/producer.go:48	published candle	{"symbol": "HCLTECH", "topic": "candles.1m", "time": "2025-12-08T11:42:00.000+0530"}
2025-12-08T11:43:00.187+0530	DEBUG	kafka/producer.go:48	published candle	{"symbol": "BEL", "topic": "candles.1m", "time": "2025-12-08T11:42:00.000+0530"}
2025-12-08T11:43:00.198+0530	DEBUG	kafka/producer.go:48	published candle	{"symbol": "TCS", "topic": "candles.1m", "time": "2025-12-08T11:42:00.000+0530"}
2025-12-08T11:43:00.209+0530	DEBUG	kafka/producer.go:48	published candle	{"symbol": "HDFCBANK", "topic": "candles.1m", "time": "2025-12-08T11:42:00.000+0530"}
2025-12-08T11:43:00.220+0530	DEBUG	kafka/producer.go:48	published candle	{"symbol": "SHRIRAMFIN", "topic": "candles.1m", "time": "2025-12-08T11:42:00.000+0530"}
2025-12-08T11:43:00.231+0530	DEBUG	kafka/producer.go:48	published candle	{"symbol": "LT", "topic": "candles.1m", "time": "2025-12-08T11:42:00.000+0530"}
2025-12-08T11:43:00.242+0530	DEBUG	kafka/producer.go:48	published candle	{"symbol": "RELIANCE", "topic": "candles.1m", "time": "2025-12-08T11:42:00.000+0530"}
2025-12-08T11:43:00.254+0530	DEBUG	kafka/producer.go:48	published candle	{"symbol": "NTPC", "topic": "candles.1m", "time": "2025-12-08T11:42:00.000+0530"}
2025-12-08T11:43:00.265+0530	DEBUG	kafka/producer.go:48	published candle	{"symbol": "ADANIPORTS", "topic": "candles.1m", "time": "2025-12-08T11:42:00.000+0530"}
2025-12-08T11:43:00.276+0530	DEBUG	kafka/producer.go:48	published candle	{"symbol": "ZOMATO", "topic": "candles.1m", "time": "2025-12-08T11:42:00.000+0530"}
2025-12-08T11:43:00.288+0530	DEBUG	kafka/producer.go:48	published candle	{"symbol": "SUNPHARMA", "topic": "candles.1m", "time": "2025-12-08T11:42:00.000+0530"}
2025-12-08T11:43:00.300+0530	DEBUG	kafka/producer.go:48	published candle	{"symbol": "JIOFIN", "topic": "candles.1m", "time": "2025-12-08T11:42:00.000+0530"}
2025-12-08T11:43:00.311+0530	DEBUG	kafka/producer.go:48	published candle	{"symbol": "HINDALCO", "topic": "candles.1m", "time": "2025-12-08T11:42:00.000+0530"}
2025-12-08T11:43:00.323+0530	DEBUG	kafka/producer.go:48	published candle	{"symbol": "M&M", "topic": "candles.1m", "time": "2025-12-08T11:42:00.000+0530"}
2025-12-08T11:43:00.385+0530	DEBUG	kafka/producer.go:48	published candle	{"symbol": "COALINDIA", "topic": "candles.1m", "time": "2025-12-08T11:42:00.000+0530"}
2025-12-08T11:43:00.513+0530	DEBUG	kafka/producer.go:48	published candle	{"symbol": "CIPLA", "topic": "candles.1m", "time": "2025-12-08T11:42:00.000+0530"}
2025-12-08T11:43:00.731+0530	DEBUG	kafka/producer.go:48	published candle	{"symbol": "BHARTIARTL", "topic": "candles.1m", "time": "2025-12-08T11:42:00.000+0530"}
2025-12-08T11:43:00.743+0530	DEBUG	kafka/producer.go:48	published candle	{"symbol": "MARUTI", "topic": "candles.1m", "time": "2025-12-08T11:42:00.000+0530"}
2025-12-08T11:43:00.754+0530	DEBUG	kafka/producer.go:48	published candle	{"symbol": "ITC", "topic": "candles.1m", "time": "2025-12-08T11:42:00.000+0530"}
2025-12-08T11:43:00.887+0530	DEBUG	kafka/producer.go:48	published candle	{"symbol": "ADANIENT", "topic": "candles.1m", "time": "2025-12-08T11:42:00.000+0530"}
2025-12-08T11:43:00.987+0530	DEBUG	kafka/producer.go:48	published candle	{"symbol": "TATACONSUM", "topic": "candles.1m", "time": "2025-12-08T11:42:00.000+0530"}
2025-12-08T11:43:00.998+0530	DEBUG	kafka/producer.go:48	published candle	{"symbol": "ONGC", "topic": "candles.1m", "time": "2025-12-08T11:42:00.000+0530"}
2025-12-08T11:43:01.009+0530	DEBUG	kafka/producer.go:48	published candle	{"symbol": "BAJAJFINSV", "topic": "candles.1m", "time": "2025-12-08T11:42:00.000+0530"}
2025-12-08T11:43:01.020+0530	DEBUG	kafka/producer.go:48	published candle	{"symbol": "ASIANPAINT", "topic": "candles.1m", "time": "2025-12-08T11:42:00.000+0530"}
2025-12-08T11:43:01.100+0530	DEBUG	kafka/producer.go:48	published candle	{"symbol": "NESTLEIND", "topic": "candles.1m", "time": "2025-12-08T11:42:00.000+0530"}
2025-12-08T11:43:01.111+0530	DEBUG	kafka/producer.go:48	published candle	{"symbol": "POWERGRID", "topic": "candles.1m", "time": "2025-12-08T11:42:00.000+0530"}
2025-12-08T11:43:01.123+0530	DEBUG	kafka/producer.go:48	published candle	{"symbol": "TATAMOTORS", "topic": "candles.1m", "time": "2025-12-08T11:42:00.000+0530"}
2025-12-08T11:43:01.135+0530	DEBUG	kafka/producer.go:48	published candle	{"symbol": "AXISBANK", "topic": "candles.1m", "time": "2025-12-08T11:42:00.000+0530"}
2025-12-08T11:43:01.146+0530	DEBUG	kafka/producer.go:48	published candle	{"symbol": "TATASTEEL", "topic": "candles.1m", "time": "2025-12-08T11:42:00.000+0530"}
2025-12-08T11:43:01.158+0530	DEBUG	kafka/producer.go:48	published candle	{"symbol": "BAJAJ", "topic": "candles.1m", "time": "2025-12-08T11:42:00.000+0530"}
2025-12-08T11:43:01.170+0530	DEBUG	kafka/producer.go:48	published candle	{"symbol": "WIPRO", "topic": "candles.1m", "time": "2025-12-08T11:42:00.000+0530"}
2025-12-08T11:43:01.181+0530	DEBUG	kafka/producer.go:48	published candle	{"symbol": "BAJFINANCE", "topic": "candles.1m", "time": "2025-12-08T11:42:00.000+0530"}
2025-12-08T11:43:01.192+0530	DEBUG	kafka/producer.go:48	published candle	{"symbol": "DRREDDY", "topic": "candles.1m", "time": "2025-12-08T11:42:00.000+0530"}
2025-12-08T11:43:01.204+0530	DEBUG	kafka/producer.go:48	published candle	{"symbol": "HINDUNILVR", "topic": "candles.1m", "time": "2025-12-08T11:42:00.000+0530"}
2025-12-08T11:43:01.215+0530	DEBUG	kafka/producer.go:48	published candle	{"symbol": "INDUSINDBK", "topic": "candles.1m", "time": "2025-12-08T11:42:00.000+0530"}
2025-12-08T11:43:01.302+0530	DEBUG	kafka/producer.go:48	published candle	{"symbol": "SBILIFE", "topic": "candles.1m", "time": "2025-12-08T11:42:00.000+0530"}
2025-12-08T11:43:01.314+0530	DEBUG	kafka/producer.go:48	published candle	{"symbol": "ULTRACEMCO", "topic": "candles.1m", "time": "2025-12-08T11:42:00.000+0530"}
2025-12-08T11:43:01.501+0530	DEBUG	kafka/producer.go:48	published candle	{"symbol": "EICHERMOT", "topic": "candles.1m", "time": "2025-12-08T11:42:00.000+0530"}
2025-12-08T11:43:01.593+0530	DEBUG	kafka/producer.go:48	published candle	{"symbol": "HEROMOTOCO", "topic": "candles.1m", "time": "2025-12-08T11:42:00.000+0530"}
2025-12-08T11:43:01.889+0530	DEBUG	kafka/producer.go:48	published candle	{"symbol": "APOLLOHOSP", "topic": "candles.1m", "time": "2025-12-08T11:42:00.000+0530"}
2025-12-08T11:43:02.142+0530	DEBUG	kafka/producer.go:48	published candle	{"symbol": "GRASIM", "topic": "candles.1m", "time": "2025-12-08T11:42:00.000+0530"}
2025-12-08T11:43:02.154+0530	DEBUG	kafka/producer.go:48	published candle	{"symbol": "JSWSTEEL", "topic": "candles.1m", "time": "2025-12-08T11:42:00.000+0530"}
2025-12-08T11:44:00.067+0530	DEBUG	kafka/producer.go:48	published candle	{"symbol": "TECHM", "topic": "candles.1m", "time": "2025-12-08T11:43:00.000+0530"}
2025-12-08T11:44:00.080+0530	DEBUG	kafka/producer.go:48	published candle	{"symbol": "NTPC", "topic": "candles.1m", "time": "2025-12-08T11:43:00.000+0530"}
2025-12-08T11:44:00.092+0530	DEBUG	kafka/producer.go:48	published candle	{"symbol": "ZOMATO", "topic": "candles.1m", "time": "2025-12-08T11:43:00.000+0530"}
2025-12-08T11:44:00.103+0530	DEBUG	kafka/producer.go:48	published candle	{"symbol": "EICHERMOT", "topic": "candles.1m", "time": "2025-12-08T11:43:00.000+0530"}
2025-12-08T11:44:00.115+0530	DEBUG	kafka/producer.go:48	published candle	{"symbol": "HEROMOTOCO", "topic": "candles.1m", "time": "2025-12-08T11:43:00.000+0530"}
2025-12-08T11:44:00.126+0530	DEBUG	kafka/producer.go:48	published candle	{"symbol": "LT", "topic": "candles.1m", "time": "2025-12-08T11:43:00.000+0530"}
2025-12-08T11:44:00.137+0530	DEBUG	kafka/producer.go:48	published candle	{"symbol": "SBIN", "topic": "candles.1m", "time": "2025-12-08T11:43:00.000+0530"}
2025-12-08T11:44:00.148+0530	DEBUG	kafka/producer.go:48	published candle	{"symbol": "INFY", "topic": "candles.1m", "time": "2025-12-08T11:43:00.000+0530"}
2025-12-08T11:44:00.160+0530	DEBUG	kafka/producer.go:48	published candle	{"symbol": "ICICIBANK", "topic": "candles.1m", "time": "2025-12-08T11:43:00.000+0530"}
2025-12-08T11:44:00.172+0530	DEBUG	kafka/producer.go:48	published candle	{"symbol": "HDFCBANK", "topic": "candles.1m", "time": "2025-12-08T11:43:00.000+0530"}
2025-12-08T11:44:00.184+0530	DEBUG	kafka/producer.go:48	published candle	{"symbol": "TCS", "topic": "candles.1m", "time": "2025-12-08T11:43:00.000+0530"}
2025-12-08T11:44:00.196+0530	DEBUG	kafka/producer.go:48	published candle	{"symbol": "HDFCLIFE", "topic": "candles.1m", "time": "2025-12-08T11:43:00.000+0530"}
2025-12-08T11:44:00.208+0530	DEBUG	kafka/producer.go:48	published candle	{"symbol": "HCLTECH", "topic": "candles.1m", "time": "2025-12-08T11:43:00.000+0530"}
2025-12-08T11:44:00.220+0530	DEBUG	kafka/producer.go:48	published candle	{"symbol": "TATASTEEL", "topic": "candles.1m", "time": "2025-12-08T11:43:00.000+0530"}
2025-12-08T11:44:00.232+0530	DEBUG	kafka/producer.go:48	published candle	{"symbol": "TRENT", "topic": "candles.1m", "time": "2025-12-08T11:43:00.000+0530"}
2025-12-08T11:44:00.243+0530	DEBUG	kafka/producer.go:48	published candle	{"symbol": "AXISBANK", "topic": "candles.1m", "time": "2025-12-08T11:43:00.000+0530"}
2025-12-08T11:44:00.254+0530	DEBUG	kafka/producer.go:48	published candle	{"symbol": "RELIANCE", "topic": "candles.1m", "time": "2025-12-08T11:43:00.000+0530"}
2025-12-08T11:44:00.265+0530	DEBUG	kafka/producer.go:48	published candle	{"symbol": "ASIANPAINT", "topic": "candles.1m", "time": "2025-12-08T11:43:00.000+0530"}
2025-12-08T11:44:00.277+0530	DEBUG	kafka/producer.go:48	published candle	{"symbol": "CIPLA", "topic": "candles.1m", "time": "2025-12-08T11:43:00.000+0530"}
2025-12-08T11:44:00.289+0530	DEBUG	kafka/producer.go:48	published candle	{"symbol": "BHARTIARTL", "topic": "candles.1m", "time": "2025-12-08T11:43:00.000+0530"}
2025-12-08T11:44:00.301+0530	DEBUG	kafka/producer.go:48	published candle	{"symbol": "MARUTI", "topic": "candles.1m", "time": "2025-12-08T11:43:00.000+0530"}
2025-12-08T11:44:00.312+0530	DEBUG	kafka/producer.go:48	published candle	{"symbol": "ITC", "topic": "candles.1m", "time": "2025-12-08T11:43:00.000+0530"}
2025-12-08T11:44:00.325+0530	DEBUG	kafka/producer.go:48	published candle	{"symbol": "TITAN", "topic": "candles.1m", "time": "2025-12-08T11:43:00.000+0530"}
2025-12-08T11:44:00.337+0530	DEBUG	kafka/producer.go:48	published candle	{"symbol": "JIOFIN", "topic": "candles.1m", "time": "2025-12-08T11:43:00.000+0530"}
2025-12-08T11:44:00.349+0530	DEBUG	kafka/producer.go:48	published candle	{"symbol": "BAJAJFINSV", "topic": "candles.1m", "time": "2025-12-08T11:43:00.000+0530"}
2025-12-08T11:44:00.359+0530	DEBUG	kafka/producer.go:48	published candle	{"symbol": "DRREDDY", "topic": "candles.1m", "time": "2025-12-08T11:43:00.000+0530"}
2025-12-08T11:44:00.371+0530	DEBUG	kafka/producer.go:48	published candle	{"symbol": "HINDUNILVR", "topic": "candles.1m", "time": "2025-12-08T11:43:00.000+0530"}
2025-12-08T11:44:00.383+0530	DEBUG	kafka/producer.go:48	published candle	{"symbol": "INDUSINDBK", "topic": "candles.1m", "time": "2025-12-08T11:43:00.000+0530"}
2025-12-08T11:44:00.395+0530	DEBUG	kafka/producer.go:48	published candle	{"symbol": "KOTAKBANK", "topic": "candles.1m", "time": "2025-12-08T11:43:00.000+0530"}
2025-12-08T11:44:00.407+0530	DEBUG	kafka/producer.go:48	published candle	{"symbol": "ULTRACEMCO", "topic": "candles.1m", "time": "2025-12-08T11:43:00.000+0530"}
2025-12-08T11:44:00.420+0530	DEBUG	kafka/producer.go:48	published candle	{"symbol": "TATACONSUM", "topic": "candles.1m", "time": "2025-12-08T11:43:00.000+0530"}
2025-12-08T11:44:00.432+0530	DEBUG	kafka/producer.go:48	published candle	{"symbol": "ADANIENT", "topic": "candles.1m", "time": "2025-12-08T11:43:00.000+0530"}
2025-12-08T11:44:00.443+0530	DEBUG	kafka/producer.go:48	published candle	{"symbol": "GRASIM", "topic": "candles.1m", "time": "2025-12-08T11:43:00.000+0530"}
2025-12-08T11:44:00.454+0530	DEBUG	kafka/producer.go:48	published candle	{"symbol": "BEL", "topic": "candles.1m", "time": "2025-12-08T11:43:00.000+0530"}
2025-12-08T11:44:00.466+0530	DEBUG	kafka/producer.go:48	published candle	{"symbol": "NESTLEIND", "topic": "candles.1m", "time": "2025-12-08T11:43:00.000+0530"}
2025-12-08T11:44:00.477+0530	DEBUG	kafka/producer.go:48	published candle	{"symbol": "SHRIRAMFIN", "topic": "candles.1m", "time": "2025-12-08T11:43:00.000+0530"}
2025-12-08T11:44:00.490+0530	DEBUG	kafka/producer.go:48	published candle	{"symbol": "ADANIPORTS", "topic": "candles.1m", "time": "2025-12-08T11:43:00.000+0530"}
2025-12-08T11:44:00.563+0530	DEBUG	kafka/producer.go:48	published candle	{"symbol": "HINDALCO", "topic": "candles.1m", "time": "2025-12-08T11:43:00.000+0530"}
2025-12-08T11:44:00.576+0530	DEBUG	kafka/producer.go:48	published candle	{"symbol": "APOLLOHOSP", "topic": "candles.1m", "time": "2025-12-08T11:43:00.000+0530"}
2025-12-08T11:44:00.665+0530	DEBUG	kafka/producer.go:48	published candle	{"symbol": "SBILIFE", "topic": "candles.1m", "time": "2025-12-08T11:43:00.000+0530"}
2025-12-08T11:44:01.067+0530	DEBUG	kafka/producer.go:48	published candle	{"symbol": "JSWSTEEL", "topic": "candles.1m", "time": "2025-12-08T11:43:00.000+0530"}
2025-12-08T11:44:03.068+0530	DEBUG	kafka/producer.go:48	published candle	{"symbol": "POWERGRID", "topic": "candles.1m", "time": "2025-12-08T11:43:00.000+0530"}
2025-12-08T11:44:03.129+0530	DEBUG	kafka/producer.go:48	published candle	{"symbol": "TATAMOTORS", "topic": "candles.1m", "time": "2025-12-08T11:43:00.000+0530"}
2025-12-08T11:44:03.140+0530	DEBUG	kafka/producer.go:48	published candle	{"symbol": "BAJAJ", "topic": "candles.1m", "time": "2025-12-08T11:43:00.000+0530"}
2025-12-08T11:44:03.152+0530	DEBUG	kafka/producer.go:48	published candle	{"symbol": "WIPRO", "topic": "candles.1m", "time": "2025-12-08T11:43:00.000+0530"}
2025-12-08T11:44:03.163+0530	DEBUG	kafka/producer.go:48	published candle	{"symbol": "BAJFINANCE", "topic": "candles.1m", "time": "2025-12-08T11:43:00.000+0530"}
2025-12-08T11:44:03.174+0530	DEBUG	kafka/producer.go:48	published candle	{"symbol": "M&M", "topic": "candles.1m", "time": "2025-12-08T11:43:00.000+0530"}
2025-12-08T11:44:03.185+0530	DEBUG	kafka/producer.go:48	published candle	{"symbol": "ONGC", "topic": "candles.1m", "time": "2025-12-08T11:43:00.000+0530"}
2025-12-08T11:44:03.197+0530	DEBUG	kafka/producer.go:48	published candle	{"symbol": "SUNPHARMA", "topic": "candles.1m", "time": "2025-12-08T11:43:00.000+0530"}
2025-12-08T11:44:03.208+0530	DEBUG	kafka/producer.go:48	published candle	{"symbol": "COALINDIA", "topic": "candles.1m", "time": "2025-12-08T11:43:00.000+0530"}
2025-12-08T11:45:00.049+0530	DEBUG	kafka/producer.go:48	published candle	{"symbol": "SHRIRAMFIN", "topic": "candles.1m", "time": "2025-12-08T11:44:00.000+0530"}
2025-12-08T11:45:00.061+0530	DEBUG	kafka/producer.go:48	published candle	{"symbol": "HINDALCO", "topic": "candles.1m", "time": "2025-12-08T11:44:00.000+0530"}
2025-12-08T11:45:00.072+0530	DEBUG	kafka/producer.go:48	published candle	{"symbol": "INDUSINDBK", "topic": "candles.1m", "time": "2025-12-08T11:44:00.000+0530"}
2025-12-08T11:45:00.132+0530	DEBUG	kafka/producer.go:48	published candle	{"symbol": "INFY", "topic": "candles.1m", "time": "2025-12-08T11:44:00.000+0530"}
2025-12-08T11:45:00.143+0530	DEBUG	kafka/producer.go:48	published candle	{"symbol": "ICICIBANK", "topic": "candles.1m", "time": "2025-12-08T11:44:00.000+0530"}
2025-12-08T11:45:00.154+0530	DEBUG	kafka/producer.go:48	published candle	{"symbol": "SBIN", "topic": "candles.1m", "time": "2025-12-08T11:44:00.000+0530"}
2025-12-08T11:45:00.166+0530	DEBUG	kafka/producer.go:48	published candle	{"symbol": "LT", "topic": "candles.1m", "time": "2025-12-08T11:44:00.000+0530"}
2025-12-08T11:45:00.177+0530	DEBUG	kafka/producer.go:48	published candle	{"symbol": "HDFCBANK", "topic": "candles.1m", "time": "2025-12-08T11:44:00.000+0530"}
2025-12-08T11:45:00.189+0530	DEBUG	kafka/producer.go:48	published candle	{"symbol": "BAJFINANCE", "topic": "candles.1m", "time": "2025-12-08T11:44:00.000+0530"}
2025-12-08T11:45:00.200+0530	DEBUG	kafka/producer.go:48	published candle	{"symbol": "BHARTIARTL", "topic": "candles.1m", "time": "2025-12-08T11:44:00.000+0530"}
2025-12-08T11:45:00.211+0530	DEBUG	kafka/producer.go:48	published candle	{"symbol": "RELIANCE", "topic": "candles.1m", "time": "2025-12-08T11:44:00.000+0530"}
2025-12-08T11:45:00.222+0530	DEBUG	kafka/producer.go:48	published candle	{"symbol": "ZOMATO", "topic": "candles.1m", "time": "2025-12-08T11:44:00.000+0530"}
2025-12-08T11:45:00.234+0530	DEBUG	kafka/producer.go:48	published candle	{"symbol": "NESTLEIND", "topic": "candles.1m", "time": "2025-12-08T11:44:00.000+0530"}
2025-12-08T11:45:00.246+0530	DEBUG	kafka/producer.go:48	published candle	{"symbol": "TCS", "topic": "candles.1m", "time": "2025-12-08T11:44:00.000+0530"}
2025-12-08T11:45:00.257+0530	DEBUG	kafka/producer.go:48	published candle	{"symbol": "NTPC", "topic": "candles.1m", "time": "2025-12-08T11:44:00.000+0530"}
2025-12-08T11:45:00.268+0530	DEBUG	kafka/producer.go:48	published candle	{"symbol": "WIPRO", "topic": "candles.1m", "time": "2025-12-08T11:44:00.000+0530"}
2025-12-08T11:45:00.280+0530	DEBUG	kafka/producer.go:48	published candle	{"symbol": "HDFCLIFE", "topic": "candles.1m", "time": "2025-12-08T11:44:00.000+0530"}
2025-12-08T11:45:00.292+0530	DEBUG	kafka/producer.go:48	published candle	{"symbol": "AXISBANK", "topic": "candles.1m", "time": "2025-12-08T11:44:00.000+0530"}
2025-12-08T11:45:00.303+0530	DEBUG	kafka/producer.go:48	published candle	{"symbol": "TATASTEEL", "topic": "candles.1m", "time": "2025-12-08T11:44:00.000+0530"}
2025-12-08T11:45:00.315+0530	DEBUG	kafka/producer.go:48	published candle	{"symbol": "ADANIPORTS", "topic": "candles.1m", "time": "2025-12-08T11:44:00.000+0530"}
2025-12-08T11:45:00.327+0530	DEBUG	kafka/producer.go:48	published candle	{"symbol": "HCLTECH", "topic": "candles.1m", "time": "2025-12-08T11:44:00.000+0530"}
2025-12-08T11:45:00.337+0530	DEBUG	kafka/producer.go:48	published candle	{"symbol": "BAJAJFINSV", "topic": "candles.1m", "time": "2025-12-08T11:44:00.000+0530"}
2025-12-08T11:45:00.349+0530	DEBUG	kafka/producer.go:48	published candle	{"symbol": "POWERGRID", "topic": "candles.1m", "time": "2025-12-08T11:44:00.000+0530"}
2025-12-08T11:45:00.361+0530	DEBUG	kafka/producer.go:48	published candle	{"symbol": "TATAMOTORS", "topic": "candles.1m", "time": "2025-12-08T11:44:00.000+0530"}
2025-12-08T11:45:00.372+0530	DEBUG	kafka/producer.go:48	published candle	{"symbol": "BEL", "topic": "candles.1m", "time": "2025-12-08T11:44:00.000+0530"}
2025-12-08T11:45:00.383+0530	DEBUG	kafka/producer.go:48	published candle	{"symbol": "COALINDIA", "topic": "candles.1m", "time": "2025-12-08T11:44:00.000+0530"}
2025-12-08T11:45:00.395+0530	DEBUG	kafka/producer.go:48	published candle	{"symbol": "CIPLA", "topic": "candles.1m", "time": "2025-12-08T11:44:00.000+0530"}
2025-12-08T11:45:00.406+0530	DEBUG	kafka/producer.go:48	published candle	{"symbol": "TECHM", "topic": "candles.1m", "time": "2025-12-08T11:44:00.000+0530"}
2025-12-08T11:45:00.418+0530	DEBUG	kafka/producer.go:48	published candle	{"symbol": "MARUTI", "topic": "candles.1m", "time": "2025-12-08T11:44:00.000+0530"}
2025-12-08T11:45:00.430+0530	DEBUG	kafka/producer.go:48	published candle	{"symbol": "ITC", "topic": "candles.1m", "time": "2025-12-08T11:44:00.000+0530"}
2025-12-08T11:45:00.440+0530	DEBUG	kafka/producer.go:48	published candle	{"symbol": "JIOFIN", "topic": "candles.1m", "time": "2025-12-08T11:44:00.000+0530"}
2025-12-08T11:45:00.452+0530	DEBUG	kafka/producer.go:48	published candle	{"symbol": "SUNPHARMA", "topic": "candles.1m", "time": "2025-12-08T11:44:00.000+0530"}
2025-12-08T11:45:00.463+0530	DEBUG	kafka/producer.go:48	published candle	{"symbol": "HINDUNILVR", "topic": "candles.1m", "time": "2025-12-08T11:44:00.000+0530"}
2025-12-08T11:45:00.548+0530	DEBUG	kafka/producer.go:48	published candle	{"symbol": "TITAN", "topic": "candles.1m", "time": "2025-12-08T11:44:00.000+0530"}
2025-12-08T11:45:00.560+0530	DEBUG	kafka/producer.go:48	published candle	{"symbol": "JSWSTEEL", "topic": "candles.1m", "time": "2025-12-08T11:44:00.000+0530"}
2025-12-08T11:45:00.974+0530	DEBUG	kafka/producer.go:48	published candle	{"symbol": "GRASIM", "topic": "candles.1m", "time": "2025-12-08T11:44:00.000+0530"}
2025-12-08T11:45:00.985+0530	DEBUG	kafka/producer.go:48	published candle	{"symbol": "ADANIENT", "topic": "candles.1m", "time": "2025-12-08T11:44:00.000+0530"}
2025-12-08T11:45:00.996+0530	DEBUG	kafka/producer.go:48	published candle	{"symbol": "TRENT", "topic": "candles.1m", "time": "2025-12-08T11:44:00.000+0530"}
2025-12-08T11:45:01.008+0530	DEBUG	kafka/producer.go:48	published candle	{"symbol": "M&M", "topic": "candles.1m", "time": "2025-12-08T11:44:00.000+0530"}
2025-12-08T11:45:01.154+0530	DEBUG	kafka/producer.go:48	published candle	{"symbol": "DRREDDY", "topic": "candles.1m", "time": "2025-12-08T11:44:00.000+0530"}
2025-12-08T11:45:01.165+0530	DEBUG	kafka/producer.go:48	published candle	{"symbol": "KOTAKBANK", "topic": "candles.1m", "time": "2025-12-08T11:44:00.000+0530"}
2025-12-08T11:45:01.176+0530	DEBUG	kafka/producer.go:48	published candle	{"symbol": "SBILIFE", "topic": "candles.1m", "time": "2025-12-08T11:44:00.000+0530"}
2025-12-08T11:45:01.188+0530	DEBUG	kafka/producer.go:48	published candle	{"symbol": "ULTRACEMCO", "topic": "candles.1m", "time": "2025-12-08T11:44:00.000+0530"}
2025-12-08T11:45:01.200+0530	DEBUG	kafka/producer.go:48	published candle	{"symbol": "HEROMOTOCO", "topic": "candles.1m", "time": "2025-12-08T11:44:00.000+0530"}
2025-12-08T11:45:01.211+0530	DEBUG	kafka/producer.go:48	published candle	{"symbol": "APOLLOHOSP", "topic": "candles.1m", "time": "2025-12-08T11:44:00.000+0530"}
2025-12-08T11:45:02.651+0530	DEBUG	kafka/producer.go:48	published candle	{"symbol": "BAJAJ", "topic": "candles.1m", "time": "2025-12-08T11:44:00.000+0530"}
2025-12-08T11:45:02.949+0530	DEBUG	kafka/producer.go:48	published candle	{"symbol": "ONGC", "topic": "candles.1m", "time": "2025-12-08T11:44:00.000+0530"}
2025-12-08T11:45:04.052+0530	DEBUG	kafka/producer.go:48	published candle	{"symbol": "ASIANPAINT", "topic": "candles.1m", "time": "2025-12-08T11:44:00.000+0530"}
2025-12-08T11:45:04.148+0530	DEBUG	kafka/producer.go:48	published candle	{"symbol": "TATACONSUM", "topic": "candles.1m", "time": "2025-12-08T11:44:00.000+0530"}
2025-12-08T11:45:04.554+0530	DEBUG	kafka/producer.go:48	published candle	{"symbol": "EICHERMOT", "topic": "candles.1m", "time": "2025-12-08T11:44:00.000+0530"}
2025-12-08T11:46:00.039+0530	DEBUG	kafka/producer.go:48	published candle	{"symbol": "TRENT", "topic": "candles.1m", "time": "2025-12-08T11:45:00.000+0530"}
2025-12-08T11:46:00.050+0530	DEBUG	kafka/producer.go:48	published candle	{"symbol": "JSWSTEEL", "topic": "candles.1m", "time": "2025-12-08T11:45:00.000+0530"}
2025-12-08T11:46:00.062+0530	DEBUG	kafka/producer.go:48	published candle	{"symbol": "BHARTIARTL", "topic": "candles.1m", "time": "2025-12-08T11:45:00.000+0530"}
2025-12-08T11:46:00.074+0530	DEBUG	kafka/producer.go:48	published candle	{"symbol": "LT", "topic": "candles.1m", "time": "2025-12-08T11:45:00.000+0530"}
2025-12-08T11:46:00.085+0530	DEBUG	kafka/producer.go:48	published candle	{"symbol": "TATASTEEL", "topic": "candles.1m", "time": "2025-12-08T11:45:00.000+0530"}
2025-12-08T11:46:00.097+0530	DEBUG	kafka/producer.go:48	published candle	{"symbol": "HDFCLIFE", "topic": "candles.1m", "time": "2025-12-08T11:45:00.000+0530"}
2025-12-08T11:46:00.108+0530	DEBUG	kafka/producer.go:48	published candle	{"symbol": "SBILIFE", "topic": "candles.1m", "time": "2025-12-08T11:45:00.000+0530"}
2025-12-08T11:46:00.120+0530	DEBUG	kafka/producer.go:48	published candle	{"symbol": "ULTRACEMCO", "topic": "candles.1m", "time": "2025-12-08T11:45:00.000+0530"}
2025-12-08T11:46:00.174+0530	DEBUG	kafka/producer.go:48	published candle	{"symbol": "HINDUNILVR", "topic": "candles.1m", "time": "2025-12-08T11:45:00.000+0530"}
2025-12-08T11:46:00.186+0530	DEBUG	kafka/producer.go:48	published candle	{"symbol": "BAJAJFINSV", "topic": "candles.1m", "time": "2025-12-08T11:45:00.000+0530"}
2025-12-08T11:46:00.197+0530	DEBUG	kafka/producer.go:48	published candle	{"symbol": "TCS", "topic": "candles.1m", "time": "2025-12-08T11:45:00.000+0530"}
2025-12-08T11:46:00.209+0530	DEBUG	kafka/producer.go:48	published candle	{"symbol": "NESTLEIND", "topic": "candles.1m", "time": "2025-12-08T11:45:00.000+0530"}
2025-12-08T11:46:00.221+0530	DEBUG	kafka/producer.go:48	published candle	{"symbol": "INFY", "topic": "candles.1m", "time": "2025-12-08T11:45:00.000+0530"}
2025-12-08T11:46:00.231+0530	DEBUG	kafka/producer.go:48	published candle	{"symbol": "SBIN", "topic": "candles.1m", "time": "2025-12-08T11:45:00.000+0530"}
2025-12-08T11:46:00.243+0530	DEBUG	kafka/producer.go:48	published candle	{"symbol": "RELIANCE", "topic": "candles.1m", "time": "2025-12-08T11:45:00.000+0530"}
2025-12-08T11:46:00.254+0530	DEBUG	kafka/producer.go:48	published candle	{"symbol": "ICICIBANK", "topic": "candles.1m", "time": "2025-12-08T11:45:00.000+0530"}
2025-12-08T11:46:00.266+0530	DEBUG	kafka/producer.go:48	published candle	{"symbol": "POWERGRID", "topic": "candles.1m", "time": "2025-12-08T11:45:00.000+0530"}
2025-12-08T11:46:00.277+0530	DEBUG	kafka/producer.go:48	published candle	{"symbol": "BAJFINANCE", "topic": "candles.1m", "time": "2025-12-08T11:45:00.000+0530"}
2025-12-08T11:46:00.289+0530	DEBUG	kafka/producer.go:48	published candle	{"symbol": "HDFCBANK", "topic": "candles.1m", "time": "2025-12-08T11:45:00.000+0530"}
2025-12-08T11:46:00.301+0530	DEBUG	kafka/producer.go:48	published candle	{"symbol": "ONGC", "topic": "candles.1m", "time": "2025-12-08T11:45:00.000+0530"}
2025-12-08T11:46:00.312+0530	DEBUG	kafka/producer.go:48	published candle	{"symbol": "SHRIRAMFIN", "topic": "candles.1m", "time": "2025-12-08T11:45:00.000+0530"}
2025-12-08T11:46:00.324+0530	DEBUG	kafka/producer.go:48	published candle	{"symbol": "AXISBANK", "topic": "candles.1m", "time": "2025-12-08T11:45:00.000+0530"}
2025-12-08T11:46:00.334+0530	DEBUG	kafka/producer.go:48	published candle	{"symbol": "M&M", "topic": "candles.1m", "time": "2025-12-08T11:45:00.000+0530"}
2025-12-08T11:46:00.346+0530	DEBUG	kafka/producer.go:48	published candle	{"symbol": "TATACONSUM", "topic": "candles.1m", "time": "2025-12-08T11:45:00.000+0530"}
2025-12-08T11:46:00.358+0530	DEBUG	kafka/producer.go:48	published candle	{"symbol": "ZOMATO", "topic": "candles.1m", "time": "2025-12-08T11:45:00.000+0530"}
2025-12-08T11:46:00.369+0530	DEBUG	kafka/producer.go:48	published candle	{"symbol": "WIPRO", "topic": "candles.1m", "time": "2025-12-08T11:45:00.000+0530"}
2025-12-08T11:46:00.380+0530	DEBUG	kafka/producer.go:48	published candle	{"symbol": "NTPC", "topic": "candles.1m", "time": "2025-12-08T11:45:00.000+0530"}
2025-12-08T11:46:00.392+0530	DEBUG	kafka/producer.go:48	published candle	{"symbol": "TATAMOTORS", "topic": "candles.1m", "time": "2025-12-08T11:45:00.000+0530"}
2025-12-08T11:46:00.403+0530	DEBUG	kafka/producer.go:48	published candle	{"symbol": "SUNPHARMA", "topic": "candles.1m", "time": "2025-12-08T11:45:00.000+0530"}
2025-12-08T11:46:00.415+0530	DEBUG	kafka/producer.go:48	published candle	{"symbol": "COALINDIA", "topic": "candles.1m", "time": "2025-12-08T11:45:00.000+0530"}
2025-12-08T11:46:00.426+0530	DEBUG	kafka/producer.go:48	published candle	{"symbol": "TECHM", "topic": "candles.1m", "time": "2025-12-08T11:45:00.000+0530"}
2025-12-08T11:46:00.437+0530	DEBUG	kafka/producer.go:48	published candle	{"symbol": "MARUTI", "topic": "candles.1m", "time": "2025-12-08T11:45:00.000+0530"}
2025-12-08T11:46:00.449+0530	DEBUG	kafka/producer.go:48	published candle	{"symbol": "ITC", "topic": "candles.1m", "time": "2025-12-08T11:45:00.000+0530"}
2025-12-08T11:46:00.460+0530	DEBUG	kafka/producer.go:48	published candle	{"symbol": "JIOFIN", "topic": "candles.1m", "time": "2025-12-08T11:45:00.000+0530"}
2025-12-08T11:46:00.472+0530	DEBUG	kafka/producer.go:48	published candle	{"symbol": "ASIANPAINT", "topic": "candles.1m", "time": "2025-12-08T11:45:00.000+0530"}
2025-12-08T11:46:00.483+0530	DEBUG	kafka/producer.go:48	published candle	{"symbol": "DRREDDY", "topic": "candles.1m", "time": "2025-12-08T11:45:00.000+0530"}
2025-12-08T11:46:00.495+0530	DEBUG	kafka/producer.go:48	published candle	{"symbol": "INDUSINDBK", "topic": "candles.1m", "time": "2025-12-08T11:45:00.000+0530"}
2025-12-08T11:46:00.507+0530	DEBUG	kafka/producer.go:48	published candle	{"symbol": "EICHERMOT", "topic": "candles.1m", "time": "2025-12-08T11:45:00.000+0530"}
2025-12-08T11:46:00.518+0530	DEBUG	kafka/producer.go:48	published candle	{"symbol": "TITAN", "topic": "candles.1m", "time": "2025-12-08T11:45:00.000+0530"}
2025-12-08T11:46:00.529+0530	DEBUG	kafka/producer.go:48	published candle	{"symbol": "BEL", "topic": "candles.1m", "time": "2025-12-08T11:45:00.000+0530"}
2025-12-08T11:46:00.540+0530	DEBUG	kafka/producer.go:48	published candle	{"symbol": "HEROMOTOCO", "topic": "candles.1m", "time": "2025-12-08T11:45:00.000+0530"}
2025-12-08T11:46:00.638+0530	DEBUG	kafka/producer.go:48	published candle	{"symbol": "HCLTECH", "topic": "candles.1m", "time": "2025-12-08T11:45:00.000+0530"}
2025-12-08T11:46:00.738+0530	DEBUG	kafka/producer.go:48	published candle	{"symbol": "CIPLA", "topic": "candles.1m", "time": "2025-12-08T11:45:00.000+0530"}
2025-12-08T11:46:00.750+0530	DEBUG	kafka/producer.go:48	published candle	{"symbol": "ADANIENT", "topic": "candles.1m", "time": "2025-12-08T11:45:00.000+0530"}
2025-12-08T11:46:00.762+0530	DEBUG	kafka/producer.go:48	published candle	{"symbol": "ADANIPORTS", "topic": "candles.1m", "time": "2025-12-08T11:45:00.000+0530"}
2025-12-08T11:46:00.849+0530	DEBUG	kafka/producer.go:48	published candle	{"symbol": "APOLLOHOSP", "topic": "candles.1m", "time": "2025-12-08T11:45:00.000+0530"}
2025-12-08T11:46:00.937+0530	DEBUG	kafka/producer.go:48	published candle	{"symbol": "KOTAKBANK", "topic": "candles.1m", "time": "2025-12-08T11:45:00.000+0530"}
2025-12-08T11:46:01.160+0530	DEBUG	kafka/producer.go:48	published candle	{"symbol": "GRASIM", "topic": "candles.1m", "time": "2025-12-08T11:45:00.000+0530"}
2025-12-08T11:46:02.161+0530	DEBUG	kafka/producer.go:48	published candle	{"symbol": "HINDALCO", "topic": "candles.1m", "time": "2025-12-08T11:45:00.000+0530"}
2025-12-08T11:46:03.463+0530	DEBUG	kafka/producer.go:48	published candle	{"symbol": "BAJAJ", "topic": "candles.1m", "time": "2025-12-08T11:45:00.000+0530"}
2025-12-08T11:47:00.020+0530	DEBUG	kafka/producer.go:48	published candle	{"symbol": "HDFCBANK", "topic": "candles.1m", "time": "2025-12-08T11:46:00.000+0530"}
2025-12-08T11:47:00.033+0530	DEBUG	kafka/producer.go:48	published candle	{"symbol": "ZOMATO", "topic": "candles.1m", "time": "2025-12-08T11:46:00.000+0530"}
2025-12-08T11:47:00.045+0530	DEBUG	kafka/producer.go:48	published candle	{"symbol": "RELIANCE", "topic": "candles.1m", "time": "2025-12-08T11:46:00.000+0530"}
2025-12-08T11:47:00.057+0530	DEBUG	kafka/producer.go:48	published candle	{"symbol": "ONGC", "topic": "candles.1m", "time": "2025-12-08T11:46:00.000+0530"}
2025-12-08T11:47:00.069+0530	DEBUG	kafka/producer.go:48	published candle	{"symbol": "HINDUNILVR", "topic": "candles.1m", "time": "2025-12-08T11:46:00.000+0530"}
2025-12-08T11:47:00.112+0530	DEBUG	kafka/producer.go:48	published candle	{"symbol": "INDUSINDBK", "topic": "candles.1m", "time": "2025-12-08T11:46:00.000+0530"}
2025-12-08T11:47:00.167+0530	DEBUG	kafka/producer.go:48	published candle	{"symbol": "INFY", "topic": "candles.1m", "time": "2025-12-08T11:46:00.000+0530"}
2025-12-08T11:47:00.178+0530	DEBUG	kafka/producer.go:48	published candle	{"symbol": "BHARTIARTL", "topic": "candles.1m", "time": "2025-12-08T11:46:00.000+0530"}
2025-12-08T11:47:00.190+0530	DEBUG	kafka/producer.go:48	published candle	{"symbol": "TCS", "topic": "candles.1m", "time": "2025-12-08T11:46:00.000+0530"}
2025-12-08T11:47:00.202+0530	DEBUG	kafka/producer.go:48	published candle	{"symbol": "SBIN", "topic": "candles.1m", "time": "2025-12-08T11:46:00.000+0530"}
2025-12-08T11:47:00.213+0530	DEBUG	kafka/producer.go:48	published candle	{"symbol": "BAJFINANCE", "topic": "candles.1m", "time": "2025-12-08T11:46:00.000+0530"}
2025-12-08T11:47:00.225+0530	DEBUG	kafka/producer.go:48	published candle	{"symbol": "SUNPHARMA", "topic": "candles.1m", "time": "2025-12-08T11:46:00.000+0530"}
2025-12-08T11:47:00.236+0530	DEBUG	kafka/producer.go:48	published candle	{"symbol": "M&M", "topic": "candles.1m", "time": "2025-12-08T11:46:00.000+0530"}
2025-12-08T11:47:00.248+0530	DEBUG	kafka/producer.go:48	published candle	{"symbol": "BEL", "topic": "candles.1m", "time": "2025-12-08T11:46:00.000+0530"}
2025-12-08T11:47:00.260+0530	DEBUG	kafka/producer.go:48	published candle	{"symbol": "KOTAKBANK", "topic": "candles.1m", "time": "2025-12-08T11:46:00.000+0530"}
2025-12-08T11:47:00.270+0530	DEBUG	kafka/producer.go:48	published candle	{"symbol": "NESTLEIND", "topic": "candles.1m", "time": "2025-12-08T11:46:00.000+0530"}
2025-12-08T11:47:00.282+0530	DEBUG	kafka/producer.go:48	published candle	{"symbol": "NTPC", "topic": "candles.1m", "time": "2025-12-08T11:46:00.000+0530"}
2025-12-08T11:47:00.293+0530	DEBUG	kafka/producer.go:48	published candle	{"symbol": "POWERGRID", "topic": "candles.1m", "time": "2025-12-08T11:46:00.000+0530"}
2025-12-08T11:47:00.305+0530	DEBUG	kafka/producer.go:48	published candle	{"symbol": "TATAMOTORS", "topic": "candles.1m", "time": "2025-12-08T11:46:00.000+0530"}
2025-12-08T11:47:00.315+0530	DEBUG	kafka/producer.go:48	published candle	{"symbol": "AXISBANK", "topic": "candles.1m", "time": "2025-12-08T11:46:00.000+0530"}
2025-12-08T11:47:00.327+0530	DEBUG	kafka/producer.go:48	published candle	{"symbol": "TATASTEEL", "topic": "candles.1m", "time": "2025-12-08T11:46:00.000+0530"}
2025-12-08T11:47:00.339+0530	DEBUG	kafka/producer.go:48	published candle	{"symbol": "WIPRO", "topic": "candles.1m", "time": "2025-12-08T11:46:00.000+0530"}
2025-12-08T11:47:00.350+0530	DEBUG	kafka/producer.go:48	published candle	{"symbol": "ADANIPORTS", "topic": "candles.1m", "time": "2025-12-08T11:46:00.000+0530"}
2025-12-08T11:47:00.362+0530	DEBUG	kafka/producer.go:48	published candle	{"symbol": "LT", "topic": "candles.1m", "time": "2025-12-08T11:46:00.000+0530"}
2025-12-08T11:47:00.374+0530	DEBUG	kafka/producer.go:48	published candle	{"symbol": "COALINDIA", "topic": "candles.1m", "time": "2025-12-08T11:46:00.000+0530"}
2025-12-08T11:47:00.386+0530	DEBUG	kafka/producer.go:48	published candle	{"symbol": "CIPLA", "topic": "candles.1m", "time": "2025-12-08T11:46:00.000+0530"}
2025-12-08T11:47:00.397+0530	DEBUG	kafka/producer.go:48	published candle	{"symbol": "ITC", "topic": "candles.1m", "time": "2025-12-08T11:46:00.000+0530"}
2025-12-08T11:47:00.409+0530	DEBUG	kafka/producer.go:48	published candle	{"symbol": "HINDALCO", "topic": "candles.1m", "time": "2025-12-08T11:46:00.000+0530"}
2025-12-08T11:47:00.420+0530	DEBUG	kafka/producer.go:48	published candle	{"symbol": "JIOFIN", "topic": "candles.1m", "time": "2025-12-08T11:46:00.000+0530"}
2025-12-08T11:47:00.432+0530	DEBUG	kafka/producer.go:48	published candle	{"symbol": "BAJAJFINSV", "topic": "candles.1m", "time": "2025-12-08T11:46:00.000+0530"}
2025-12-08T11:47:00.444+0530	DEBUG	kafka/producer.go:48	published candle	{"symbol": "HDFCLIFE", "topic": "candles.1m", "time": "2025-12-08T11:46:00.000+0530"}
2025-12-08T11:47:00.455+0530	DEBUG	kafka/producer.go:48	published candle	{"symbol": "ICICIBANK", "topic": "candles.1m", "time": "2025-12-08T11:46:00.000+0530"}
2025-12-08T11:47:00.467+0530	DEBUG	kafka/producer.go:48	published candle	{"symbol": "ULTRACEMCO", "topic": "candles.1m", "time": "2025-12-08T11:46:00.000+0530"}
2025-12-08T11:47:00.478+0530	DEBUG	kafka/producer.go:48	published candle	{"symbol": "TATACONSUM", "topic": "candles.1m", "time": "2025-12-08T11:46:00.000+0530"}
2025-12-08T11:47:00.490+0530	DEBUG	kafka/producer.go:48	published candle	{"symbol": "JSWSTEEL", "topic": "candles.1m", "time": "2025-12-08T11:46:00.000+0530"}
2025-12-08T11:47:00.501+0530	DEBUG	kafka/producer.go:48	published candle	{"symbol": "GRASIM", "topic": "candles.1m", "time": "2025-12-08T11:46:00.000+0530"}
2025-12-08T11:47:00.513+0530	DEBUG	kafka/producer.go:48	published candle	{"symbol": "ADANIENT", "topic": "candles.1m", "time": "2025-12-08T11:46:00.000+0530"}
2025-12-08T11:47:00.525+0530	DEBUG	kafka/producer.go:48	published candle	{"symbol": "SHRIRAMFIN", "topic": "candles.1m", "time": "2025-12-08T11:46:00.000+0530"}
2025-12-08T11:47:00.536+0530	DEBUG	kafka/producer.go:48	published candle	{"symbol": "TITAN", "topic": "candles.1m", "time": "2025-12-08T11:46:00.000+0530"}
2025-12-08T11:47:00.548+0530	DEBUG	kafka/producer.go:48	published candle	{"symbol": "BAJAJ", "topic": "candles.1m", "time": "2025-12-08T11:46:00.000+0530"}
2025-12-08T11:47:00.613+0530	DEBUG	kafka/producer.go:48	published candle	{"symbol": "TECHM", "topic": "candles.1m", "time": "2025-12-08T11:46:00.000+0530"}
2025-12-08T11:47:00.848+0530	DEBUG	kafka/producer.go:48	published candle	{"symbol": "TRENT", "topic": "candles.1m", "time": "2025-12-08T11:46:00.000+0530"}
2025-12-08T11:47:01.180+0530	DEBUG	kafka/producer.go:48	published candle	{"symbol": "HCLTECH", "topic": "candles.1m", "time": "2025-12-08T11:46:00.000+0530"}
2025-12-08T11:47:01.191+0530	DEBUG	kafka/producer.go:48	published candle	{"symbol": "HEROMOTOCO", "topic": "candles.1m", "time": "2025-12-08T11:46:00.000+0530"}
2025-12-08T11:47:01.203+0530	DEBUG	kafka/producer.go:48	published candle	{"symbol": "APOLLOHOSP", "topic": "candles.1m", "time": "2025-12-08T11:46:00.000+0530"}
2025-12-08T11:47:01.326+0530	DEBUG	kafka/producer.go:48	published candle	{"symbol": "MARUTI", "topic": "candles.1m", "time": "2025-12-08T11:46:00.000+0530"}
2025-12-08T11:47:01.719+0530	DEBUG	kafka/producer.go:48	published candle	{"symbol": "ASIANPAINT", "topic": "candles.1m", "time": "2025-12-08T11:46:00.000+0530"}
2025-12-08T11:47:01.731+0530	DEBUG	kafka/producer.go:48	published candle	{"symbol": "DRREDDY", "topic": "candles.1m", "time": "2025-12-08T11:46:00.000+0530"}
2025-12-08T11:47:01.917+0530	DEBUG	kafka/producer.go:48	published candle	{"symbol": "SBILIFE", "topic": "candles.1m", "time": "2025-12-08T11:46:00.000+0530"}
2025-12-08T11:47:02.119+0530	DEBUG	kafka/producer.go:48	published candle	{"symbol": "EICHERMOT", "topic": "candles.1m", "time": "2025-12-08T11:46:00.000+0530"}
2025-12-08T11:48:00.142+0530	DEBUG	kafka/producer.go:48	published candle	{"symbol": "SBILIFE", "topic": "candles.1m", "time": "2025-12-08T11:47:00.000+0530"}
2025-12-08T11:48:00.154+0530	DEBUG	kafka/producer.go:48	published candle	{"symbol": "HDFCBANK", "topic": "candles.1m", "time": "2025-12-08T11:47:00.000+0530"}
2025-12-08T11:48:00.166+0530	DEBUG	kafka/producer.go:48	published candle	{"symbol": "TITAN", "topic": "candles.1m", "time": "2025-12-08T11:47:00.000+0530"}
2025-12-08T11:48:00.177+0530	DEBUG	kafka/producer.go:48	published candle	{"symbol": "INFY", "topic": "candles.1m", "time": "2025-12-08T11:47:00.000+0530"}
2025-12-08T11:48:00.188+0530	DEBUG	kafka/producer.go:48	published candle	{"symbol": "SBIN", "topic": "candles.1m", "time": "2025-12-08T11:47:00.000+0530"}
2025-12-08T11:48:00.200+0530	DEBUG	kafka/producer.go:48	published candle	{"symbol": "ICICIBANK", "topic": "candles.1m", "time": "2025-12-08T11:47:00.000+0530"}
2025-12-08T11:48:00.211+0530	DEBUG	kafka/producer.go:48	published candle	{"symbol": "KOTAKBANK", "topic": "candles.1m", "time": "2025-12-08T11:47:00.000+0530"}
2025-12-08T11:48:00.221+0530	DEBUG	kafka/producer.go:48	published candle	{"symbol": "AXISBANK", "topic": "candles.1m", "time": "2025-12-08T11:47:00.000+0530"}
2025-12-08T11:48:00.233+0530	DEBUG	kafka/producer.go:48	published candle	{"symbol": "SUNPHARMA", "topic": "candles.1m", "time": "2025-12-08T11:47:00.000+0530"}
2025-12-08T11:48:00.245+0530	DEBUG	kafka/producer.go:48	published candle	{"symbol": "RELIANCE", "topic": "candles.1m", "time": "2025-12-08T11:47:00.000+0530"}
2025-12-08T11:48:00.256+0530	DEBUG	kafka/producer.go:48	published candle	{"symbol": "TATACONSUM", "topic": "candles.1m", "time": "2025-12-08T11:47:00.000+0530"}
2025-12-08T11:48:00.268+0530	DEBUG	kafka/producer.go:48	published candle	{"symbol": "HDFCLIFE", "topic": "candles.1m", "time": "2025-12-08T11:47:00.000+0530"}
2025-12-08T11:48:00.280+0530	DEBUG	kafka/producer.go:48	published candle	{"symbol": "TATAMOTORS", "topic": "candles.1m", "time": "2025-12-08T11:47:00.000+0530"}
2025-12-08T11:48:00.292+0530	DEBUG	kafka/producer.go:48	published candle	{"symbol": "TCS", "topic": "candles.1m", "time": "2025-12-08T11:47:00.000+0530"}
2025-12-08T11:48:00.305+0530	DEBUG	kafka/producer.go:48	published candle	{"symbol": "TECHM", "topic": "candles.1m", "time": "2025-12-08T11:47:00.000+0530"}
2025-12-08T11:48:00.317+0530	DEBUG	kafka/producer.go:48	published candle	{"symbol": "NTPC", "topic": "candles.1m", "time": "2025-12-08T11:47:00.000+0530"}
2025-12-08T11:48:00.328+0530	DEBUG	kafka/producer.go:48	published candle	{"symbol": "ZOMATO", "topic": "candles.1m", "time": "2025-12-08T11:47:00.000+0530"}
2025-12-08T11:48:00.339+0530	DEBUG	kafka/producer.go:48	published candle	{"symbol": "TRENT", "topic": "candles.1m", "time": "2025-12-08T11:47:00.000+0530"}
2025-12-08T11:48:00.351+0530	DEBUG	kafka/producer.go:48	published candle	{"symbol": "BEL", "topic": "candles.1m", "time": "2025-12-08T11:47:00.000+0530"}
2025-12-08T11:48:00.362+0530	DEBUG	kafka/producer.go:48	published candle	{"symbol": "LT", "topic": "candles.1m", "time": "2025-12-08T11:47:00.000+0530"}
2025-12-08T11:48:00.374+0530	DEBUG	kafka/producer.go:48	published candle	{"symbol": "BHARTIARTL", "topic": "candles.1m", "time": "2025-12-08T11:47:00.000+0530"}
2025-12-08T11:48:00.384+0530	DEBUG	kafka/producer.go:48	published candle	{"symbol": "SHRIRAMFIN", "topic": "candles.1m", "time": "2025-12-08T11:47:00.000+0530"}
2025-12-08T11:48:00.396+0530	DEBUG	kafka/producer.go:48	published candle	{"symbol": "DRREDDY", "topic": "candles.1m", "time": "2025-12-08T11:47:00.000+0530"}
2025-12-08T11:48:00.408+0530	DEBUG	kafka/producer.go:48	published candle	{"symbol": "JIOFIN", "topic": "candles.1m", "time": "2025-12-08T11:47:00.000+0530"}
2025-12-08T11:48:00.419+0530	DEBUG	kafka/producer.go:48	published candle	{"symbol": "BAJAJFINSV", "topic": "candles.1m", "time": "2025-12-08T11:47:00.000+0530"}
2025-12-08T11:48:00.430+0530	DEBUG	kafka/producer.go:48	published candle	{"symbol": "HINDUNILVR", "topic": "candles.1m", "time": "2025-12-08T11:47:00.000+0530"}
2025-12-08T11:48:00.442+0530	DEBUG	kafka/producer.go:48	published candle	{"symbol": "INDUSINDBK", "topic": "candles.1m", "time": "2025-12-08T11:47:00.000+0530"}
2025-12-08T11:48:00.453+0530	DEBUG	kafka/producer.go:48	published candle	{"symbol": "ULTRACEMCO", "topic": "candles.1m", "time": "2025-12-08T11:47:00.000+0530"}
2025-12-08T11:48:00.465+0530	DEBUG	kafka/producer.go:48	published candle	{"symbol": "EICHERMOT", "topic": "candles.1m", "time": "2025-12-08T11:47:00.000+0530"}
2025-12-08T11:48:00.477+0530	DEBUG	kafka/producer.go:48	published candle	{"symbol": "HCLTECH", "topic": "candles.1m", "time": "2025-12-08T11:47:00.000+0530"}
2025-12-08T11:48:00.489+0530	DEBUG	kafka/producer.go:48	published candle	{"symbol": "HEROMOTOCO", "topic": "candles.1m", "time": "2025-12-08T11:47:00.000+0530"}
2025-12-08T11:48:00.501+0530	DEBUG	kafka/producer.go:48	published candle	{"symbol": "GRASIM", "topic": "candles.1m", "time": "2025-12-08T11:47:00.000+0530"}
2025-12-08T11:48:00.630+0530	DEBUG	kafka/producer.go:48	published candle	{"symbol": "JSWSTEEL", "topic": "candles.1m", "time": "2025-12-08T11:47:00.000+0530"}
2025-12-08T11:48:00.731+0530	DEBUG	kafka/producer.go:48	published candle	{"symbol": "ONGC", "topic": "candles.1m", "time": "2025-12-08T11:47:00.000+0530"}
2025-12-08T11:48:00.744+0530	DEBUG	kafka/producer.go:48	published candle	{"symbol": "ADANIPORTS", "topic": "candles.1m", "time": "2025-12-08T11:47:00.000+0530"}
2025-12-08T11:48:00.755+0530	DEBUG	kafka/producer.go:48	published candle	{"symbol": "NESTLEIND", "topic": "candles.1m", "time": "2025-12-08T11:47:00.000+0530"}
2025-12-08T11:48:00.856+0530	DEBUG	kafka/producer.go:48	published candle	{"symbol": "APOLLOHOSP", "topic": "candles.1m", "time": "2025-12-08T11:47:00.000+0530"}
2025-12-08T11:48:00.931+0530	DEBUG	kafka/producer.go:48	published candle	{"symbol": "POWERGRID", "topic": "candles.1m", "time": "2025-12-08T11:47:00.000+0530"}
2025-12-08T11:48:02.199+0530	DEBUG	kafka/producer.go:48	published candle	{"symbol": "TATASTEEL", "topic": "candles.1m", "time": "2025-12-08T11:47:00.000+0530"}
2025-12-08T11:48:02.210+0530	DEBUG	kafka/producer.go:48	published candle	{"symbol": "WIPRO", "topic": "candles.1m", "time": "2025-12-08T11:47:00.000+0530"}
2025-12-08T11:48:02.222+0530	DEBUG	kafka/producer.go:48	published candle	{"symbol": "BAJFINANCE", "topic": "candles.1m", "time": "2025-12-08T11:47:00.000+0530"}
2025-12-08T11:48:02.233+0530	DEBUG	kafka/producer.go:48	published candle	{"symbol": "M&M", "topic": "candles.1m", "time": "2025-12-08T11:47:00.000+0530"}
2025-12-08T11:48:02.245+0530	DEBUG	kafka/producer.go:48	published candle	{"symbol": "COALINDIA", "topic": "candles.1m", "time": "2025-12-08T11:47:00.000+0530"}
2025-12-08T11:48:02.256+0530	DEBUG	kafka/producer.go:48	published candle	{"symbol": "MARUTI", "topic": "candles.1m", "time": "2025-12-08T11:47:00.000+0530"}
2025-12-08T11:48:02.268+0530	DEBUG	kafka/producer.go:48	published candle	{"symbol": "ITC", "topic": "candles.1m", "time": "2025-12-08T11:47:00.000+0530"}
2025-12-08T11:48:02.279+0530	DEBUG	kafka/producer.go:48	published candle	{"symbol": "HINDALCO", "topic": "candles.1m", "time": "2025-12-08T11:47:00.000+0530"}
2025-12-08T11:48:02.291+0530	DEBUG	kafka/producer.go:48	published candle	{"symbol": "ASIANPAINT", "topic": "candles.1m", "time": "2025-12-08T11:47:00.000+0530"}
2025-12-08T11:48:02.340+0530	DEBUG	kafka/producer.go:48	published candle	{"symbol": "ADANIENT", "topic": "candles.1m", "time": "2025-12-08T11:47:00.000+0530"}
2025-12-08T11:48:02.433+0530	DEBUG	kafka/producer.go:48	published candle	{"symbol": "BAJAJ", "topic": "candles.1m", "time": "2025-12-08T11:47:00.000+0530"}
2025-12-08T11:48:03.142+0530	DEBUG	kafka/producer.go:48	published candle	{"symbol": "CIPLA", "topic": "candles.1m", "time": "2025-12-08T11:47:00.000+0530"}
2025-12-08T11:49:00.025+0530	DEBUG	kafka/producer.go:48	published candle	{"symbol": "SHRIRAMFIN", "topic": "candles.1m", "time": "2025-12-08T11:48:00.000+0530"}
2025-12-08T11:49:00.038+0530	DEBUG	kafka/producer.go:48	published candle	{"symbol": "HCLTECH", "topic": "candles.1m", "time": "2025-12-08T11:48:00.000+0530"}
2025-12-08T11:49:00.049+0530	DEBUG	kafka/producer.go:48	published candle	{"symbol": "ONGC", "topic": "candles.1m", "time": "2025-12-08T11:48:00.000+0530"}
2025-12-08T11:49:00.122+0530	DEBUG	kafka/producer.go:48	published candle	{"symbol": "SBIN", "topic": "candles.1m", "time": "2025-12-08T11:48:00.000+0530"}
2025-12-08T11:49:00.212+0530	DEBUG	kafka/producer.go:48	published candle	{"symbol": "HEROMOTOCO", "topic": "candles.1m", "time": "2025-12-08T11:48:00.000+0530"}
2025-12-08T11:49:00.224+0530	DEBUG	kafka/producer.go:48	published candle	{"symbol": "NESTLEIND", "topic": "candles.1m", "time": "2025-12-08T11:48:00.000+0530"}
2025-12-08T11:49:00.235+0530	DEBUG	kafka/producer.go:48	published candle	{"symbol": "ZOMATO", "topic": "candles.1m", "time": "2025-12-08T11:48:00.000+0530"}
2025-12-08T11:49:00.246+0530	DEBUG	kafka/producer.go:48	published candle	{"symbol": "INFY", "topic": "candles.1m", "time": "2025-12-08T11:48:00.000+0530"}
2025-12-08T11:49:00.257+0530	DEBUG	kafka/producer.go:48	published candle	{"symbol": "SUNPHARMA", "topic": "candles.1m", "time": "2025-12-08T11:48:00.000+0530"}
2025-12-08T11:49:00.268+0530	DEBUG	kafka/producer.go:48	published candle	{"symbol": "WIPRO", "topic": "candles.1m", "time": "2025-12-08T11:48:00.000+0530"}
2025-12-08T11:49:00.280+0530	DEBUG	kafka/producer.go:48	published candle	{"symbol": "AXISBANK", "topic": "candles.1m", "time": "2025-12-08T11:48:00.000+0530"}
2025-12-08T11:49:00.291+0530	DEBUG	kafka/producer.go:48	published candle	{"symbol": "LT", "topic": "candles.1m", "time": "2025-12-08T11:48:00.000+0530"}
2025-12-08T11:49:00.302+0530	DEBUG	kafka/producer.go:48	published candle	{"symbol": "ICICIBANK", "topic": "candles.1m", "time": "2025-12-08T11:48:00.000+0530"}
2025-12-08T11:49:00.313+0530	DEBUG	kafka/producer.go:48	published candle	{"symbol": "HDFCBANK", "topic": "candles.1m", "time": "2025-12-08T11:48:00.000+0530"}
2025-12-08T11:49:00.325+0530	DEBUG	kafka/producer.go:48	published candle	{"symbol": "TCS", "topic": "candles.1m", "time": "2025-12-08T11:48:00.000+0530"}
2025-12-08T11:49:00.336+0530	DEBUG	kafka/producer.go:48	published candle	{"symbol": "MARUTI", "topic": "candles.1m", "time": "2025-12-08T11:48:00.000+0530"}
2025-12-08T11:49:00.347+0530	DEBUG	kafka/producer.go:48	published candle	{"symbol": "TITAN", "topic": "candles.1m", "time": "2025-12-08T11:48:00.000+0530"}
2025-12-08T11:49:00.358+0530	DEBUG	kafka/producer.go:48	published candle	{"symbol": "HDFCLIFE", "topic": "candles.1m", "time": "2025-12-08T11:48:00.000+0530"}
2025-12-08T11:49:00.369+0530	DEBUG	kafka/producer.go:48	published candle	{"symbol": "BAJAJFINSV", "topic": "candles.1m", "time": "2025-12-08T11:48:00.000+0530"}
2025-12-08T11:49:00.381+0530	DEBUG	kafka/producer.go:48	published candle	{"symbol": "TATAMOTORS", "topic": "candles.1m", "time": "2025-12-08T11:48:00.000+0530"}
2025-12-08T11:49:00.392+0530	DEBUG	kafka/producer.go:48	published candle	{"symbol": "JIOFIN", "topic": "candles.1m", "time": "2025-12-08T11:48:00.000+0530"}
2025-12-08T11:49:00.402+0530	DEBUG	kafka/producer.go:48	published candle	{"symbol": "ASIANPAINT", "topic": "candles.1m", "time": "2025-12-08T11:48:00.000+0530"}
2025-12-08T11:49:00.413+0530	DEBUG	kafka/producer.go:48	published candle	{"symbol": "HINDUNILVR", "topic": "candles.1m", "time": "2025-12-08T11:48:00.000+0530"}
2025-12-08T11:49:00.424+0530	DEBUG	kafka/producer.go:48	published candle	{"symbol": "INDUSINDBK", "topic": "candles.1m", "time": "2025-12-08T11:48:00.000+0530"}
2025-12-08T11:49:00.435+0530	DEBUG	kafka/producer.go:48	published candle	{"symbol": "TRENT", "topic": "candles.1m", "time": "2025-12-08T11:48:00.000+0530"}
2025-12-08T11:49:00.446+0530	DEBUG	kafka/producer.go:48	published candle	{"symbol": "KOTAKBANK", "topic": "candles.1m", "time": "2025-12-08T11:48:00.000+0530"}
2025-12-08T11:49:00.458+0530	DEBUG	kafka/producer.go:48	published candle	{"symbol": "ULTRACEMCO", "topic": "candles.1m", "time": "2025-12-08T11:48:00.000+0530"}
2025-12-08T11:49:00.469+0530	DEBUG	kafka/producer.go:48	published candle	{"symbol": "TATACONSUM", "topic": "candles.1m", "time": "2025-12-08T11:48:00.000+0530"}
2025-12-08T11:49:00.481+0530	DEBUG	kafka/producer.go:48	published candle	{"symbol": "GRASIM", "topic": "candles.1m", "time": "2025-12-08T11:48:00.000+0530"}
2025-12-08T11:49:00.521+0530	DEBUG	kafka/producer.go:48	published candle	{"symbol": "APOLLOHOSP", "topic": "candles.1m", "time": "2025-12-08T11:48:00.000+0530"}
2025-12-08T11:49:00.618+0530	DEBUG	kafka/producer.go:48	published candle	{"symbol": "JSWSTEEL", "topic": "candles.1m", "time": "2025-12-08T11:48:00.000+0530"}
2025-12-08T11:49:00.631+0530	DEBUG	kafka/producer.go:48	published candle	{"symbol": "NTPC", "topic": "candles.1m", "time": "2025-12-08T11:48:00.000+0530"}
2025-12-08T11:49:00.715+0530	DEBUG	kafka/producer.go:48	published candle	{"symbol": "M&M", "topic": "candles.1m", "time": "2025-12-08T11:48:00.000+0530"}
2025-12-08T11:49:00.727+0530	DEBUG	kafka/producer.go:48	published candle	{"symbol": "ADANIPORTS", "topic": "candles.1m", "time": "2025-12-08T11:48:00.000+0530"}
2025-12-08T11:49:00.738+0530	DEBUG	kafka/producer.go:48	published candle	{"symbol": "POWERGRID", "topic": "candles.1m", "time": "2025-12-08T11:48:00.000+0530"}
2025-12-08T11:49:00.828+0530	DEBUG	kafka/producer.go:48	published candle	{"symbol": "RELIANCE", "topic": "candles.1m", "time": "2025-12-08T11:48:00.000+0530"}
2025-12-08T11:49:00.839+0530	DEBUG	kafka/producer.go:48	published candle	{"symbol": "ADANIENT", "topic": "candles.1m", "time": "2025-12-08T11:48:00.000+0530"}
2025-12-08T11:49:00.851+0530	DEBUG	kafka/producer.go:48	published candle	{"symbol": "BEL", "topic": "candles.1m", "time": "2025-12-08T11:48:00.000+0530"}
2025-12-08T11:49:00.917+0530	DEBUG	kafka/producer.go:48	published candle	{"symbol": "SBILIFE", "topic": "candles.1m", "time": "2025-12-08T11:48:00.000+0530"}
2025-12-08T11:49:00.929+0530	DEBUG	kafka/producer.go:48	published candle	{"symbol": "TATASTEEL", "topic": "candles.1m", "time": "2025-12-08T11:48:00.000+0530"}
2025-12-08T11:49:00.940+0530	DEBUG	kafka/producer.go:48	published candle	{"symbol": "BAJAJ", "topic": "candles.1m", "time": "2025-12-08T11:48:00.000+0530"}
2025-12-08T11:49:01.124+0530	DEBUG	kafka/producer.go:48	published candle	{"symbol": "BAJFINANCE", "topic": "candles.1m", "time": "2025-12-08T11:48:00.000+0530"}
2025-12-08T11:49:01.517+0530	DEBUG	kafka/producer.go:48	published candle	{"symbol": "COALINDIA", "topic": "candles.1m", "time": "2025-12-08T11:48:00.000+0530"}
2025-12-08T11:49:01.616+0530	DEBUG	kafka/producer.go:48	published candle	{"symbol": "CIPLA", "topic": "candles.1m", "time": "2025-12-08T11:48:00.000+0530"}
2025-12-08T11:49:01.719+0530	DEBUG	kafka/producer.go:48	published candle	{"symbol": "TECHM", "topic": "candles.1m", "time": "2025-12-08T11:48:00.000+0530"}
2025-12-08T11:49:01.829+0530	DEBUG	kafka/producer.go:48	published candle	{"symbol": "BHARTIARTL", "topic": "candles.1m", "time": "2025-12-08T11:48:00.000+0530"}
2025-12-08T11:49:01.840+0530	DEBUG	kafka/producer.go:48	published candle	{"symbol": "ITC", "topic": "candles.1m", "time": "2025-12-08T11:48:00.000+0530"}
2025-12-08T11:49:01.919+0530	DEBUG	kafka/producer.go:48	published candle	{"symbol": "HINDALCO", "topic": "candles.1m", "time": "2025-12-08T11:48:00.000+0530"}
2025-12-08T11:49:02.253+0530	DEBUG	kafka/producer.go:48	published candle	{"symbol": "DRREDDY", "topic": "candles.1m", "time": "2025-12-08T11:48:00.000+0530"}
2025-12-08T11:49:02.620+0530	DEBUG	kafka/producer.go:48	published candle	{"symbol": "EICHERMOT", "topic": "candles.1m", "time": "2025-12-08T11:48:00.000+0530"}
2025-12-08T11:50:00.086+0530	DEBUG	kafka/producer.go:48	published candle	{"symbol": "TCS", "topic": "candles.1m", "time": "2025-12-08T11:49:00.000+0530"}
2025-12-08T11:50:00.099+0530	DEBUG	kafka/producer.go:48	published candle	{"symbol": "SHRIRAMFIN", "topic": "candles.1m", "time": "2025-12-08T11:49:00.000+0530"}
2025-12-08T11:50:00.110+0530	DEBUG	kafka/producer.go:48	published candle	{"symbol": "SBIN", "topic": "candles.1m", "time": "2025-12-08T11:49:00.000+0530"}
2025-12-08T11:50:00.121+0530	DEBUG	kafka/producer.go:48	published candle	{"symbol": "SUNPHARMA", "topic": "candles.1m", "time": "2025-12-08T11:49:00.000+0530"}
2025-12-08T11:50:00.191+0530	DEBUG	kafka/producer.go:48	published candle	{"symbol": "M&M", "topic": "candles.1m", "time": "2025-12-08T11:49:00.000+0530"}
2025-12-08T11:50:00.202+0530	DEBUG	kafka/producer.go:48	published candle	{"symbol": "ONGC", "topic": "candles.1m", "time": "2025-12-08T11:49:00.000+0530"}
2025-12-08T11:50:00.214+0530	DEBUG	kafka/producer.go:48	published candle	{"symbol": "HINDUNILVR", "topic": "candles.1m", "time": "2025-12-08T11:49:00.000+0530"}
2025-12-08T11:50:00.225+0530	DEBUG	kafka/producer.go:48	published candle	{"symbol": "ICICIBANK", "topic": "candles.1m", "time": "2025-12-08T11:49:00.000+0530"}
2025-12-08T11:50:00.236+0530	DEBUG	kafka/producer.go:48	published candle	{"symbol": "TRENT", "topic": "candles.1m", "time": "2025-12-08T11:49:00.000+0530"}
2025-12-08T11:50:00.248+0530	DEBUG	kafka/producer.go:48	published candle	{"symbol": "KOTAKBANK", "topic": "candles.1m", "time": "2025-12-08T11:49:00.000+0530"}
2025-12-08T11:50:00.259+0530	DEBUG	kafka/producer.go:48	published candle	{"symbol": "SBILIFE", "topic": "candles.1m", "time": "2025-12-08T11:49:00.000+0530"}
2025-12-08T11:50:00.270+0530	DEBUG	kafka/producer.go:48	published candle	{"symbol": "ZOMATO", "topic": "candles.1m", "time": "2025-12-08T11:49:00.000+0530"}
2025-12-08T11:50:00.282+0530	DEBUG	kafka/producer.go:48	published candle	{"symbol": "RELIANCE", "topic": "candles.1m", "time": "2025-12-08T11:49:00.000+0530"}
2025-12-08T11:50:00.293+0530	DEBUG	kafka/producer.go:48	published candle	{"symbol": "TATACONSUM", "topic": "candles.1m", "time": "2025-12-08T11:49:00.000+0530"}
2025-12-08T11:50:00.304+0530	DEBUG	kafka/producer.go:48	published candle	{"symbol": "TECHM", "topic": "candles.1m", "time": "2025-12-08T11:49:00.000+0530"}
2025-12-08T11:50:00.315+0530	DEBUG	kafka/producer.go:48	published candle	{"symbol": "AXISBANK", "topic": "candles.1m", "time": "2025-12-08T11:49:00.000+0530"}
2025-12-08T11:50:00.327+0530	DEBUG	kafka/producer.go:48	published candle	{"symbol": "LT", "topic": "candles.1m", "time": "2025-12-08T11:49:00.000+0530"}
2025-12-08T11:50:00.338+0530	DEBUG	kafka/producer.go:48	published candle	{"symbol": "WIPRO", "topic": "candles.1m", "time": "2025-12-08T11:49:00.000+0530"}
2025-12-08T11:50:00.349+0530	DEBUG	kafka/producer.go:48	published candle	{"symbol": "HDFCBANK", "topic": "candles.1m", "time": "2025-12-08T11:49:00.000+0530"}
2025-12-08T11:50:00.361+0530	DEBUG	kafka/producer.go:48	published candle	{"symbol": "INFY", "topic": "candles.1m", "time": "2025-12-08T11:49:00.000+0530"}
2025-12-08T11:50:00.372+0530	DEBUG	kafka/producer.go:48	published candle	{"symbol": "GRASIM", "topic": "candles.1m", "time": "2025-12-08T11:49:00.000+0530"}
2025-12-08T11:50:00.383+0530	DEBUG	kafka/producer.go:48	published candle	{"symbol": "ASIANPAINT", "topic": "candles.1m", "time": "2025-12-08T11:49:00.000+0530"}
2025-12-08T11:50:00.395+0530	DEBUG	kafka/producer.go:48	published candle	{"symbol": "HINDALCO", "topic": "candles.1m", "time": "2025-12-08T11:49:00.000+0530"}
2025-12-08T11:50:00.406+0530	DEBUG	kafka/producer.go:48	published candle	{"symbol": "ULTRACEMCO", "topic": "candles.1m", "time": "2025-12-08T11:49:00.000+0530"}
2025-12-08T11:50:00.487+0530	DEBUG	kafka/producer.go:48	published candle	{"symbol": "NESTLEIND", "topic": "candles.1m", "time": "2025-12-08T11:49:00.000+0530"}
2025-12-08T11:50:00.498+0530	DEBUG	kafka/producer.go:48	published candle	{"symbol": "EICHERMOT", "topic": "candles.1m", "time": "2025-12-08T11:49:00.000+0530"}
2025-12-08T11:50:00.509+0530	DEBUG	kafka/producer.go:48	published candle	{"symbol": "HCLTECH", "topic": "candles.1m", "time": "2025-12-08T11:49:00.000+0530"}
2025-12-08T11:50:00.520+0530	DEBUG	kafka/producer.go:48	published candle	{"symbol": "HEROMOTOCO", "topic": "candles.1m", "time": "2025-12-08T11:49:00.000+0530"}
2025-12-08T11:50:00.585+0530	DEBUG	kafka/producer.go:48	published candle	{"symbol": "ADANIPORTS", "topic": "candles.1m", "time": "2025-12-08T11:49:00.000+0530"}
2025-12-08T11:50:00.887+0530	DEBUG	kafka/producer.go:48	published candle	{"symbol": "JSWSTEEL", "topic": "candles.1m", "time": "2025-12-08T11:49:00.000+0530"}
2025-12-08T11:50:00.986+0530	DEBUG	kafka/producer.go:48	published candle	{"symbol": "INDUSINDBK", "topic": "candles.1m", "time": "2025-12-08T11:49:00.000+0530"}
2025-12-08T11:50:00.998+0530	DEBUG	kafka/producer.go:48	published candle	{"symbol": "APOLLOHOSP", "topic": "candles.1m", "time": "2025-12-08T11:49:00.000+0530"}
2025-12-08T11:50:01.232+0530	DEBUG	kafka/producer.go:48	published candle	{"symbol": "NTPC", "topic": "candles.1m", "time": "2025-12-08T11:49:00.000+0530"}
2025-12-08T11:50:01.242+0530	DEBUG	kafka/producer.go:48	published candle	{"symbol": "POWERGRID", "topic": "candles.1m", "time": "2025-12-08T11:49:00.000+0530"}
2025-12-08T11:50:01.253+0530	DEBUG	kafka/producer.go:48	published candle	{"symbol": "TATAMOTORS", "topic": "candles.1m", "time": "2025-12-08T11:49:00.000+0530"}
2025-12-08T11:50:01.265+0530	DEBUG	kafka/producer.go:48	published candle	{"symbol": "BEL", "topic": "candles.1m", "time": "2025-12-08T11:49:00.000+0530"}
2025-12-08T11:50:01.276+0530	DEBUG	kafka/producer.go:48	published candle	{"symbol": "TATASTEEL", "topic": "candles.1m", "time": "2025-12-08T11:49:00.000+0530"}
2025-12-08T11:50:01.287+0530	DEBUG	kafka/producer.go:48	published candle	{"symbol": "BAJAJ", "topic": "candles.1m", "time": "2025-12-08T11:49:00.000+0530"}
2025-12-08T11:50:01.297+0530	DEBUG	kafka/producer.go:48	published candle	{"symbol": "BAJFINANCE", "topic": "candles.1m", "time": "2025-12-08T11:49:00.000+0530"}
2025-12-08T11:50:01.309+0530	DEBUG	kafka/producer.go:48	published candle	{"symbol": "BHARTIARTL", "topic": "candles.1m", "time": "2025-12-08T11:49:00.000+0530"}
2025-12-08T11:50:01.319+0530	DEBUG	kafka/producer.go:48	published candle	{"symbol": "ITC", "topic": "candles.1m", "time": "2025-12-08T11:49:00.000+0530"}
2025-12-08T11:50:01.331+0530	DEBUG	kafka/producer.go:48	published candle	{"symbol": "TITAN", "topic": "candles.1m", "time": "2025-12-08T11:49:00.000+0530"}
2025-12-08T11:50:01.342+0530	DEBUG	kafka/producer.go:48	published candle	{"symbol": "JIOFIN", "topic": "candles.1m", "time": "2025-12-08T11:49:00.000+0530"}
2025-12-08T11:50:01.353+0530	DEBUG	kafka/producer.go:48	published candle	{"symbol": "BAJAJFINSV", "topic": "candles.1m", "time": "2025-12-08T11:49:00.000+0530"}
2025-12-08T11:50:01.365+0530	DEBUG	kafka/producer.go:48	published candle	{"symbol": "HDFCLIFE", "topic": "candles.1m", "time": "2025-12-08T11:49:00.000+0530"}
2025-12-08T11:50:01.376+0530	DEBUG	kafka/producer.go:48	published candle	{"symbol": "DRREDDY", "topic": "candles.1m", "time": "2025-12-08T11:49:00.000+0530"}
2025-12-08T11:50:03.234+0530	DEBUG	kafka/producer.go:48	published candle	{"symbol": "COALINDIA", "topic": "candles.1m", "time": "2025-12-08T11:49:00.000+0530"}
2025-12-08T11:50:03.246+0530	DEBUG	kafka/producer.go:48	published candle	{"symbol": "CIPLA", "topic": "candles.1m", "time": "2025-12-08T11:49:00.000+0530"}
2025-12-08T11:50:03.257+0530	DEBUG	kafka/producer.go:48	published candle	{"symbol": "MARUTI", "topic": "candles.1m", "time": "2025-12-08T11:49:00.000+0530"}
2025-12-08T11:50:03.596+0530	DEBUG	kafka/producer.go:48	published candle	{"symbol": "ADANIENT", "topic": "candles.1m", "time": "2025-12-08T11:49:00.000+0530"}
2025-12-08T11:51:00.052+0530	DEBUG	kafka/producer.go:48	published candle	{"symbol": "HINDUNILVR", "topic": "candles.1m", "time": "2025-12-08T11:50:00.000+0530"}
2025-12-08T11:51:00.152+0530	DEBUG	kafka/producer.go:48	published candle	{"symbol": "ZOMATO", "topic": "candles.1m", "time": "2025-12-08T11:50:00.000+0530"}
2025-12-08T11:51:00.164+0530	DEBUG	kafka/producer.go:48	published candle	{"symbol": "WIPRO", "topic": "candles.1m", "time": "2025-12-08T11:50:00.000+0530"}
2025-12-08T11:51:00.175+0530	DEBUG	kafka/producer.go:48	published candle	{"symbol": "SUNPHARMA", "topic": "candles.1m", "time": "2025-12-08T11:50:00.000+0530"}
2025-12-08T11:51:00.241+0530	DEBUG	kafka/producer.go:48	published candle	{"symbol": "HDFCBANK", "topic": "candles.1m", "time": "2025-12-08T11:50:00.000+0530"}
2025-12-08T11:51:00.253+0530	DEBUG	kafka/producer.go:48	published candle	{"symbol": "RELIANCE", "topic": "candles.1m", "time": "2025-12-08T11:50:00.000+0530"}
2025-12-08T11:51:00.264+0530	DEBUG	kafka/producer.go:48	published candle	{"symbol": "INFY", "topic": "candles.1m", "time": "2025-12-08T11:50:00.000+0530"}
2025-12-08T11:51:00.276+0530	DEBUG	kafka/producer.go:48	published candle	{"symbol": "HDFCLIFE", "topic": "candles.1m", "time": "2025-12-08T11:50:00.000+0530"}
2025-12-08T11:51:00.287+0530	DEBUG	kafka/producer.go:48	published candle	{"symbol": "SHRIRAMFIN", "topic": "candles.1m", "time": "2025-12-08T11:50:00.000+0530"}
2025-12-08T11:51:00.299+0530	DEBUG	kafka/producer.go:48	published candle	{"symbol": "ICICIBANK", "topic": "candles.1m", "time": "2025-12-08T11:50:00.000+0530"}
2025-12-08T11:51:00.310+0530	DEBUG	kafka/producer.go:48	published candle	{"symbol": "AXISBANK", "topic": "candles.1m", "time": "2025-12-08T11:50:00.000+0530"}
2025-12-08T11:51:00.321+0530	DEBUG	kafka/producer.go:48	published candle	{"symbol": "TRENT", "topic": "candles.1m", "time": "2025-12-08T11:50:00.000+0530"}
2025-12-08T11:51:00.333+0530	DEBUG	kafka/producer.go:48	published candle	{"symbol": "KOTAKBANK", "topic": "candles.1m", "time": "2025-12-08T11:50:00.000+0530"}
2025-12-08T11:51:00.344+0530	DEBUG	kafka/producer.go:48	published candle	{"symbol": "SBILIFE", "topic": "candles.1m", "time": "2025-12-08T11:50:00.000+0530"}
2025-12-08T11:51:00.356+0530	DEBUG	kafka/producer.go:48	published candle	{"symbol": "ULTRACEMCO", "topic": "candles.1m", "time": "2025-12-08T11:50:00.000+0530"}
2025-12-08T11:51:00.367+0530	DEBUG	kafka/producer.go:48	published candle	{"symbol": "HEROMOTOCO", "topic": "candles.1m", "time": "2025-12-08T11:50:00.000+0530"}
2025-12-08T11:51:00.378+0530	DEBUG	kafka/producer.go:48	published candle	{"symbol": "APOLLOHOSP", "topic": "candles.1m", "time": "2025-12-08T11:50:00.000+0530"}
2025-12-08T11:51:00.390+0530	DEBUG	kafka/producer.go:48	published candle	{"symbol": "TATACONSUM", "topic": "candles.1m", "time": "2025-12-08T11:50:00.000+0530"}
2025-12-08T11:51:00.401+0530	DEBUG	kafka/producer.go:48	published candle	{"symbol": "DRREDDY", "topic": "candles.1m", "time": "2025-12-08T11:50:00.000+0530"}
2025-12-08T11:51:00.413+0530	DEBUG	kafka/producer.go:48	published candle	{"symbol": "NESTLEIND", "topic": "candles.1m", "time": "2025-12-08T11:50:00.000+0530"}
2025-12-08T11:51:00.425+0530	DEBUG	kafka/producer.go:48	published candle	{"symbol": "ADANIENT", "topic": "candles.1m", "time": "2025-12-08T11:50:00.000+0530"}
2025-12-08T11:51:00.436+0530	DEBUG	kafka/producer.go:48	published candle	{"symbol": "BEL", "topic": "candles.1m", "time": "2025-12-08T11:50:00.000+0530"}
2025-12-08T11:51:00.448+0530	DEBUG	kafka/producer.go:48	published candle	{"symbol": "GRASIM", "topic": "candles.1m", "time": "2025-12-08T11:50:00.000+0530"}
2025-12-08T11:51:00.478+0530	DEBUG	kafka/producer.go:48	published candle	{"symbol": "HCLTECH", "topic": "candles.1m", "time": "2025-12-08T11:50:00.000+0530"}
2025-12-08T11:51:00.489+0530	DEBUG	kafka/producer.go:48	published candle	{"symbol": "HINDALCO", "topic": "candles.1m", "time": "2025-12-08T11:50:00.000+0530"}
2025-12-08T11:51:00.501+0530	DEBUG	kafka/producer.go:48	published candle	{"symbol": "INDUSINDBK", "topic": "candles.1m", "time": "2025-12-08T11:50:00.000+0530"}
2025-12-08T11:51:00.512+0530	DEBUG	kafka/producer.go:48	published candle	{"symbol": "JSWSTEEL", "topic": "candles.1m", "time": "2025-12-08T11:50:00.000+0530"}
2025-12-08T11:51:00.550+0530	DEBUG	kafka/producer.go:48	published candle	{"symbol": "TITAN", "topic": "candles.1m", "time": "2025-12-08T11:50:00.000+0530"}
2025-12-08T11:51:02.359+0530	DEBUG	kafka/producer.go:48	published candle	{"symbol": "SBIN", "topic": "candles.1m", "time": "2025-12-08T11:50:00.000+0530"}
2025-12-08T11:51:02.371+0530	DEBUG	kafka/producer.go:48	published candle	{"symbol": "NTPC", "topic": "candles.1m", "time": "2025-12-08T11:50:00.000+0530"}
2025-12-08T11:51:02.383+0530	DEBUG	kafka/producer.go:48	published candle	{"symbol": "POWERGRID", "topic": "candles.1m", "time": "2025-12-08T11:50:00.000+0530"}
2025-12-08T11:51:02.394+0530	DEBUG	kafka/producer.go:48	published candle	{"symbol": "TATAMOTORS", "topic": "candles.1m", "time": "2025-12-08T11:50:00.000+0530"}
2025-12-08T11:51:02.406+0530	DEBUG	kafka/producer.go:48	published candle	{"symbol": "TATASTEEL", "topic": "candles.1m", "time": "2025-12-08T11:50:00.000+0530"}
2025-12-08T11:51:02.417+0530	DEBUG	kafka/producer.go:48	published candle	{"symbol": "BAJAJ", "topic": "candles.1m", "time": "2025-12-08T11:50:00.000+0530"}
2025-12-08T11:51:02.429+0530	DEBUG	kafka/producer.go:48	published candle	{"symbol": "BAJFINANCE", "topic": "candles.1m", "time": "2025-12-08T11:50:00.000+0530"}
2025-12-08T11:51:02.440+0530	DEBUG	kafka/producer.go:48	published candle	{"symbol": "M&M", "topic": "candles.1m", "time": "2025-12-08T11:50:00.000+0530"}
2025-12-08T11:51:02.452+0530	DEBUG	kafka/producer.go:48	published candle	{"symbol": "ONGC", "topic": "candles.1m", "time": "2025-12-08T11:50:00.000+0530"}
2025-12-08T11:51:02.464+0530	DEBUG	kafka/producer.go:48	published candle	{"symbol": "TCS", "topic": "candles.1m", "time": "2025-12-08T11:50:00.000+0530"}
2025-12-08T11:51:02.475+0530	DEBUG	kafka/producer.go:48	published candle	{"symbol": "ADANIPORTS", "topic": "candles.1m", "time": "2025-12-08T11:50:00.000+0530"}
2025-12-08T11:51:02.487+0530	DEBUG	kafka/producer.go:48	published candle	{"symbol": "LT", "topic": "candles.1m", "time": "2025-12-08T11:50:00.000+0530"}
2025-12-08T11:51:02.498+0530	DEBUG	kafka/producer.go:48	published candle	{"symbol": "CIPLA", "topic": "candles.1m", "time": "2025-12-08T11:50:00.000+0530"}
2025-12-08T11:51:02.510+0530	DEBUG	kafka/producer.go:48	published candle	{"symbol": "TECHM", "topic": "candles.1m", "time": "2025-12-08T11:50:00.000+0530"}
2025-12-08T11:51:02.521+0530	DEBUG	kafka/producer.go:48	published candle	{"symbol": "BHARTIARTL", "topic": "candles.1m", "time": "2025-12-08T11:50:00.000+0530"}
2025-12-08T11:51:02.533+0530	DEBUG	kafka/producer.go:48	published candle	{"symbol": "MARUTI", "topic": "candles.1m", "time": "2025-12-08T11:50:00.000+0530"}
2025-12-08T11:51:02.544+0530	DEBUG	kafka/producer.go:48	published candle	{"symbol": "ITC", "topic": "candles.1m", "time": "2025-12-08T11:50:00.000+0530"}
2025-12-08T11:51:03.234+0530	DEBUG	kafka/producer.go:48	published candle	{"symbol": "JIOFIN", "topic": "candles.1m", "time": "2025-12-08T11:50:00.000+0530"}
2025-12-08T11:51:03.245+0530	DEBUG	kafka/producer.go:48	published candle	{"symbol": "BAJAJFINSV", "topic": "candles.1m", "time": "2025-12-08T11:50:00.000+0530"}
2025-12-08T11:51:03.258+0530	DEBUG	kafka/producer.go:48	published candle	{"symbol": "ASIANPAINT", "topic": "candles.1m", "time": "2025-12-08T11:50:00.000+0530"}
2025-12-08T11:51:03.353+0530	DEBUG	kafka/producer.go:48	published candle	{"symbol": "COALINDIA", "topic": "candles.1m", "time": "2025-12-08T11:50:00.000+0530"}
2025-12-08T11:51:04.462+0530	DEBUG	kafka/producer.go:48	published candle	{"symbol": "EICHERMOT", "topic": "candles.1m", "time": "2025-12-08T11:50:00.000+0530"}
2025-12-08T11:52:00.044+0530	DEBUG	kafka/producer.go:48	published candle	{"symbol": "ZOMATO", "topic": "candles.1m", "time": "2025-12-08T11:51:00.000+0530"}
2025-12-08T11:52:00.056+0530	DEBUG	kafka/producer.go:48	published candle	{"symbol": "NESTLEIND", "topic": "candles.1m", "time": "2025-12-08T11:51:00.000+0530"}
2025-12-08T11:52:00.067+0530	DEBUG	kafka/producer.go:48	published candle	{"symbol": "HINDALCO", "topic": "candles.1m", "time": "2025-12-08T11:51:00.000+0530"}
2025-12-08T11:52:00.144+0530	DEBUG	kafka/producer.go:48	published candle	{"symbol": "BEL", "topic": "candles.1m", "time": "2025-12-08T11:51:00.000+0530"}
2025-12-08T11:52:00.155+0530	DEBUG	kafka/producer.go:48	published candle	{"symbol": "ONGC", "topic": "candles.1m", "time": "2025-12-08T11:51:00.000+0530"}
2025-12-08T11:52:00.167+0530	DEBUG	kafka/producer.go:48	published candle	{"symbol": "AXISBANK", "topic": "candles.1m", "time": "2025-12-08T11:51:00.000+0530"}
2025-12-08T11:52:00.179+0530	DEBUG	kafka/producer.go:48	published candle	{"symbol": "M&M", "topic": "candles.1m", "time": "2025-12-08T11:51:00.000+0530"}
2025-12-08T11:52:00.190+0530	DEBUG	kafka/producer.go:48	published candle	{"symbol": "ICICIBANK", "topic": "candles.1m", "time": "2025-12-08T11:51:00.000+0530"}
2025-12-08T11:52:00.249+0530	DEBUG	kafka/producer.go:48	published candle	{"symbol": "CIPLA", "topic": "candles.1m", "time": "2025-12-08T11:51:00.000+0530"}
2025-12-08T11:52:00.260+0530	DEBUG	kafka/producer.go:48	published candle	{"symbol": "WIPRO", "topic": "candles.1m", "time": "2025-12-08T11:51:00.000+0530"}
2025-12-08T11:52:00.271+0530	DEBUG	kafka/producer.go:48	published candle	{"symbol": "HCLTECH", "topic": "candles.1m", "time": "2025-12-08T11:51:00.000+0530"}
2025-12-08T11:52:00.283+0530	DEBUG	kafka/producer.go:48	published candle	{"symbol": "JIOFIN", "topic": "candles.1m", "time": "2025-12-08T11:51:00.000+0530"}
2025-12-08T11:52:00.294+0530	DEBUG	kafka/producer.go:48	published candle	{"symbol": "BAJAJFINSV", "topic": "candles.1m", "time": "2025-12-08T11:51:00.000+0530"}
2025-12-08T11:52:00.306+0530	DEBUG	kafka/producer.go:48	published candle	{"symbol": "HDFCLIFE", "topic": "candles.1m", "time": "2025-12-08T11:51:00.000+0530"}
2025-12-08T11:52:00.317+0530	DEBUG	kafka/producer.go:48	published candle	{"symbol": "BAJAJ", "topic": "candles.1m", "time": "2025-12-08T11:51:00.000+0530"}
2025-12-08T11:52:00.330+0530	DEBUG	kafka/producer.go:48	published candle	{"symbol": "SBIN", "topic": "candles.1m", "time": "2025-12-08T11:51:00.000+0530"}
2025-12-08T11:52:00.341+0530	DEBUG	kafka/producer.go:48	published candle	{"symbol": "HDFCBANK", "topic": "candles.1m", "time": "2025-12-08T11:51:00.000+0530"}
2025-12-08T11:52:00.352+0530	DEBUG	kafka/producer.go:48	published candle	{"symbol": "RELIANCE", "topic": "candles.1m", "time": "2025-12-08T11:51:00.000+0530"}
2025-12-08T11:52:00.364+0530	DEBUG	kafka/producer.go:48	published candle	{"symbol": "KOTAKBANK", "topic": "candles.1m", "time": "2025-12-08T11:51:00.000+0530"}
2025-12-08T11:52:00.375+0530	DEBUG	kafka/producer.go:48	published candle	{"symbol": "TITAN", "topic": "candles.1m", "time": "2025-12-08T11:51:00.000+0530"}
2025-12-08T11:52:00.387+0530	DEBUG	kafka/producer.go:48	published candle	{"symbol": "INFY", "topic": "candles.1m", "time": "2025-12-08T11:51:00.000+0530"}
2025-12-08T11:52:00.398+0530	DEBUG	kafka/producer.go:48	published candle	{"symbol": "SUNPHARMA", "topic": "candles.1m", "time": "2025-12-08T11:51:00.000+0530"}
2025-12-08T11:52:00.410+0530	DEBUG	kafka/producer.go:48	published candle	{"symbol": "JSWSTEEL", "topic": "candles.1m", "time": "2025-12-08T11:51:00.000+0530"}
2025-12-08T11:52:00.422+0530	DEBUG	kafka/producer.go:48	published candle	{"symbol": "SHRIRAMFIN", "topic": "candles.1m", "time": "2025-12-08T11:51:00.000+0530"}
2025-12-08T11:52:00.433+0530	DEBUG	kafka/producer.go:48	published candle	{"symbol": "NTPC", "topic": "candles.1m", "time": "2025-12-08T11:51:00.000+0530"}
2025-12-08T11:52:00.444+0530	DEBUG	kafka/producer.go:48	published candle	{"symbol": "TATAMOTORS", "topic": "candles.1m", "time": "2025-12-08T11:51:00.000+0530"}
2025-12-08T11:52:00.455+0530	DEBUG	kafka/producer.go:48	published candle	{"symbol": "TATASTEEL", "topic": "candles.1m", "time": "2025-12-08T11:51:00.000+0530"}
2025-12-08T11:52:00.466+0530	DEBUG	kafka/producer.go:48	published candle	{"symbol": "BAJFINANCE", "topic": "candles.1m", "time": "2025-12-08T11:51:00.000+0530"}
2025-12-08T11:52:00.478+0530	DEBUG	kafka/producer.go:48	published candle	{"symbol": "TCS", "topic": "candles.1m", "time": "2025-12-08T11:51:00.000+0530"}
2025-12-08T11:52:00.489+0530	DEBUG	kafka/producer.go:48	published candle	{"symbol": "ADANIPORTS", "topic": "candles.1m", "time": "2025-12-08T11:51:00.000+0530"}
2025-12-08T11:52:00.501+0530	DEBUG	kafka/producer.go:48	published candle	{"symbol": "LT", "topic": "candles.1m", "time": "2025-12-08T11:51:00.000+0530"}
2025-12-08T11:52:00.513+0530	DEBUG	kafka/producer.go:48	published candle	{"symbol": "COALINDIA", "topic": "candles.1m", "time": "2025-12-08T11:51:00.000+0530"}
2025-12-08T11:52:00.524+0530	DEBUG	kafka/producer.go:48	published candle	{"symbol": "BHARTIARTL", "topic": "candles.1m", "time": "2025-12-08T11:51:00.000+0530"}
2025-12-08T11:52:00.536+0530	DEBUG	kafka/producer.go:48	published candle	{"symbol": "MARUTI", "topic": "candles.1m", "time": "2025-12-08T11:51:00.000+0530"}
2025-12-08T11:52:00.547+0530	DEBUG	kafka/producer.go:48	published candle	{"symbol": "ITC", "topic": "candles.1m", "time": "2025-12-08T11:51:00.000+0530"}
2025-12-08T11:52:00.559+0530	DEBUG	kafka/producer.go:48	published candle	{"symbol": "HINDUNILVR", "topic": "candles.1m", "time": "2025-12-08T11:51:00.000+0530"}
2025-12-08T11:52:00.570+0530	DEBUG	kafka/producer.go:48	published candle	{"symbol": "TRENT", "topic": "candles.1m", "time": "2025-12-08T11:51:00.000+0530"}
2025-12-08T11:52:00.582+0530	DEBUG	kafka/producer.go:48	published candle	{"symbol": "ULTRACEMCO", "topic": "candles.1m", "time": "2025-12-08T11:51:00.000+0530"}
2025-12-08T11:52:00.593+0530	DEBUG	kafka/producer.go:48	published candle	{"symbol": "HEROMOTOCO", "topic": "candles.1m", "time": "2025-12-08T11:51:00.000+0530"}
2025-12-08T11:52:00.605+0530	DEBUG	kafka/producer.go:48	published candle	{"symbol": "ASIANPAINT", "topic": "candles.1m", "time": "2025-12-08T11:51:00.000+0530"}
2025-12-08T11:52:00.615+0530	DEBUG	kafka/producer.go:48	published candle	{"symbol": "DRREDDY", "topic": "candles.1m", "time": "2025-12-08T11:51:00.000+0530"}
2025-12-08T11:52:00.626+0530	DEBUG	kafka/producer.go:48	published candle	{"symbol": "INDUSINDBK", "topic": "candles.1m", "time": "2025-12-08T11:51:00.000+0530"}
2025-12-08T11:52:00.638+0530	DEBUG	kafka/producer.go:48	published candle	{"symbol": "SBILIFE", "topic": "candles.1m", "time": "2025-12-08T11:51:00.000+0530"}
2025-12-08T11:52:00.649+0530	DEBUG	kafka/producer.go:48	published candle	{"symbol": "TATACONSUM", "topic": "candles.1m", "time": "2025-12-08T11:51:00.000+0530"}
2025-12-08T11:52:00.739+0530	DEBUG	kafka/producer.go:48	published candle	{"symbol": "TECHM", "topic": "candles.1m", "time": "2025-12-08T11:51:00.000+0530"}
2025-12-08T11:52:00.751+0530	DEBUG	kafka/producer.go:48	published candle	{"symbol": "EICHERMOT", "topic": "candles.1m", "time": "2025-12-08T11:51:00.000+0530"}
2025-12-08T11:52:01.138+0530	DEBUG	kafka/producer.go:48	published candle	{"symbol": "APOLLOHOSP", "topic": "candles.1m", "time": "2025-12-08T11:51:00.000+0530"}
2025-12-08T11:52:01.540+0530	DEBUG	kafka/producer.go:48	published candle	{"symbol": "GRASIM", "topic": "candles.1m", "time": "2025-12-08T11:51:00.000+0530"}
2025-12-08T11:52:02.292+0530	DEBUG	kafka/producer.go:48	published candle	{"symbol": "POWERGRID", "topic": "candles.1m", "time": "2025-12-08T11:51:00.000+0530"}
2025-12-08T11:52:02.304+0530	DEBUG	kafka/producer.go:48	published candle	{"symbol": "ADANIENT", "topic": "candles.1m", "time": "2025-12-08T11:51:00.000+0530"}
2025-12-08T11:53:00.022+0530	DEBUG	kafka/producer.go:48	published candle	{"symbol": "EICHERMOT", "topic": "candles.1m", "time": "2025-12-08T11:52:00.000+0530"}
2025-12-08T11:53:00.117+0530	DEBUG	kafka/producer.go:48	published candle	{"symbol": "HEROMOTOCO", "topic": "candles.1m", "time": "2025-12-08T11:52:00.000+0530"}
2025-12-08T11:53:00.215+0530	DEBUG	kafka/producer.go:48	published candle	{"symbol": "INFY", "topic": "candles.1m", "time": "2025-12-08T11:52:00.000+0530"}
2025-12-08T11:53:00.226+0530	DEBUG	kafka/producer.go:48	published candle	{"symbol": "ZOMATO", "topic": "candles.1m", "time": "2025-12-08T11:52:00.000+0530"}
2025-12-08T11:53:00.238+0530	DEBUG	kafka/producer.go:48	published candle	{"symbol": "NESTLEIND", "topic": "candles.1m", "time": "2025-12-08T11:52:00.000+0530"}
2025-12-08T11:53:00.250+0530	DEBUG	kafka/producer.go:48	published candle	{"symbol": "ONGC", "topic": "candles.1m", "time": "2025-12-08T11:52:00.000+0530"}
2025-12-08T11:53:00.261+0530	DEBUG	kafka/producer.go:48	published candle	{"symbol": "BEL", "topic": "candles.1m", "time": "2025-12-08T11:52:00.000+0530"}
2025-12-08T11:53:00.273+0530	DEBUG	kafka/producer.go:48	published candle	{"symbol": "RELIANCE", "topic": "candles.1m", "time": "2025-12-08T11:52:00.000+0530"}
2025-12-08T11:53:00.289+0530	DEBUG	kafka/producer.go:48	published candle	{"symbol": "SHRIRAMFIN", "topic": "candles.1m", "time": "2025-12-08T11:52:00.000+0530"}
2025-12-08T11:53:00.300+0530	DEBUG	kafka/producer.go:48	published candle	{"symbol": "SUNPHARMA", "topic": "candles.1m", "time": "2025-12-08T11:52:00.000+0530"}
2025-12-08T11:53:00.312+0530	DEBUG	kafka/producer.go:48	published candle	{"symbol": "ULTRACEMCO", "topic": "candles.1m", "time": "2025-12-08T11:52:00.000+0530"}
2025-12-08T11:53:00.323+0530	DEBUG	kafka/producer.go:48	published candle	{"symbol": "ICICIBANK", "topic": "candles.1m", "time": "2025-12-08T11:52:00.000+0530"}
2025-12-08T11:53:00.334+0530	DEBUG	kafka/producer.go:48	published candle	{"symbol": "NTPC", "topic": "candles.1m", "time": "2025-12-08T11:52:00.000+0530"}
2025-12-08T11:53:00.346+0530	DEBUG	kafka/producer.go:48	published candle	{"symbol": "WIPRO", "topic": "candles.1m", "time": "2025-12-08T11:52:00.000+0530"}
2025-12-08T11:53:00.358+0530	DEBUG	kafka/producer.go:48	published candle	{"symbol": "APOLLOHOSP", "topic": "candles.1m", "time": "2025-12-08T11:52:00.000+0530"}
2025-12-08T11:53:00.369+0530	DEBUG	kafka/producer.go:48	published candle	{"symbol": "LT", "topic": "candles.1m", "time": "2025-12-08T11:52:00.000+0530"}
2025-12-08T11:53:00.381+0530	DEBUG	kafka/producer.go:48	published candle	{"symbol": "GRASIM", "topic": "candles.1m", "time": "2025-12-08T11:52:00.000+0530"}
2025-12-08T11:53:00.393+0530	DEBUG	kafka/producer.go:48	published candle	{"symbol": "HCLTECH", "topic": "candles.1m", "time": "2025-12-08T11:52:00.000+0530"}
2025-12-08T11:53:00.404+0530	DEBUG	kafka/producer.go:48	published candle	{"symbol": "TRENT", "topic": "candles.1m", "time": "2025-12-08T11:52:00.000+0530"}
2025-12-08T11:53:00.423+0530	DEBUG	kafka/producer.go:48	published candle	{"symbol": "TITAN", "topic": "candles.1m", "time": "2025-12-08T11:52:00.000+0530"}
2025-12-08T11:53:00.514+0530	DEBUG	kafka/producer.go:48	published candle	{"symbol": "HINDUNILVR", "topic": "candles.1m", "time": "2025-12-08T11:52:00.000+0530"}
2025-12-08T11:53:00.720+0530	DEBUG	kafka/producer.go:48	published candle	{"symbol": "TECHM", "topic": "candles.1m", "time": "2025-12-08T11:52:00.000+0530"}
2025-12-08T11:53:00.915+0530	DEBUG	kafka/producer.go:48	published candle	{"symbol": "HDFCBANK", "topic": "candles.1m", "time": "2025-12-08T11:52:00.000+0530"}
2025-12-08T11:53:01.217+0530	DEBUG	kafka/producer.go:48	published candle	{"symbol": "JSWSTEEL", "topic": "candles.1m", "time": "2025-12-08T11:52:00.000+0530"}
2025-12-08T11:53:01.298+0530	DEBUG	kafka/producer.go:48	published candle	{"symbol": "SBIN", "topic": "candles.1m", "time": "2025-12-08T11:52:00.000+0530"}
2025-12-08T11:53:01.310+0530	DEBUG	kafka/producer.go:48	published candle	{"symbol": "POWERGRID", "topic": "candles.1m", "time": "2025-12-08T11:52:00.000+0530"}
2025-12-08T11:53:01.440+0530	DEBUG	kafka/producer.go:48	published candle	{"symbol": "TATAMOTORS", "topic": "candles.1m", "time": "2025-12-08T11:52:00.000+0530"}
2025-12-08T11:53:01.451+0530	DEBUG	kafka/producer.go:48	published candle	{"symbol": "ADANIENT", "topic": "candles.1m", "time": "2025-12-08T11:52:00.000+0530"}
2025-12-08T11:53:01.463+0530	DEBUG	kafka/producer.go:48	published candle	{"symbol": "AXISBANK", "topic": "candles.1m", "time": "2025-12-08T11:52:00.000+0530"}
2025-12-08T11:53:01.475+0530	DEBUG	kafka/producer.go:48	published candle	{"symbol": "TATASTEEL", "topic": "candles.1m", "time": "2025-12-08T11:52:00.000+0530"}
2025-12-08T11:53:01.487+0530	DEBUG	kafka/producer.go:48	published candle	{"symbol": "BAJAJ", "topic": "candles.1m", "time": "2025-12-08T11:52:00.000+0530"}
2025-12-08T11:53:01.499+0530	DEBUG	kafka/producer.go:48	published candle	{"symbol": "BAJFINANCE", "topic": "candles.1m", "time": "2025-12-08T11:52:00.000+0530"}
2025-12-08T11:53:01.511+0530	DEBUG	kafka/producer.go:48	published candle	{"symbol": "M&M", "topic": "candles.1m", "time": "2025-12-08T11:52:00.000+0530"}
2025-12-08T11:53:01.522+0530	DEBUG	kafka/producer.go:48	published candle	{"symbol": "TCS", "topic": "candles.1m", "time": "2025-12-08T11:52:00.000+0530"}
2025-12-08T11:53:01.533+0530	DEBUG	kafka/producer.go:48	published candle	{"symbol": "ADANIPORTS", "topic": "candles.1m", "time": "2025-12-08T11:52:00.000+0530"}
2025-12-08T11:53:01.545+0530	DEBUG	kafka/producer.go:48	published candle	{"symbol": "COALINDIA", "topic": "candles.1m", "time": "2025-12-08T11:52:00.000+0530"}
2025-12-08T11:53:01.557+0530	DEBUG	kafka/producer.go:48	published candle	{"symbol": "CIPLA", "topic": "candles.1m", "time": "2025-12-08T11:52:00.000+0530"}
2025-12-08T11:53:01.569+0530	DEBUG	kafka/producer.go:48	published candle	{"symbol": "BHARTIARTL", "topic": "candles.1m", "time": "2025-12-08T11:52:00.000+0530"}
2025-12-08T11:53:01.581+0530	DEBUG	kafka/producer.go:48	published candle	{"symbol": "MARUTI", "topic": "candles.1m", "time": "2025-12-08T11:52:00.000+0530"}
2025-12-08T11:53:01.593+0530	DEBUG	kafka/producer.go:48	published candle	{"symbol": "ITC", "topic": "candles.1m", "time": "2025-12-08T11:52:00.000+0530"}
2025-12-08T11:53:01.605+0530	DEBUG	kafka/producer.go:48	published candle	{"symbol": "HINDALCO", "topic": "candles.1m", "time": "2025-12-08T11:52:00.000+0530"}
2025-12-08T11:53:01.616+0530	DEBUG	kafka/producer.go:48	published candle	{"symbol": "JIOFIN", "topic": "candles.1m", "time": "2025-12-08T11:52:00.000+0530"}
2025-12-08T11:53:01.627+0530	DEBUG	kafka/producer.go:48	published candle	{"symbol": "BAJAJFINSV", "topic": "candles.1m", "time": "2025-12-08T11:52:00.000+0530"}
2025-12-08T11:53:01.639+0530	DEBUG	kafka/producer.go:48	published candle	{"symbol": "HDFCLIFE", "topic": "candles.1m", "time": "2025-12-08T11:52:00.000+0530"}
2025-12-08T11:53:01.651+0530	DEBUG	kafka/producer.go:48	published candle	{"symbol": "ASIANPAINT", "topic": "candles.1m", "time": "2025-12-08T11:52:00.000+0530"}
2025-12-08T11:53:02.298+0530	DEBUG	kafka/producer.go:48	published candle	{"symbol": "DRREDDY", "topic": "candles.1m", "time": "2025-12-08T11:52:00.000+0530"}
2025-12-08T11:53:02.310+0530	DEBUG	kafka/producer.go:48	published candle	{"symbol": "INDUSINDBK", "topic": "candles.1m", "time": "2025-12-08T11:52:00.000+0530"}
2025-12-08T11:53:02.330+0530	DEBUG	kafka/producer.go:48	published candle	{"symbol": "KOTAKBANK", "topic": "candles.1m", "time": "2025-12-08T11:52:00.000+0530"}
2025-12-08T11:53:02.342+0530	DEBUG	kafka/producer.go:48	published candle	{"symbol": "SBILIFE", "topic": "candles.1m", "time": "2025-12-08T11:52:00.000+0530"}
2025-12-08T11:53:02.353+0530	DEBUG	kafka/producer.go:48	published candle	{"symbol": "TATACONSUM", "topic": "candles.1m", "time": "2025-12-08T11:52:00.000+0530"}
2025-12-08T11:54:00.086+0530	DEBUG	kafka/producer.go:48	published candle	{"symbol": "TITAN", "topic": "candles.1m", "time": "2025-12-08T11:53:00.000+0530"}
2025-12-08T11:54:00.099+0530	DEBUG	kafka/producer.go:48	published candle	{"symbol": "MARUTI", "topic": "candles.1m", "time": "2025-12-08T11:53:00.000+0530"}
2025-12-08T11:54:00.186+0530	DEBUG	kafka/producer.go:48	published candle	{"symbol": "BEL", "topic": "candles.1m", "time": "2025-12-08T11:53:00.000+0530"}
2025-12-08T11:54:00.197+0530	DEBUG	kafka/producer.go:48	published candle	{"symbol": "SUNPHARMA", "topic": "candles.1m", "time": "2025-12-08T11:53:00.000+0530"}
2025-12-08T11:54:00.285+0530	DEBUG	kafka/producer.go:48	published candle	{"symbol": "HDFCLIFE", "topic": "candles.1m", "time": "2025-12-08T11:53:00.000+0530"}
2025-12-08T11:54:00.297+0530	DEBUG	kafka/producer.go:48	published candle	{"symbol": "ITC", "topic": "candles.1m", "time": "2025-12-08T11:53:00.000+0530"}
2025-12-08T11:54:00.308+0530	DEBUG	kafka/producer.go:48	published candle	{"symbol": "TATAMOTORS", "topic": "candles.1m", "time": "2025-12-08T11:53:00.000+0530"}
2025-12-08T11:54:00.320+0530	DEBUG	kafka/producer.go:48	published candle	{"symbol": "INFY", "topic": "candles.1m", "time": "2025-12-08T11:53:00.000+0530"}
2025-12-08T11:54:00.331+0530	DEBUG	kafka/producer.go:48	published candle	{"symbol": "GRASIM", "topic": "candles.1m", "time": "2025-12-08T11:53:00.000+0530"}
2025-12-08T11:54:00.343+0530	DEBUG	kafka/producer.go:48	published candle	{"symbol": "ZOMATO", "topic": "candles.1m", "time": "2025-12-08T11:53:00.000+0530"}
2025-12-08T11:54:00.394+0530	DEBUG	kafka/producer.go:48	published candle	{"symbol": "BHARTIARTL", "topic": "candles.1m", "time": "2025-12-08T11:53:00.000+0530"}
2025-12-08T11:54:00.406+0530	DEBUG	kafka/producer.go:48	published candle	{"symbol": "ONGC", "topic": "candles.1m", "time": "2025-12-08T11:53:00.000+0530"}
2025-12-08T11:54:00.417+0530	DEBUG	kafka/producer.go:48	published candle	{"symbol": "HDFCBANK", "topic": "candles.1m", "time": "2025-12-08T11:53:00.000+0530"}
2025-12-08T11:54:00.428+0530	DEBUG	kafka/producer.go:48	published candle	{"symbol": "ICICIBANK", "topic": "candles.1m", "time": "2025-12-08T11:53:00.000+0530"}
2025-12-08T11:54:00.440+0530	DEBUG	kafka/producer.go:48	published candle	{"symbol": "TCS", "topic": "candles.1m", "time": "2025-12-08T11:53:00.000+0530"}
2025-12-08T11:54:00.452+0530	DEBUG	kafka/producer.go:48	published candle	{"symbol": "EICHERMOT", "topic": "candles.1m", "time": "2025-12-08T11:53:00.000+0530"}
2025-12-08T11:54:00.463+0530	DEBUG	kafka/producer.go:48	published candle	{"symbol": "HCLTECH", "topic": "candles.1m", "time": "2025-12-08T11:53:00.000+0530"}
2025-12-08T11:54:00.474+0530	DEBUG	kafka/producer.go:48	published candle	{"symbol": "HEROMOTOCO", "topic": "candles.1m", "time": "2025-12-08T11:53:00.000+0530"}
2025-12-08T11:54:00.485+0530	DEBUG	kafka/producer.go:48	published candle	{"symbol": "APOLLOHOSP", "topic": "candles.1m", "time": "2025-12-08T11:53:00.000+0530"}
2025-12-08T11:54:00.497+0530	DEBUG	kafka/producer.go:48	published candle	{"symbol": "SHRIRAMFIN", "topic": "candles.1m", "time": "2025-12-08T11:53:00.000+0530"}
2025-12-08T11:54:00.585+0530	DEBUG	kafka/producer.go:48	published candle	{"symbol": "TATACONSUM", "topic": "candles.1m", "time": "2025-12-08T11:53:00.000+0530"}
2025-12-08T11:54:00.685+0530	DEBUG	kafka/producer.go:48	published candle	{"symbol": "JSWSTEEL", "topic": "candles.1m", "time": "2025-12-08T11:53:00.000+0530"}
2025-12-08T11:54:00.898+0530	DEBUG	kafka/producer.go:48	published candle	{"symbol": "NESTLEIND", "topic": "candles.1m", "time": "2025-12-08T11:53:00.000+0530"}
2025-12-08T11:54:00.985+0530	DEBUG	kafka/producer.go:48	published candle	{"symbol": "TECHM", "topic": "candles.1m", "time": "2025-12-08T11:53:00.000+0530"}
2025-12-08T11:54:00.997+0530	DEBUG	kafka/producer.go:48	published candle	{"symbol": "HINDUNILVR", "topic": "candles.1m", "time": "2025-12-08T11:53:00.000+0530"}
2025-12-08T11:54:01.008+0530	DEBUG	kafka/producer.go:48	published candle	{"symbol": "TRENT", "topic": "candles.1m", "time": "2025-12-08T11:53:00.000+0530"}
2025-12-08T11:54:01.319+0530	DEBUG	kafka/producer.go:48	published candle	{"symbol": "SBIN", "topic": "candles.1m", "time": "2025-12-08T11:53:00.000+0530"}
2025-12-08T11:54:01.331+0530	DEBUG	kafka/producer.go:48	published candle	{"symbol": "NTPC", "topic": "candles.1m", "time": "2025-12-08T11:53:00.000+0530"}
2025-12-08T11:54:01.343+0530	DEBUG	kafka/producer.go:48	published candle	{"symbol": "POWERGRID", "topic": "candles.1m", "time": "2025-12-08T11:53:00.000+0530"}
2025-12-08T11:54:01.354+0530	DEBUG	kafka/producer.go:48	published candle	{"symbol": "RELIANCE", "topic": "candles.1m", "time": "2025-12-08T11:53:00.000+0530"}
2025-12-08T11:54:01.366+0530	DEBUG	kafka/producer.go:48	published candle	{"symbol": "ADANIENT", "topic": "candles.1m", "time": "2025-12-08T11:53:00.000+0530"}
2025-12-08T11:54:01.378+0530	DEBUG	kafka/producer.go:48	published candle	{"symbol": "AXISBANK", "topic": "candles.1m", "time": "2025-12-08T11:53:00.000+0530"}
2025-12-08T11:54:01.389+0530	DEBUG	kafka/producer.go:48	published candle	{"symbol": "TATASTEEL", "topic": "candles.1m", "time": "2025-12-08T11:53:00.000+0530"}
2025-12-08T11:54:01.401+0530	DEBUG	kafka/producer.go:48	published candle	{"symbol": "WIPRO", "topic": "candles.1m", "time": "2025-12-08T11:53:00.000+0530"}
2025-12-08T11:54:01.413+0530	DEBUG	kafka/producer.go:48	published candle	{"symbol": "BAJFINANCE", "topic": "candles.1m", "time": "2025-12-08T11:53:00.000+0530"}
2025-12-08T11:54:01.424+0530	DEBUG	kafka/producer.go:48	published candle	{"symbol": "M&M", "topic": "candles.1m", "time": "2025-12-08T11:53:00.000+0530"}
2025-12-08T11:54:01.436+0530	DEBUG	kafka/producer.go:48	published candle	{"symbol": "LT", "topic": "candles.1m", "time": "2025-12-08T11:53:00.000+0530"}
2025-12-08T11:54:01.447+0530	DEBUG	kafka/producer.go:48	published candle	{"symbol": "COALINDIA", "topic": "candles.1m", "time": "2025-12-08T11:53:00.000+0530"}
2025-12-08T11:54:01.459+0530	DEBUG	kafka/producer.go:48	published candle	{"symbol": "CIPLA", "topic": "candles.1m", "time": "2025-12-08T11:53:00.000+0530"}
2025-12-08T11:54:01.470+0530	DEBUG	kafka/producer.go:48	published candle	{"symbol": "HINDALCO", "topic": "candles.1m", "time": "2025-12-08T11:53:00.000+0530"}
2025-12-08T11:54:01.481+0530	DEBUG	kafka/producer.go:48	published candle	{"symbol": "JIOFIN", "topic": "candles.1m", "time": "2025-12-08T11:53:00.000+0530"}
2025-12-08T11:54:01.493+0530	DEBUG	kafka/producer.go:48	published candle	{"symbol": "BAJAJFINSV", "topic": "candles.1m", "time": "2025-12-08T11:53:00.000+0530"}
2025-12-08T11:54:01.505+0530	DEBUG	kafka/producer.go:48	published candle	{"symbol": "DRREDDY", "topic": "candles.1m", "time": "2025-12-08T11:53:00.000+0530"}
2025-12-08T11:54:01.516+0530	DEBUG	kafka/producer.go:48	published candle	{"symbol": "KOTAKBANK", "topic": "candles.1m", "time": "2025-12-08T11:53:00.000+0530"}
2025-12-08T11:54:01.527+0530	DEBUG	kafka/producer.go:48	published candle	{"symbol": "SBILIFE", "topic": "candles.1m", "time": "2025-12-08T11:53:00.000+0530"}
2025-12-08T11:54:01.686+0530	DEBUG	kafka/producer.go:48	published candle	{"symbol": "BAJAJ", "topic": "candles.1m", "time": "2025-12-08T11:53:00.000+0530"}
2025-12-08T11:54:02.087+0530	DEBUG	kafka/producer.go:48	published candle	{"symbol": "ADANIPORTS", "topic": "candles.1m", "time": "2025-12-08T11:53:00.000+0530"}
2025-12-08T11:54:02.342+0530	DEBUG	kafka/producer.go:48	published candle	{"symbol": "ULTRACEMCO", "topic": "candles.1m", "time": "2025-12-08T11:53:00.000+0530"}
2025-12-08T11:54:02.895+0530	DEBUG	kafka/producer.go:48	published candle	{"symbol": "ASIANPAINT", "topic": "candles.1m", "time": "2025-12-08T11:53:00.000+0530"}
2025-12-08T11:54:02.907+0530	DEBUG	kafka/producer.go:48	published candle	{"symbol": "INDUSINDBK", "topic": "candles.1m", "time": "2025-12-08T11:53:00.000+0530"}
2025-12-08T11:55:00.165+0530	DEBUG	kafka/producer.go:48	published candle	{"symbol": "ONGC", "topic": "candles.1m", "time": "2025-12-08T11:54:00.000+0530"}
2025-12-08T11:55:00.261+0530	DEBUG	kafka/producer.go:48	published candle	{"symbol": "HDFCBANK", "topic": "candles.1m", "time": "2025-12-08T11:54:00.000+0530"}
2025-12-08T11:55:00.273+0530	DEBUG	kafka/producer.go:48	published candle	{"symbol": "TATACONSUM", "topic": "candles.1m", "time": "2025-12-08T11:54:00.000+0530"}
2025-12-08T11:55:00.333+0530	DEBUG	kafka/producer.go:48	published candle	{"symbol": "TECHM", "topic": "candles.1m", "time": "2025-12-08T11:54:00.000+0530"}
2025-12-08T11:55:00.345+0530	DEBUG	kafka/producer.go:48	published candle	{"symbol": "BHARTIARTL", "topic": "candles.1m", "time": "2025-12-08T11:54:00.000+0530"}
2025-12-08T11:55:00.356+0530	DEBUG	kafka/producer.go:48	published candle	{"symbol": "INFY", "topic": "candles.1m", "time": "2025-12-08T11:54:00.000+0530"}
2025-12-08T11:55:00.368+0530	DEBUG	kafka/producer.go:48	published candle	{"symbol": "TITAN", "topic": "candles.1m", "time": "2025-12-08T11:54:00.000+0530"}
2025-12-08T11:55:00.380+0530	DEBUG	kafka/producer.go:48	published candle	{"symbol": "RELIANCE", "topic": "candles.1m", "time": "2025-12-08T11:54:00.000+0530"}
2025-12-08T11:55:00.391+0530	DEBUG	kafka/producer.go:48	published candle	{"symbol": "SHRIRAMFIN", "topic": "candles.1m", "time": "2025-12-08T11:54:00.000+0530"}
2025-12-08T11:55:00.402+0530	DEBUG	kafka/producer.go:48	published candle	{"symbol": "ZOMATO", "topic": "candles.1m", "time": "2025-12-08T11:54:00.000+0530"}
2025-12-08T11:55:00.414+0530	DEBUG	kafka/producer.go:48	published candle	{"symbol": "ICICIBANK", "topic": "candles.1m", "time": "2025-12-08T11:54:00.000+0530"}
2025-12-08T11:55:00.425+0530	DEBUG	kafka/producer.go:48	published candle	{"symbol": "NESTLEIND", "topic": "candles.1m", "time": "2025-12-08T11:54:00.000+0530"}
2025-12-08T11:55:00.437+0530	DEBUG	kafka/producer.go:48	published candle	{"symbol": "BEL", "topic": "candles.1m", "time": "2025-12-08T11:54:00.000+0530"}
2025-12-08T11:55:00.448+0530	DEBUG	kafka/producer.go:48	published candle	{"symbol": "HDFCLIFE", "topic": "candles.1m", "time": "2025-12-08T11:54:00.000+0530"}
2025-12-08T11:55:00.460+0530	DEBUG	kafka/producer.go:48	published candle	{"symbol": "MARUTI", "topic": "candles.1m", "time": "2025-12-08T11:54:00.000+0530"}
2025-12-08T11:55:00.471+0530	DEBUG	kafka/producer.go:48	published candle	{"symbol": "ITC", "topic": "candles.1m", "time": "2025-12-08T11:54:00.000+0530"}
2025-12-08T11:55:00.482+0530	DEBUG	kafka/producer.go:48	published candle	{"symbol": "SBIN", "topic": "candles.1m", "time": "2025-12-08T11:54:00.000+0530"}
2025-12-08T11:55:00.494+0530	DEBUG	kafka/producer.go:48	published candle	{"symbol": "NTPC", "topic": "candles.1m", "time": "2025-12-08T11:54:00.000+0530"}
2025-12-08T11:55:00.505+0530	DEBUG	kafka/producer.go:48	published candle	{"symbol": "POWERGRID", "topic": "candles.1m", "time": "2025-12-08T11:54:00.000+0530"}
2025-12-08T11:55:00.517+0530	DEBUG	kafka/producer.go:48	published candle	{"symbol": "TATAMOTORS", "topic": "candles.1m", "time": "2025-12-08T11:54:00.000+0530"}
2025-12-08T11:55:00.529+0530	DEBUG	kafka/producer.go:48	published candle	{"symbol": "AXISBANK", "topic": "candles.1m", "time": "2025-12-08T11:54:00.000+0530"}
2025-12-08T11:55:00.541+0530	DEBUG	kafka/producer.go:48	published candle	{"symbol": "TATASTEEL", "topic": "candles.1m", "time": "2025-12-08T11:54:00.000+0530"}
2025-12-08T11:55:00.552+0530	DEBUG	kafka/producer.go:48	published candle	{"symbol": "WIPRO", "topic": "candles.1m", "time": "2025-12-08T11:54:00.000+0530"}
2025-12-08T11:55:00.563+0530	DEBUG	kafka/producer.go:48	published candle	{"symbol": "BAJFINANCE", "topic": "candles.1m", "time": "2025-12-08T11:54:00.000+0530"}
2025-12-08T11:55:00.575+0530	DEBUG	kafka/producer.go:48	published candle	{"symbol": "M&M", "topic": "candles.1m", "time": "2025-12-08T11:54:00.000+0530"}
2025-12-08T11:55:00.587+0530	DEBUG	kafka/producer.go:48	published candle	{"symbol": "TCS", "topic": "candles.1m", "time": "2025-12-08T11:54:00.000+0530"}
2025-12-08T11:55:00.599+0530	DEBUG	kafka/producer.go:48	published candle	{"symbol": "ADANIPORTS", "topic": "candles.1m", "time": "2025-12-08T11:54:00.000+0530"}
2025-12-08T11:55:00.610+0530	DEBUG	kafka/producer.go:48	published candle	{"symbol": "LT", "topic": "candles.1m", "time": "2025-12-08T11:54:00.000+0530"}
2025-12-08T11:55:00.621+0530	DEBUG	kafka/producer.go:48	published candle	{"symbol": "SUNPHARMA", "topic": "candles.1m", "time": "2025-12-08T11:54:00.000+0530"}
2025-12-08T11:55:00.633+0530	DEBUG	kafka/producer.go:48	published candle	{"symbol": "COALINDIA", "topic": "candles.1m", "time": "2025-12-08T11:54:00.000+0530"}
2025-12-08T11:55:00.645+0530	DEBUG	kafka/producer.go:48	published candle	{"symbol": "CIPLA", "topic": "candles.1m", "time": "2025-12-08T11:54:00.000+0530"}
2025-12-08T11:55:00.655+0530	DEBUG	kafka/producer.go:48	published candle	{"symbol": "HINDALCO", "topic": "candles.1m", "time": "2025-12-08T11:54:00.000+0530"}
2025-12-08T11:55:00.667+0530	DEBUG	kafka/producer.go:48	published candle	{"symbol": "JIOFIN", "topic": "candles.1m", "time": "2025-12-08T11:54:00.000+0530"}
2025-12-08T11:55:00.679+0530	DEBUG	kafka/producer.go:48	published candle	{"symbol": "BAJAJFINSV", "topic": "candles.1m", "time": "2025-12-08T11:54:00.000+0530"}
2025-12-08T11:55:00.690+0530	DEBUG	kafka/producer.go:48	published candle	{"symbol": "ASIANPAINT", "topic": "candles.1m", "time": "2025-12-08T11:54:00.000+0530"}
2025-12-08T11:55:00.702+0530	DEBUG	kafka/producer.go:48	published candle	{"symbol": "DRREDDY", "topic": "candles.1m", "time": "2025-12-08T11:54:00.000+0530"}
2025-12-08T11:55:00.714+0530	DEBUG	kafka/producer.go:48	published candle	{"symbol": "HINDUNILVR", "topic": "candles.1m", "time": "2025-12-08T11:54:00.000+0530"}
2025-12-08T11:55:00.725+0530	DEBUG	kafka/producer.go:48	published candle	{"symbol": "INDUSINDBK", "topic": "candles.1m", "time": "2025-12-08T11:54:00.000+0530"}
2025-12-08T11:55:00.737+0530	DEBUG	kafka/producer.go:48	published candle	{"symbol": "TRENT", "topic": "candles.1m", "time": "2025-12-08T11:54:00.000+0530"}
2025-12-08T11:55:00.748+0530	DEBUG	kafka/producer.go:48	published candle	{"symbol": "KOTAKBANK", "topic": "candles.1m", "time": "2025-12-08T11:54:00.000+0530"}
2025-12-08T11:55:00.760+0530	DEBUG	kafka/producer.go:48	published candle	{"symbol": "ULTRACEMCO", "topic": "candles.1m", "time": "2025-12-08T11:54:00.000+0530"}
2025-12-08T11:55:00.772+0530	DEBUG	kafka/producer.go:48	published candle	{"symbol": "HCLTECH", "topic": "candles.1m", "time": "2025-12-08T11:54:00.000+0530"}
2025-12-08T11:55:00.784+0530	DEBUG	kafka/producer.go:48	published candle	{"symbol": "HEROMOTOCO", "topic": "candles.1m", "time": "2025-12-08T11:54:00.000+0530"}
2025-12-08T11:55:00.870+0530	DEBUG	kafka/producer.go:48	published candle	{"symbol": "GRASIM", "topic": "candles.1m", "time": "2025-12-08T11:54:00.000+0530"}
2025-12-08T11:55:01.343+0530	DEBUG	kafka/producer.go:48	published candle	{"symbol": "APOLLOHOSP", "topic": "candles.1m", "time": "2025-12-08T11:54:00.000+0530"}
2025-12-08T11:55:01.354+0530	DEBUG	kafka/producer.go:48	published candle	{"symbol": "JSWSTEEL", "topic": "candles.1m", "time": "2025-12-08T11:54:00.000+0530"}
2025-12-08T11:55:01.665+0530	DEBUG	kafka/producer.go:48	published candle	{"symbol": "ADANIENT", "topic": "candles.1m", "time": "2025-12-08T11:54:00.000+0530"}
2025-12-08T11:55:01.765+0530	DEBUG	kafka/producer.go:48	published candle	{"symbol": "BAJAJ", "topic": "candles.1m", "time": "2025-12-08T11:54:00.000+0530"}
2025-12-08T11:55:03.261+0530	DEBUG	kafka/producer.go:48	published candle	{"symbol": "SBILIFE", "topic": "candles.1m", "time": "2025-12-08T11:54:00.000+0530"}
2025-12-08T11:55:03.362+0530	DEBUG	kafka/producer.go:48	published candle	{"symbol": "EICHERMOT", "topic": "candles.1m", "time": "2025-12-08T11:54:00.000+0530"}
2025-12-08T11:56:00.038+0530	DEBUG	kafka/producer.go:48	published candle	{"symbol": "ICICIBANK", "topic": "candles.1m", "time": "2025-12-08T11:55:00.000+0530"}
2025-12-08T11:56:00.049+0530	DEBUG	kafka/producer.go:48	published candle	{"symbol": "TATASTEEL", "topic": "candles.1m", "time": "2025-12-08T11:55:00.000+0530"}
2025-12-08T11:56:00.061+0530	DEBUG	kafka/producer.go:48	published candle	{"symbol": "BHARTIARTL", "topic": "candles.1m", "time": "2025-12-08T11:55:00.000+0530"}
2025-12-08T11:56:00.073+0530	DEBUG	kafka/producer.go:48	published candle	{"symbol": "AXISBANK", "topic": "candles.1m", "time": "2025-12-08T11:55:00.000+0530"}
2025-12-08T11:56:00.085+0530	DEBUG	kafka/producer.go:48	published candle	{"symbol": "NESTLEIND", "topic": "candles.1m", "time": "2025-12-08T11:55:00.000+0530"}
2025-12-08T11:56:00.096+0530	DEBUG	kafka/producer.go:48	published candle	{"symbol": "NTPC", "topic": "candles.1m", "time": "2025-12-08T11:55:00.000+0530"}
2025-12-08T11:56:00.140+0530	DEBUG	kafka/producer.go:48	published candle	{"symbol": "BEL", "topic": "candles.1m", "time": "2025-12-08T11:55:00.000+0530"}
2025-12-08T11:56:00.151+0530	DEBUG	kafka/producer.go:48	published candle	{"symbol": "TATAMOTORS", "topic": "candles.1m", "time": "2025-12-08T11:55:00.000+0530"}
2025-12-08T11:56:00.163+0530	DEBUG	kafka/producer.go:48	published candle	{"symbol": "BAJAJ", "topic": "candles.1m", "time": "2025-12-08T11:55:00.000+0530"}
2025-12-08T11:56:00.175+0530	DEBUG	kafka/producer.go:48	published candle	{"symbol": "POWERGRID", "topic": "candles.1m", "time": "2025-12-08T11:55:00.000+0530"}
2025-12-08T11:56:00.236+0530	DEBUG	kafka/producer.go:48	published candle	{"symbol": "ADANIENT", "topic": "candles.1m", "time": "2025-12-08T11:55:00.000+0530"}
2025-12-08T11:56:00.348+0530	DEBUG	kafka/producer.go:48	published candle	{"symbol": "TECHM", "topic": "candles.1m", "time": "2025-12-08T11:55:00.000+0530"}
2025-12-08T11:56:00.370+0530	DEBUG	kafka/producer.go:48	published candle	{"symbol": "RELIANCE", "topic": "candles.1m", "time": "2025-12-08T11:55:00.000+0530"}
2025-12-08T11:56:00.382+0530	DEBUG	kafka/producer.go:48	published candle	{"symbol": "ONGC", "topic": "candles.1m", "time": "2025-12-08T11:55:00.000+0530"}
2025-12-08T11:56:00.393+0530	DEBUG	kafka/producer.go:48	published candle	{"symbol": "M&M", "topic": "candles.1m", "time": "2025-12-08T11:55:00.000+0530"}
2025-12-08T11:56:00.405+0530	DEBUG	kafka/producer.go:48	published candle	{"symbol": "INFY", "topic": "candles.1m", "time": "2025-12-08T11:55:00.000+0530"}
2025-12-08T11:56:00.417+0530	DEBUG	kafka/producer.go:48	published candle	{"symbol": "ZOMATO", "topic": "candles.1m", "time": "2025-12-08T11:55:00.000+0530"}
2025-12-08T11:56:00.427+0530	DEBUG	kafka/producer.go:48	published candle	{"symbol": "SBIN", "topic": "candles.1m", "time": "2025-12-08T11:55:00.000+0530"}
2025-12-08T11:56:00.439+0530	DEBUG	kafka/producer.go:48	published candle	{"symbol": "GRASIM", "topic": "candles.1m", "time": "2025-12-08T11:55:00.000+0530"}
2025-12-08T11:56:00.451+0530	DEBUG	kafka/producer.go:48	published candle	{"symbol": "WIPRO", "topic": "candles.1m", "time": "2025-12-08T11:55:00.000+0530"}
2025-12-08T11:56:00.462+0530	DEBUG	kafka/producer.go:48	published candle	{"symbol": "BAJFINANCE", "topic": "candles.1m", "time": "2025-12-08T11:55:00.000+0530"}
2025-12-08T11:56:00.535+0530	DEBUG	kafka/producer.go:48	published candle	{"symbol": "HDFCLIFE", "topic": "candles.1m", "time": "2025-12-08T11:55:00.000+0530"}
2025-12-08T11:56:00.547+0530	DEBUG	kafka/producer.go:48	published candle	{"symbol": "TRENT", "topic": "candles.1m", "time": "2025-12-08T11:55:00.000+0530"}
2025-12-08T11:56:00.558+0530	DEBUG	kafka/producer.go:48	published candle	{"symbol": "TCS", "topic": "candles.1m", "time": "2025-12-08T11:55:00.000+0530"}
2025-12-08T11:56:00.635+0530	DEBUG	kafka/producer.go:48	published candle	{"symbol": "HDFCBANK", "topic": "candles.1m", "time": "2025-12-08T11:55:00.000+0530"}
2025-12-08T11:56:00.646+0530	DEBUG	kafka/producer.go:48	published candle	{"symbol": "SHRIRAMFIN", "topic": "candles.1m", "time": "2025-12-08T11:55:00.000+0530"}
2025-12-08T11:56:00.658+0530	DEBUG	kafka/producer.go:48	published candle	{"symbol": "ADANIPORTS", "topic": "candles.1m", "time": "2025-12-08T11:55:00.000+0530"}
2025-12-08T11:56:00.743+0530	DEBUG	kafka/producer.go:48	published candle	{"symbol": "LT", "topic": "candles.1m", "time": "2025-12-08T11:55:00.000+0530"}
2025-12-08T11:56:00.755+0530	DEBUG	kafka/producer.go:48	published candle	{"symbol": "SUNPHARMA", "topic": "candles.1m", "time": "2025-12-08T11:55:00.000+0530"}
2025-12-08T11:56:00.936+0530	DEBUG	kafka/producer.go:48	published candle	{"symbol": "TITAN", "topic": "candles.1m", "time": "2025-12-08T11:55:00.000+0530"}
2025-12-08T11:56:00.948+0530	DEBUG	kafka/producer.go:48	published candle	{"symbol": "COALINDIA", "topic": "candles.1m", "time": "2025-12-08T11:55:00.000+0530"}
2025-12-08T11:56:01.035+0530	DEBUG	kafka/producer.go:48	published candle	{"symbol": "CIPLA", "topic": "candles.1m", "time": "2025-12-08T11:55:00.000+0530"}
2025-12-08T11:56:01.140+0530	DEBUG	kafka/producer.go:48	published candle	{"symbol": "MARUTI", "topic": "candles.1m", "time": "2025-12-08T11:55:00.000+0530"}
2025-12-08T11:56:01.240+0530	DEBUG	kafka/producer.go:48	published candle	{"symbol": "ITC", "topic": "candles.1m", "time": "2025-12-08T11:55:00.000+0530"}
2025-12-08T11:56:01.437+0530	DEBUG	kafka/producer.go:48	published candle	{"symbol": "HINDALCO", "topic": "candles.1m", "time": "2025-12-08T11:55:00.000+0530"}
2025-12-08T11:56:01.448+0530	DEBUG	kafka/producer.go:48	published candle	{"symbol": "JIOFIN", "topic": "candles.1m", "time": "2025-12-08T11:55:00.000+0530"}
2025-12-08T11:56:01.460+0530	DEBUG	kafka/producer.go:48	published candle	{"symbol": "BAJAJFINSV", "topic": "candles.1m", "time": "2025-12-08T11:55:00.000+0530"}
2025-12-08T11:56:01.472+0530	DEBUG	kafka/producer.go:48	published candle	{"symbol": "DRREDDY", "topic": "candles.1m", "time": "2025-12-08T11:55:00.000+0530"}
2025-12-08T11:56:01.483+0530	DEBUG	kafka/producer.go:48	published candle	{"symbol": "INDUSINDBK", "topic": "candles.1m", "time": "2025-12-08T11:55:00.000+0530"}
2025-12-08T11:56:01.495+0530	DEBUG	kafka/producer.go:48	published candle	{"symbol": "KOTAKBANK", "topic": "candles.1m", "time": "2025-12-08T11:55:00.000+0530"}
2025-12-08T11:56:01.507+0530	DEBUG	kafka/producer.go:48	published candle	{"symbol": "SBILIFE", "topic": "candles.1m", "time": "2025-12-08T11:55:00.000+0530"}
2025-12-08T11:56:01.518+0530	DEBUG	kafka/producer.go:48	published candle	{"symbol": "ULTRACEMCO", "topic": "candles.1m", "time": "2025-12-08T11:55:00.000+0530"}
2025-12-08T11:56:01.639+0530	DEBUG	kafka/producer.go:48	published candle	{"symbol": "ASIANPAINT", "topic": "candles.1m", "time": "2025-12-08T11:55:00.000+0530"}
2025-12-08T11:56:01.651+0530	DEBUG	kafka/producer.go:48	published candle	{"symbol": "HINDUNILVR", "topic": "candles.1m", "time": "2025-12-08T11:55:00.000+0530"}
2025-12-08T11:56:01.936+0530	DEBUG	kafka/producer.go:48	published candle	{"symbol": "TATACONSUM", "topic": "candles.1m", "time": "2025-12-08T11:55:00.000+0530"}
2025-12-08T11:56:02.036+0530	DEBUG	kafka/producer.go:48	published candle	{"symbol": "EICHERMOT", "topic": "candles.1m", "time": "2025-12-08T11:55:00.000+0530"}
2025-12-08T11:56:02.048+0530	DEBUG	kafka/producer.go:48	published candle	{"symbol": "HCLTECH", "topic": "candles.1m", "time": "2025-12-08T11:55:00.000+0530"}
2025-12-08T11:56:02.143+0530	DEBUG	kafka/producer.go:48	published candle	{"symbol": "HEROMOTOCO", "topic": "candles.1m", "time": "2025-12-08T11:55:00.000+0530"}
2025-12-08T11:56:02.388+0530	DEBUG	kafka/producer.go:48	published candle	{"symbol": "APOLLOHOSP", "topic": "candles.1m", "time": "2025-12-08T11:55:00.000+0530"}
2025-12-08T11:56:02.400+0530	DEBUG	kafka/producer.go:48	published candle	{"symbol": "JSWSTEEL", "topic": "candles.1m", "time": "2025-12-08T11:55:00.000+0530"}
2025-12-08T11:57:00.106+0530	DEBUG	kafka/producer.go:48	published candle	{"symbol": "SUNPHARMA", "topic": "candles.1m", "time": "2025-12-08T11:56:00.000+0530"}
2025-12-08T11:57:00.118+0530	DEBUG	kafka/producer.go:48	published candle	{"symbol": "KOTAKBANK", "topic": "candles.1m", "time": "2025-12-08T11:56:00.000+0530"}
2025-12-08T11:57:00.435+0530	DEBUG	kafka/producer.go:48	published candle	{"symbol": "AXISBANK", "topic": "candles.1m", "time": "2025-12-08T11:56:00.000+0530"}
2025-12-08T11:57:00.447+0530	DEBUG	kafka/producer.go:48	published candle	{"symbol": "HDFCBANK", "topic": "candles.1m", "time": "2025-12-08T11:56:00.000+0530"}
2025-12-08T11:57:00.458+0530	DEBUG	kafka/producer.go:48	published candle	{"symbol": "BHARTIARTL", "topic": "candles.1m", "time": "2025-12-08T11:56:00.000+0530"}
2025-12-08T11:57:00.470+0530	DEBUG	kafka/producer.go:48	published candle	{"symbol": "RELIANCE", "topic": "candles.1m", "time": "2025-12-08T11:56:00.000+0530"}
2025-12-08T11:57:00.481+0530	DEBUG	kafka/producer.go:48	published candle	{"symbol": "M&M", "topic": "candles.1m", "time": "2025-12-08T11:56:00.000+0530"}
2025-12-08T11:57:00.492+0530	DEBUG	kafka/producer.go:48	published candle	{"symbol": "ULTRACEMCO", "topic": "candles.1m", "time": "2025-12-08T11:56:00.000+0530"}
2025-12-08T11:57:00.504+0530	DEBUG	kafka/producer.go:48	published candle	{"symbol": "TATACONSUM", "topic": "candles.1m", "time": "2025-12-08T11:56:00.000+0530"}
2025-12-08T11:57:00.516+0530	DEBUG	kafka/producer.go:48	published candle	{"symbol": "ONGC", "topic": "candles.1m", "time": "2025-12-08T11:56:00.000+0530"}
2025-12-08T11:57:00.528+0530	DEBUG	kafka/producer.go:48	published candle	{"symbol": "HDFCLIFE", "topic": "candles.1m", "time": "2025-12-08T11:56:00.000+0530"}
2025-12-08T11:57:00.545+0530	DEBUG	kafka/producer.go:48	published candle	{"symbol": "INFY", "topic": "candles.1m", "time": "2025-12-08T11:56:00.000+0530"}
2025-12-08T11:57:00.557+0530	DEBUG	kafka/producer.go:48	published candle	{"symbol": "TRENT", "topic": "candles.1m", "time": "2025-12-08T11:56:00.000+0530"}
2025-12-08T11:57:00.568+0530	DEBUG	kafka/producer.go:48	published candle	{"symbol": "ZOMATO", "topic": "candles.1m", "time": "2025-12-08T11:56:00.000+0530"}
2025-12-08T11:57:00.579+0530	DEBUG	kafka/producer.go:48	published candle	{"symbol": "ICICIBANK", "topic": "candles.1m", "time": "2025-12-08T11:56:00.000+0530"}
2025-12-08T11:57:00.591+0530	DEBUG	kafka/producer.go:48	published candle	{"symbol": "JIOFIN", "topic": "candles.1m", "time": "2025-12-08T11:56:00.000+0530"}
2025-12-08T11:57:00.603+0530	DEBUG	kafka/producer.go:48	published candle	{"symbol": "BAJAJFINSV", "topic": "candles.1m", "time": "2025-12-08T11:56:00.000+0530"}
2025-12-08T11:57:00.614+0530	DEBUG	kafka/producer.go:48	published candle	{"symbol": "DRREDDY", "topic": "candles.1m", "time": "2025-12-08T11:56:00.000+0530"}
2025-12-08T11:57:00.625+0530	DEBUG	kafka/producer.go:48	published candle	{"symbol": "HINDUNILVR", "topic": "candles.1m", "time": "2025-12-08T11:56:00.000+0530"}
2025-12-08T11:57:00.637+0530	DEBUG	kafka/producer.go:48	published candle	{"symbol": "EICHERMOT", "topic": "candles.1m", "time": "2025-12-08T11:56:00.000+0530"}
2025-12-08T11:57:00.649+0530	DEBUG	kafka/producer.go:48	published candle	{"symbol": "HCLTECH", "topic": "candles.1m", "time": "2025-12-08T11:56:00.000+0530"}
2025-12-08T11:57:00.660+0530	DEBUG	kafka/producer.go:48	published candle	{"symbol": "HEROMOTOCO", "topic": "candles.1m", "time": "2025-12-08T11:56:00.000+0530"}
2025-12-08T11:57:00.672+0530	DEBUG	kafka/producer.go:48	published candle	{"symbol": "APOLLOHOSP", "topic": "candles.1m", "time": "2025-12-08T11:56:00.000+0530"}
2025-12-08T11:57:00.683+0530	DEBUG	kafka/producer.go:48	published candle	{"symbol": "JSWSTEEL", "topic": "candles.1m", "time": "2025-12-08T11:56:00.000+0530"}
2025-12-08T11:57:00.694+0530	DEBUG	kafka/producer.go:48	published candle	{"symbol": "TITAN", "topic": "candles.1m", "time": "2025-12-08T11:56:00.000+0530"}
2025-12-08T11:57:00.705+0530	DEBUG	kafka/producer.go:48	published candle	{"symbol": "TECHM", "topic": "candles.1m", "time": "2025-12-08T11:56:00.000+0530"}
2025-12-08T11:57:00.717+0530	DEBUG	kafka/producer.go:48	published candle	{"symbol": "INDUSINDBK", "topic": "candles.1m", "time": "2025-12-08T11:56:00.000+0530"}
2025-12-08T11:57:00.728+0530	DEBUG	kafka/producer.go:48	published candle	{"symbol": "SBILIFE", "topic": "candles.1m", "time": "2025-12-08T11:56:00.000+0530"}
2025-12-08T11:57:00.740+0530	DEBUG	kafka/producer.go:48	published candle	{"symbol": "NESTLEIND", "topic": "candles.1m", "time": "2025-12-08T11:56:00.000+0530"}
2025-12-08T11:57:00.752+0530	DEBUG	kafka/producer.go:48	published candle	{"symbol": "SHRIRAMFIN", "topic": "candles.1m", "time": "2025-12-08T11:56:00.000+0530"}
2025-12-08T11:57:01.423+0530	DEBUG	kafka/producer.go:48	published candle	{"symbol": "GRASIM", "topic": "candles.1m", "time": "2025-12-08T11:56:00.000+0530"}
2025-12-08T11:57:02.398+0530	DEBUG	kafka/producer.go:48	published candle	{"symbol": "SBIN", "topic": "candles.1m", "time": "2025-12-08T11:56:00.000+0530"}
2025-12-08T11:57:02.408+0530	DEBUG	kafka/producer.go:48	published candle	{"symbol": "NTPC", "topic": "candles.1m", "time": "2025-12-08T11:56:00.000+0530"}
2025-12-08T11:57:02.420+0530	DEBUG	kafka/producer.go:48	published candle	{"symbol": "POWERGRID", "topic": "candles.1m", "time": "2025-12-08T11:56:00.000+0530"}
2025-12-08T11:57:02.431+0530	DEBUG	kafka/producer.go:48	published candle	{"symbol": "TATAMOTORS", "topic": "candles.1m", "time": "2025-12-08T11:56:00.000+0530"}
2025-12-08T11:57:02.443+0530	DEBUG	kafka/producer.go:48	published candle	{"symbol": "ADANIENT", "topic": "candles.1m", "time": "2025-12-08T11:56:00.000+0530"}
2025-12-08T11:57:02.455+0530	DEBUG	kafka/producer.go:48	published candle	{"symbol": "BEL", "topic": "candles.1m", "time": "2025-12-08T11:56:00.000+0530"}
2025-12-08T11:57:02.466+0530	DEBUG	kafka/producer.go:48	published candle	{"symbol": "TATASTEEL", "topic": "candles.1m", "time": "2025-12-08T11:56:00.000+0530"}
2025-12-08T11:57:02.478+0530	DEBUG	kafka/producer.go:48	published candle	{"symbol": "BAJAJ", "topic": "candles.1m", "time": "2025-12-08T11:56:00.000+0530"}
2025-12-08T11:57:02.489+0530	DEBUG	kafka/producer.go:48	published candle	{"symbol": "WIPRO", "topic": "candles.1m", "time": "2025-12-08T11:56:00.000+0530"}
2025-12-08T11:57:02.501+0530	DEBUG	kafka/producer.go:48	published candle	{"symbol": "BAJFINANCE", "topic": "candles.1m", "time": "2025-12-08T11:56:00.000+0530"}
2025-12-08T11:57:02.512+0530	DEBUG	kafka/producer.go:48	published candle	{"symbol": "TCS", "topic": "candles.1m", "time": "2025-12-08T11:56:00.000+0530"}
2025-12-08T11:57:02.525+0530	DEBUG	kafka/producer.go:48	published candle	{"symbol": "LT", "topic": "candles.1m", "time": "2025-12-08T11:56:00.000+0530"}
2025-12-08T11:57:02.537+0530	DEBUG	kafka/producer.go:48	published candle	{"symbol": "COALINDIA", "topic": "candles.1m", "time": "2025-12-08T11:56:00.000+0530"}
2025-12-08T11:57:02.551+0530	DEBUG	kafka/producer.go:48	published candle	{"symbol": "CIPLA", "topic": "candles.1m", "time": "2025-12-08T11:56:00.000+0530"}
2025-12-08T11:57:02.562+0530	DEBUG	kafka/producer.go:48	published candle	{"symbol": "MARUTI", "topic": "candles.1m", "time": "2025-12-08T11:56:00.000+0530"}
2025-12-08T11:57:02.574+0530	DEBUG	kafka/producer.go:48	published candle	{"symbol": "ITC", "topic": "candles.1m", "time": "2025-12-08T11:56:00.000+0530"}
2025-12-08T11:57:03.563+0530	DEBUG	kafka/producer.go:48	published candle	{"symbol": "HINDALCO", "topic": "candles.1m", "time": "2025-12-08T11:56:00.000+0530"}
2025-12-08T11:57:03.574+0530	DEBUG	kafka/producer.go:48	published candle	{"symbol": "ASIANPAINT", "topic": "candles.1m", "time": "2025-12-08T11:56:00.000+0530"}
2025-12-08T11:57:04.115+0530	DEBUG	kafka/producer.go:48	published candle	{"symbol": "ADANIPORTS", "topic": "candles.1m", "time": "2025-12-08T11:56:00.000+0530"}
2025-12-08T11:58:00.077+0530	DEBUG	kafka/producer.go:48	published candle	{"symbol": "INFY", "topic": "candles.1m", "time": "2025-12-08T11:57:00.000+0530"}
2025-12-08T11:58:00.174+0530	DEBUG	kafka/producer.go:48	published candle	{"symbol": "KOTAKBANK", "topic": "candles.1m", "time": "2025-12-08T11:57:00.000+0530"}
2025-12-08T11:58:00.186+0530	DEBUG	kafka/producer.go:48	published candle	{"symbol": "LT", "topic": "candles.1m", "time": "2025-12-08T11:57:00.000+0530"}
2025-12-08T11:58:00.198+0530	DEBUG	kafka/producer.go:48	published candle	{"symbol": "AXISBANK", "topic": "candles.1m", "time": "2025-12-08T11:57:00.000+0530"}
2025-12-08T11:58:00.275+0530	DEBUG	kafka/producer.go:48	published candle	{"symbol": "RELIANCE", "topic": "candles.1m", "time": "2025-12-08T11:57:00.000+0530"}
2025-12-08T11:58:00.287+0530	DEBUG	kafka/producer.go:48	published candle	{"symbol": "SHRIRAMFIN", "topic": "candles.1m", "time": "2025-12-08T11:57:00.000+0530"}
2025-12-08T11:58:00.299+0530	DEBUG	kafka/producer.go:48	published candle	{"symbol": "SUNPHARMA", "topic": "candles.1m", "time": "2025-12-08T11:57:00.000+0530"}
2025-12-08T11:58:00.353+0530	DEBUG	kafka/producer.go:48	published candle	{"symbol": "HDFCLIFE", "topic": "candles.1m", "time": "2025-12-08T11:57:00.000+0530"}
2025-12-08T11:58:00.365+0530	DEBUG	kafka/producer.go:48	published candle	{"symbol": "BHARTIARTL", "topic": "candles.1m", "time": "2025-12-08T11:57:00.000+0530"}
2025-12-08T11:58:00.376+0530	DEBUG	kafka/producer.go:48	published candle	{"symbol": "HDFCBANK", "topic": "candles.1m", "time": "2025-12-08T11:57:00.000+0530"}
2025-12-08T11:58:00.395+0530	DEBUG	kafka/producer.go:48	published candle	{"symbol": "ICICIBANK", "topic": "candles.1m", "time": "2025-12-08T11:57:00.000+0530"}
2025-12-08T11:58:00.407+0530	DEBUG	kafka/producer.go:48	published candle	{"symbol": "HCLTECH", "topic": "candles.1m", "time": "2025-12-08T11:57:00.000+0530"}
2025-12-08T11:58:00.418+0530	DEBUG	kafka/producer.go:48	published candle	{"symbol": "ZOMATO", "topic": "candles.1m", "time": "2025-12-08T11:57:00.000+0530"}
2025-12-08T11:58:00.430+0530	DEBUG	kafka/producer.go:48	published candle	{"symbol": "ITC", "topic": "candles.1m", "time": "2025-12-08T11:57:00.000+0530"}
2025-12-08T11:58:00.442+0530	DEBUG	kafka/producer.go:48	published candle	{"symbol": "SBIN", "topic": "candles.1m", "time": "2025-12-08T11:57:00.000+0530"}
2025-12-08T11:58:00.454+0530	DEBUG	kafka/producer.go:48	published candle	{"symbol": "TCS", "topic": "candles.1m", "time": "2025-12-08T11:57:00.000+0530"}
2025-12-08T11:58:00.465+0530	DEBUG	kafka/producer.go:48	published candle	{"symbol": "TECHM", "topic": "candles.1m", "time": "2025-12-08T11:57:00.000+0530"}
2025-12-08T11:58:00.575+0530	DEBUG	kafka/producer.go:48	published candle	{"symbol": "ADANIPORTS", "topic": "candles.1m", "time": "2025-12-08T11:57:00.000+0530"}
2025-12-08T11:58:00.587+0530	DEBUG	kafka/producer.go:48	published candle	{"symbol": "TITAN", "topic": "candles.1m", "time": "2025-12-08T11:57:00.000+0530"}
2025-12-08T11:58:00.675+0530	DEBUG	kafka/producer.go:48	published candle	{"symbol": "NESTLEIND", "topic": "candles.1m", "time": "2025-12-08T11:57:00.000+0530"}
2025-12-08T11:58:00.775+0530	DEBUG	kafka/producer.go:48	published candle	{"symbol": "SBILIFE", "topic": "candles.1m", "time": "2025-12-08T11:57:00.000+0530"}
2025-12-08T11:58:00.787+0530	DEBUG	kafka/producer.go:48	published candle	{"symbol": "ONGC", "topic": "candles.1m", "time": "2025-12-08T11:57:00.000+0530"}
2025-12-08T11:58:00.799+0530	DEBUG	kafka/producer.go:48	published candle	{"symbol": "CIPLA", "topic": "candles.1m", "time": "2025-12-08T11:57:00.000+0530"}
2025-12-08T11:58:00.886+0530	DEBUG	kafka/producer.go:48	published candle	{"symbol": "TRENT", "topic": "candles.1m", "time": "2025-12-08T11:57:00.000+0530"}
2025-12-08T11:58:00.898+0530	DEBUG	kafka/producer.go:48	published candle	{"symbol": "BAJAJ", "topic": "candles.1m", "time": "2025-12-08T11:57:00.000+0530"}
2025-12-08T11:58:00.976+0530	DEBUG	kafka/producer.go:48	published candle	{"symbol": "HINDUNILVR", "topic": "candles.1m", "time": "2025-12-08T11:57:00.000+0530"}
2025-12-08T11:58:01.480+0530	DEBUG	kafka/producer.go:48	published candle	{"symbol": "NTPC", "topic": "candles.1m", "time": "2025-12-08T11:57:00.000+0530"}
2025-12-08T11:58:01.491+0530	DEBUG	kafka/producer.go:48	published candle	{"symbol": "POWERGRID", "topic": "candles.1m", "time": "2025-12-08T11:57:00.000+0530"}
2025-12-08T11:58:01.503+0530	DEBUG	kafka/producer.go:48	published candle	{"symbol": "TATAMOTORS", "topic": "candles.1m", "time": "2025-12-08T11:57:00.000+0530"}
2025-12-08T11:58:01.514+0530	DEBUG	kafka/producer.go:48	published candle	{"symbol": "ADANIENT", "topic": "candles.1m", "time": "2025-12-08T11:57:00.000+0530"}
2025-12-08T11:58:01.526+0530	DEBUG	kafka/producer.go:48	published candle	{"symbol": "BEL", "topic": "candles.1m", "time": "2025-12-08T11:57:00.000+0530"}
2025-12-08T11:58:01.537+0530	DEBUG	kafka/producer.go:48	published candle	{"symbol": "TATASTEEL", "topic": "candles.1m", "time": "2025-12-08T11:57:00.000+0530"}
2025-12-08T11:58:01.549+0530	DEBUG	kafka/producer.go:48	published candle	{"symbol": "WIPRO", "topic": "candles.1m", "time": "2025-12-08T11:57:00.000+0530"}
2025-12-08T11:58:01.560+0530	DEBUG	kafka/producer.go:48	published candle	{"symbol": "BAJFINANCE", "topic": "candles.1m", "time": "2025-12-08T11:57:00.000+0530"}
2025-12-08T11:58:01.572+0530	DEBUG	kafka/producer.go:48	published candle	{"symbol": "M&M", "topic": "candles.1m", "time": "2025-12-08T11:57:00.000+0530"}
2025-12-08T11:58:01.583+0530	DEBUG	kafka/producer.go:48	published candle	{"symbol": "COALINDIA", "topic": "candles.1m", "time": "2025-12-08T11:57:00.000+0530"}
2025-12-08T11:58:01.595+0530	DEBUG	kafka/producer.go:48	published candle	{"symbol": "MARUTI", "topic": "candles.1m", "time": "2025-12-08T11:57:00.000+0530"}
2025-12-08T11:58:01.606+0530	DEBUG	kafka/producer.go:48	published candle	{"symbol": "HINDALCO", "topic": "candles.1m", "time": "2025-12-08T11:57:00.000+0530"}
2025-12-08T11:58:02.354+0530	DEBUG	kafka/producer.go:48	published candle	{"symbol": "JIOFIN", "topic": "candles.1m", "time": "2025-12-08T11:57:00.000+0530"}
2025-12-08T11:58:02.366+0530	DEBUG	kafka/producer.go:48	published candle	{"symbol": "BAJAJFINSV", "topic": "candles.1m", "time": "2025-12-08T11:57:00.000+0530"}
2025-12-08T11:58:02.378+0530	DEBUG	kafka/producer.go:48	published candle	{"symbol": "DRREDDY", "topic": "candles.1m", "time": "2025-12-08T11:57:00.000+0530"}
2025-12-08T11:58:02.389+0530	DEBUG	kafka/producer.go:48	published candle	{"symbol": "INDUSINDBK", "topic": "candles.1m", "time": "2025-12-08T11:57:00.000+0530"}
2025-12-08T11:58:02.400+0530	DEBUG	kafka/producer.go:48	published candle	{"symbol": "ULTRACEMCO", "topic": "candles.1m", "time": "2025-12-08T11:57:00.000+0530"}
2025-12-08T11:58:02.412+0530	DEBUG	kafka/producer.go:48	published candle	{"symbol": "TATACONSUM", "topic": "candles.1m", "time": "2025-12-08T11:57:00.000+0530"}
2025-12-08T11:58:02.424+0530	DEBUG	kafka/producer.go:48	published candle	{"symbol": "HEROMOTOCO", "topic": "candles.1m", "time": "2025-12-08T11:57:00.000+0530"}
2025-12-08T11:58:02.435+0530	DEBUG	kafka/producer.go:48	published candle	{"symbol": "APOLLOHOSP", "topic": "candles.1m", "time": "2025-12-08T11:57:00.000+0530"}
2025-12-08T11:58:02.447+0530	DEBUG	kafka/producer.go:48	published candle	{"symbol": "GRASIM", "topic": "candles.1m", "time": "2025-12-08T11:57:00.000+0530"}
2025-12-08T11:58:02.458+0530	DEBUG	kafka/producer.go:48	published candle	{"symbol": "JSWSTEEL", "topic": "candles.1m", "time": "2025-12-08T11:57:00.000+0530"}
2025-12-08T11:58:03.089+0530	DEBUG	kafka/producer.go:48	published candle	{"symbol": "ASIANPAINT", "topic": "candles.1m", "time": "2025-12-08T11:57:00.000+0530"}
2025-12-08T11:58:03.657+0530	DEBUG	kafka/producer.go:48	published candle	{"symbol": "EICHERMOT", "topic": "candles.1m", "time": "2025-12-08T11:57:00.000+0530"}
2025-12-08T11:58:22.562+0530	INFO	marketdata/main.go:25	starting marketdata service	{"env": "prod", "bootstrap": "localhost:9092", "group": "marketdata-candle-builder", "ticks_topic": "ticks.raw", "stock_topic": "candles.1m", "index_topic": "indices.1m", "timezone": "Asia/Kolkata"}
2025-12-08T11:58:22.565+0530	INFO	marketdata/main.go:25	topics ensured/available
2025-12-08T11:58:22.565+0530	INFO	marketdata/main.go:25	kafka consumer ready
2025-12-08T11:58:22.565+0530	INFO	marketdata/main.go:25	kafka producer ready
2025-12-08T11:58:22.565+0530	INFO	marketdata/main.go:25	candle builder initialized
2025-12-08T11:59:00.124+0530	DEBUG	kafka/producer.go:48	published candle	{"symbol": "LT", "topic": "candles.1m", "time": "2025-12-08T11:58:00.000+0530"}
2025-12-08T11:59:00.137+0530	DEBUG	kafka/producer.go:48	published candle	{"symbol": "ADANIPORTS", "topic": "candles.1m", "time": "2025-12-08T11:58:00.000+0530"}
2025-12-08T11:59:00.148+0530	DEBUG	kafka/producer.go:48	published candle	{"symbol": "ADANIENT", "topic": "candles.1m", "time": "2025-12-08T11:58:00.000+0530"}
2025-12-08T11:59:00.159+0530	DEBUG	kafka/producer.go:48	published candle	{"symbol": "APOLLOHOSP", "topic": "candles.1m", "time": "2025-12-08T11:58:00.000+0530"}
2025-12-08T11:59:00.170+0530	DEBUG	kafka/producer.go:48	published candle	{"symbol": "ASIANPAINT", "topic": "candles.1m", "time": "2025-12-08T11:58:00.000+0530"}
2025-12-08T11:59:00.181+0530	DEBUG	kafka/producer.go:48	published candle	{"symbol": "BAJFINANCE", "topic": "candles.1m", "time": "2025-12-08T11:58:00.000+0530"}
2025-12-08T11:59:00.192+0530	DEBUG	kafka/producer.go:48	published candle	{"symbol": "BEL", "topic": "candles.1m", "time": "2025-12-08T11:58:00.000+0530"}
2025-12-08T11:59:00.202+0530	DEBUG	kafka/producer.go:48	published candle	{"symbol": "HDFCLIFE", "topic": "candles.1m", "time": "2025-12-08T11:58:00.000+0530"}
2025-12-08T11:59:00.214+0530	DEBUG	kafka/producer.go:48	published candle	{"symbol": "CIPLA", "topic": "candles.1m", "time": "2025-12-08T11:58:00.000+0530"}
2025-12-08T11:59:00.225+0530	DEBUG	kafka/producer.go:48	published candle	{"symbol": "DRREDDY", "topic": "candles.1m", "time": "2025-12-08T11:58:00.000+0530"}
2025-12-08T11:59:00.236+0530	DEBUG	kafka/producer.go:48	published candle	{"symbol": "EICHERMOT", "topic": "candles.1m", "time": "2025-12-08T11:58:00.000+0530"}
2025-12-08T11:59:00.248+0530	DEBUG	kafka/producer.go:48	published candle	{"symbol": "GRASIM", "topic": "candles.1m", "time": "2025-12-08T11:58:00.000+0530"}
2025-12-08T11:59:00.259+0530	DEBUG	kafka/producer.go:48	published candle	{"symbol": "HDFCBANK", "topic": "candles.1m", "time": "2025-12-08T11:58:00.000+0530"}
2025-12-08T11:59:00.270+0530	DEBUG	kafka/producer.go:48	published candle	{"symbol": "HEROMOTOCO", "topic": "candles.1m", "time": "2025-12-08T11:58:00.000+0530"}
2025-12-08T11:59:00.281+0530	DEBUG	kafka/producer.go:48	published candle	{"symbol": "HINDALCO", "topic": "candles.1m", "time": "2025-12-08T11:58:00.000+0530"}
2025-12-08T11:59:00.291+0530	DEBUG	kafka/producer.go:48	published candle	{"symbol": "HINDUNILVR", "topic": "candles.1m", "time": "2025-12-08T11:58:00.000+0530"}
2025-12-08T11:59:00.302+0530	DEBUG	kafka/producer.go:48	published candle	{"symbol": "INFY", "topic": "candles.1m", "time": "2025-12-08T11:58:00.000+0530"}
2025-12-08T11:59:00.313+0530	DEBUG	kafka/producer.go:48	published candle	{"symbol": "ITC", "topic": "candles.1m", "time": "2025-12-08T11:58:00.000+0530"}
2025-12-08T11:59:00.325+0530	DEBUG	kafka/producer.go:48	published candle	{"symbol": "ICICIBANK", "topic": "candles.1m", "time": "2025-12-08T11:58:00.000+0530"}
2025-12-08T11:59:00.336+0530	DEBUG	kafka/producer.go:48	published candle	{"symbol": "ZOMATO", "topic": "candles.1m", "time": "2025-12-08T11:58:00.000+0530"}
2025-12-08T11:59:00.347+0530	DEBUG	kafka/producer.go:48	published candle	{"symbol": "INDUSINDBK", "topic": "candles.1m", "time": "2025-12-08T11:58:00.000+0530"}
2025-12-08T11:59:00.359+0530	DEBUG	kafka/producer.go:48	published candle	{"symbol": "AXISBANK", "topic": "candles.1m", "time": "2025-12-08T11:58:00.000+0530"}
2025-12-08T11:59:00.370+0530	DEBUG	kafka/producer.go:48	published candle	{"symbol": "HCLTECH", "topic": "candles.1m", "time": "2025-12-08T11:58:00.000+0530"}
2025-12-08T11:59:00.381+0530	DEBUG	kafka/producer.go:48	published candle	{"symbol": "BHARTIARTL", "topic": "candles.1m", "time": "2025-12-08T11:58:00.000+0530"}
2025-12-08T11:59:00.393+0530	DEBUG	kafka/producer.go:48	published candle	{"symbol": "JSWSTEEL", "topic": "candles.1m", "time": "2025-12-08T11:58:00.000+0530"}
2025-12-08T11:59:00.405+0530	DEBUG	kafka/producer.go:48	published candle	{"symbol": "BAJAJ", "topic": "candles.1m", "time": "2025-12-08T11:58:00.000+0530"}
2025-12-08T11:59:00.416+0530	DEBUG	kafka/producer.go:48	published candle	{"symbol": "BAJAJFINSV", "topic": "candles.1m", "time": "2025-12-08T11:58:00.000+0530"}
2025-12-08T11:59:00.428+0530	DEBUG	kafka/producer.go:48	published candle	{"symbol": "JIOFIN", "topic": "candles.1m", "time": "2025-12-08T11:58:00.000+0530"}
2025-12-08T11:59:00.441+0530	DEBUG	kafka/producer.go:48	published candle	{"symbol": "COALINDIA", "topic": "candles.1m", "time": "2025-12-08T11:58:00.000+0530"}
2025-12-08T11:59:00.453+0530	DEBUG	kafka/producer.go:48	published candle	{"symbol": "M&M", "topic": "candles.1m", "time": "2025-12-08T11:58:00.000+0530"}
2025-12-08T11:59:00.464+0530	DEBUG	kafka/producer.go:48	published candle	{"symbol": "SHRIRAMFIN", "topic": "candles.1m", "time": "2025-12-08T11:58:00.000+0530"}
2025-12-08T11:59:00.476+0530	DEBUG	kafka/producer.go:48	published candle	{"symbol": "TCS", "topic": "candles.1m", "time": "2025-12-08T11:58:00.000+0530"}
2025-12-08T11:59:00.488+0530	DEBUG	kafka/producer.go:48	published candle	{"symbol": "TITAN", "topic": "candles.1m", "time": "2025-12-08T11:58:00.000+0530"}
2025-12-08T11:59:00.499+0530	DEBUG	kafka/producer.go:48	published candle	{"symbol": "TRENT", "topic": "candles.1m", "time": "2025-12-08T11:58:00.000+0530"}
2025-12-08T11:59:00.511+0530	DEBUG	kafka/producer.go:48	published candle	{"symbol": "SUNPHARMA", "topic": "candles.1m", "time": "2025-12-08T11:58:00.000+0530"}
2025-12-08T11:59:00.523+0530	DEBUG	kafka/producer.go:48	published candle	{"symbol": "TATAMOTORS", "topic": "candles.1m", "time": "2025-12-08T11:58:00.000+0530"}
2025-12-08T11:59:00.535+0530	DEBUG	kafka/producer.go:48	published candle	{"symbol": "RELIANCE", "topic": "candles.1m", "time": "2025-12-08T11:58:00.000+0530"}
2025-12-08T11:59:00.546+0530	DEBUG	kafka/producer.go:48	published candle	{"symbol": "ONGC", "topic": "candles.1m", "time": "2025-12-08T11:58:00.000+0530"}
2025-12-08T11:59:00.558+0530	DEBUG	kafka/producer.go:48	published candle	{"symbol": "TECHM", "topic": "candles.1m", "time": "2025-12-08T11:58:00.000+0530"}
2025-12-08T11:59:00.570+0530	DEBUG	kafka/producer.go:48	published candle	{"symbol": "NTPC", "topic": "candles.1m", "time": "2025-12-08T11:58:00.000+0530"}
2025-12-08T11:59:00.582+0530	DEBUG	kafka/producer.go:48	published candle	{"symbol": "SBIN", "topic": "candles.1m", "time": "2025-12-08T11:58:00.000+0530"}
2025-12-08T11:59:00.594+0530	DEBUG	kafka/producer.go:48	published candle	{"symbol": "NESTLEIND", "topic": "candles.1m", "time": "2025-12-08T11:58:00.000+0530"}
2025-12-08T11:59:00.605+0530	DEBUG	kafka/producer.go:48	published candle	{"symbol": "KOTAKBANK", "topic": "candles.1m", "time": "2025-12-08T11:58:00.000+0530"}
2025-12-08T11:59:00.618+0530	DEBUG	kafka/producer.go:48	published candle	{"symbol": "TATACONSUM", "topic": "candles.1m", "time": "2025-12-08T11:58:00.000+0530"}
2025-12-08T11:59:00.629+0530	DEBUG	kafka/producer.go:48	published candle	{"symbol": "TATASTEEL", "topic": "candles.1m", "time": "2025-12-08T11:58:00.000+0530"}
2025-12-08T11:59:00.641+0530	DEBUG	kafka/producer.go:48	published candle	{"symbol": "SBILIFE", "topic": "candles.1m", "time": "2025-12-08T11:58:00.000+0530"}
2025-12-08T11:59:00.653+0530	DEBUG	kafka/producer.go:48	published candle	{"symbol": "WIPRO", "topic": "candles.1m", "time": "2025-12-08T11:58:00.000+0530"}
2025-12-08T11:59:00.665+0530	DEBUG	kafka/producer.go:48	published candle	{"symbol": "POWERGRID", "topic": "candles.1m", "time": "2025-12-08T11:58:00.000+0530"}
2025-12-08T11:59:00.677+0530	DEBUG	kafka/producer.go:48	published candle	{"symbol": "ULTRACEMCO", "topic": "candles.1m", "time": "2025-12-08T11:58:00.000+0530"}
2025-12-08T11:59:00.689+0530	DEBUG	kafka/producer.go:48	published candle	{"symbol": "MARUTI", "topic": "candles.1m", "time": "2025-12-08T11:58:00.000+0530"}
2025-12-08T12:00:00.057+0530	DEBUG	kafka/producer.go:48	published candle	{"symbol": "TRENT", "topic": "candles.1m", "time": "2025-12-08T11:59:00.000+0530"}
2025-12-08T12:00:00.070+0530	DEBUG	kafka/producer.go:48	published candle	{"symbol": "ICICIBANK", "topic": "candles.1m", "time": "2025-12-08T11:59:00.000+0530"}
2025-12-08T12:00:00.083+0530	DEBUG	kafka/producer.go:48	published candle	{"symbol": "NESTLEIND", "topic": "candles.1m", "time": "2025-12-08T11:59:00.000+0530"}
2025-12-08T12:00:00.095+0530	DEBUG	kafka/producer.go:48	published candle	{"symbol": "INFY", "topic": "candles.1m", "time": "2025-12-08T11:59:00.000+0530"}
2025-12-08T12:00:00.106+0530	DEBUG	kafka/producer.go:48	published candle	{"symbol": "WIPRO", "topic": "candles.1m", "time": "2025-12-08T11:59:00.000+0530"}
2025-12-08T12:00:00.161+0530	DEBUG	kafka/producer.go:48	published candle	{"symbol": "KOTAKBANK", "topic": "candles.1m", "time": "2025-12-08T11:59:00.000+0530"}
2025-12-08T12:00:00.173+0530	DEBUG	kafka/producer.go:48	published candle	{"symbol": "BHARTIARTL", "topic": "candles.1m", "time": "2025-12-08T11:59:00.000+0530"}
2025-12-08T12:00:00.184+0530	DEBUG	kafka/producer.go:48	published candle	{"symbol": "SUNPHARMA", "topic": "candles.1m", "time": "2025-12-08T11:59:00.000+0530"}
2025-12-08T12:00:00.196+0530	DEBUG	kafka/producer.go:48	published candle	{"symbol": "SBIN", "topic": "candles.1m", "time": "2025-12-08T11:59:00.000+0530"}
2025-12-08T12:00:00.207+0530	DEBUG	kafka/producer.go:48	published candle	{"symbol": "BAJFINANCE", "topic": "candles.1m", "time": "2025-12-08T11:59:00.000+0530"}
2025-12-08T12:00:00.252+0530	DEBUG	kafka/producer.go:48	published candle	{"symbol": "HINDUNILVR", "topic": "candles.1m", "time": "2025-12-08T11:59:00.000+0530"}
2025-12-08T12:00:00.263+0530	DEBUG	kafka/producer.go:48	published candle	{"symbol": "M&M", "topic": "candles.1m", "time": "2025-12-08T11:59:00.000+0530"}
2025-12-08T12:00:00.275+0530	DEBUG	kafka/producer.go:48	published candle	{"symbol": "ONGC", "topic": "candles.1m", "time": "2025-12-08T11:59:00.000+0530"}
2025-12-08T12:00:00.286+0530	DEBUG	kafka/producer.go:48	published candle	{"symbol": "TCS", "topic": "candles.1m", "time": "2025-12-08T11:59:00.000+0530"}
2025-12-08T12:00:00.355+0530	DEBUG	kafka/producer.go:48	published candle	{"symbol": "HDFCLIFE", "topic": "candles.1m", "time": "2025-12-08T11:59:00.000+0530"}
2025-12-08T12:00:00.366+0530	DEBUG	kafka/producer.go:48	published candle	{"symbol": "LT", "topic": "candles.1m", "time": "2025-12-08T11:59:00.000+0530"}
2025-12-08T12:00:00.411+0530	DEBUG	kafka/producer.go:48	published candle	{"symbol": "TITAN", "topic": "candles.1m", "time": "2025-12-08T11:59:00.000+0530"}
2025-12-08T12:00:00.422+0530	DEBUG	kafka/producer.go:48	published candle	{"symbol": "JSWSTEEL", "topic": "candles.1m", "time": "2025-12-08T11:59:00.000+0530"}
2025-12-08T12:00:00.434+0530	DEBUG	kafka/producer.go:48	published candle	{"symbol": "BEL", "topic": "candles.1m", "time": "2025-12-08T11:59:00.000+0530"}
2025-12-08T12:00:00.444+0530	DEBUG	kafka/producer.go:48	published candle	{"symbol": "HDFCBANK", "topic": "candles.1m", "time": "2025-12-08T11:59:00.000+0530"}
2025-12-08T12:00:00.456+0530	DEBUG	kafka/producer.go:48	published candle	{"symbol": "AXISBANK", "topic": "candles.1m", "time": "2025-12-08T11:59:00.000+0530"}
2025-12-08T12:00:00.467+0530	DEBUG	kafka/producer.go:48	published candle	{"symbol": "JIOFIN", "topic": "candles.1m", "time": "2025-12-08T11:59:00.000+0530"}
2025-12-08T12:00:00.478+0530	DEBUG	kafka/producer.go:48	published candle	{"symbol": "HCLTECH", "topic": "candles.1m", "time": "2025-12-08T11:59:00.000+0530"}
2025-12-08T12:00:00.489+0530	DEBUG	kafka/producer.go:48	published candle	{"symbol": "ZOMATO", "topic": "candles.1m", "time": "2025-12-08T11:59:00.000+0530"}
2025-12-08T12:00:00.554+0530	DEBUG	kafka/producer.go:48	published candle	{"symbol": "ADANIENT", "topic": "candles.1m", "time": "2025-12-08T11:59:00.000+0530"}
2025-12-08T12:00:00.565+0530	DEBUG	kafka/producer.go:48	published candle	{"symbol": "COALINDIA", "topic": "candles.1m", "time": "2025-12-08T11:59:00.000+0530"}
2025-12-08T12:00:00.654+0530	DEBUG	kafka/producer.go:48	published candle	{"symbol": "ADANIPORTS", "topic": "candles.1m", "time": "2025-12-08T11:59:00.000+0530"}
2025-12-08T12:00:00.666+0530	DEBUG	kafka/producer.go:48	published candle	{"symbol": "CIPLA", "topic": "candles.1m", "time": "2025-12-08T11:59:00.000+0530"}
2025-12-08T12:00:00.756+0530	DEBUG	kafka/producer.go:48	published candle	{"symbol": "SHRIRAMFIN", "topic": "candles.1m", "time": "2025-12-08T11:59:00.000+0530"}
2025-12-08T12:00:00.768+0530	DEBUG	kafka/producer.go:48	published candle	{"symbol": "TECHM", "topic": "candles.1m", "time": "2025-12-08T11:59:00.000+0530"}
2025-12-08T12:00:00.859+0530	DEBUG	kafka/producer.go:48	published candle	{"symbol": "MARUTI", "topic": "candles.1m", "time": "2025-12-08T11:59:00.000+0530"}
2025-12-08T12:00:00.871+0530	DEBUG	kafka/producer.go:48	published candle	{"symbol": "ITC", "topic": "candles.1m", "time": "2025-12-08T11:59:00.000+0530"}
2025-12-08T12:00:00.959+0530	DEBUG	kafka/producer.go:48	published candle	{"symbol": "HINDALCO", "topic": "candles.1m", "time": "2025-12-08T11:59:00.000+0530"}
2025-12-08T12:00:01.157+0530	DEBUG	kafka/producer.go:48	published candle	{"symbol": "BAJAJFINSV", "topic": "candles.1m", "time": "2025-12-08T11:59:00.000+0530"}
2025-12-08T12:00:01.259+0530	DEBUG	kafka/producer.go:48	published candle	{"symbol": "ASIANPAINT", "topic": "candles.1m", "time": "2025-12-08T11:59:00.000+0530"}
2025-12-08T12:00:01.271+0530	DEBUG	kafka/producer.go:48	published candle	{"symbol": "DRREDDY", "topic": "candles.1m", "time": "2025-12-08T11:59:00.000+0530"}
2025-12-08T12:00:01.284+0530	DEBUG	kafka/producer.go:48	published candle	{"symbol": "INDUSINDBK", "topic": "candles.1m", "time": "2025-12-08T11:59:00.000+0530"}
2025-12-08T12:00:01.362+0530	DEBUG	kafka/producer.go:48	published candle	{"symbol": "SBILIFE", "topic": "candles.1m", "time": "2025-12-08T11:59:00.000+0530"}
2025-12-08T12:00:01.372+0530	DEBUG	kafka/producer.go:48	published candle	{"symbol": "ULTRACEMCO", "topic": "candles.1m", "time": "2025-12-08T11:59:00.000+0530"}
2025-12-08T12:00:01.621+0530	DEBUG	kafka/producer.go:48	published candle	{"symbol": "NTPC", "topic": "candles.1m", "time": "2025-12-08T11:59:00.000+0530"}
2025-12-08T12:00:01.633+0530	DEBUG	kafka/producer.go:48	published candle	{"symbol": "POWERGRID", "topic": "candles.1m", "time": "2025-12-08T11:59:00.000+0530"}
2025-12-08T12:00:01.645+0530	DEBUG	kafka/producer.go:48	published candle	{"symbol": "RELIANCE", "topic": "candles.1m", "time": "2025-12-08T11:59:00.000+0530"}
2025-12-08T12:00:01.657+0530	DEBUG	kafka/producer.go:48	published candle	{"symbol": "TATAMOTORS", "topic": "candles.1m", "time": "2025-12-08T11:59:00.000+0530"}
2025-12-08T12:00:01.669+0530	DEBUG	kafka/producer.go:48	published candle	{"symbol": "TATASTEEL", "topic": "candles.1m", "time": "2025-12-08T11:59:00.000+0530"}
2025-12-08T12:00:01.681+0530	DEBUG	kafka/producer.go:48	published candle	{"symbol": "TATACONSUM", "topic": "candles.1m", "time": "2025-12-08T11:59:00.000+0530"}
2025-12-08T12:00:01.693+0530	DEBUG	kafka/producer.go:48	published candle	{"symbol": "EICHERMOT", "topic": "candles.1m", "time": "2025-12-08T11:59:00.000+0530"}
2025-12-08T12:00:01.757+0530	DEBUG	kafka/producer.go:48	published candle	{"symbol": "HEROMOTOCO", "topic": "candles.1m", "time": "2025-12-08T11:59:00.000+0530"}
2025-12-08T12:00:02.058+0530	DEBUG	kafka/producer.go:48	published candle	{"symbol": "APOLLOHOSP", "topic": "candles.1m", "time": "2025-12-08T11:59:00.000+0530"}
2025-12-08T12:00:02.459+0530	DEBUG	kafka/producer.go:48	published candle	{"symbol": "GRASIM", "topic": "candles.1m", "time": "2025-12-08T11:59:00.000+0530"}
2025-12-08T12:00:04.558+0530	DEBUG	kafka/producer.go:48	published candle	{"symbol": "BAJAJ", "topic": "candles.1m", "time": "2025-12-08T11:59:00.000+0530"}
2025-12-08T12:01:00.094+0530	DEBUG	kafka/producer.go:48	published candle	{"symbol": "TECHM", "topic": "candles.1m", "time": "2025-12-08T12:00:00.000+0530"}
2025-12-08T12:01:00.106+0530	DEBUG	kafka/producer.go:48	published candle	{"symbol": "RELIANCE", "topic": "candles.1m", "time": "2025-12-08T12:00:00.000+0530"}
2025-12-08T12:01:00.129+0530	DEBUG	kafka/producer.go:48	published candle	{"symbol": "TATAMOTORS", "topic": "candles.1m", "time": "2025-12-08T12:00:00.000+0530"}
2025-12-08T12:01:00.140+0530	DEBUG	kafka/producer.go:48	published candle	{"symbol": "TATASTEEL", "topic": "candles.1m", "time": "2025-12-08T12:00:00.000+0530"}
2025-12-08T12:01:00.152+0530	DEBUG	kafka/producer.go:48	published candle	{"symbol": "DRREDDY", "topic": "candles.1m", "time": "2025-12-08T12:00:00.000+0530"}
2025-12-08T12:01:00.164+0530	DEBUG	kafka/producer.go:48	published candle	{"symbol": "HDFCBANK", "topic": "candles.1m", "time": "2025-12-08T12:00:00.000+0530"}
2025-12-08T12:01:00.226+0530	DEBUG	kafka/producer.go:48	published candle	{"symbol": "INDUSINDBK", "topic": "candles.1m", "time": "2025-12-08T12:00:00.000+0530"}
2025-12-08T12:01:00.329+0530	DEBUG	kafka/producer.go:48	published candle	{"symbol": "SBILIFE", "topic": "candles.1m", "time": "2025-12-08T12:00:00.000+0530"}
2025-12-08T12:01:00.340+0530	DEBUG	kafka/producer.go:48	published candle	{"symbol": "BHARTIARTL", "topic": "candles.1m", "time": "2025-12-08T12:00:00.000+0530"}
2025-12-08T12:01:00.430+0530	DEBUG	kafka/producer.go:48	published candle	{"symbol": "INFY", "topic": "candles.1m", "time": "2025-12-08T12:00:00.000+0530"}
2025-12-08T12:01:00.441+0530	DEBUG	kafka/producer.go:48	published candle	{"symbol": "ICICIBANK", "topic": "candles.1m", "time": "2025-12-08T12:00:00.000+0530"}
2025-12-08T12:01:00.453+0530	DEBUG	kafka/producer.go:48	published candle	{"symbol": "BEL", "topic": "candles.1m", "time": "2025-12-08T12:00:00.000+0530"}
2025-12-08T12:01:00.464+0530	DEBUG	kafka/producer.go:48	published candle	{"symbol": "SBIN", "topic": "candles.1m", "time": "2025-12-08T12:00:00.000+0530"}
2025-12-08T12:01:00.475+0530	DEBUG	kafka/producer.go:48	published candle	{"symbol": "ZOMATO", "topic": "candles.1m", "time": "2025-12-08T12:00:00.000+0530"}
2025-12-08T12:01:00.487+0530	DEBUG	kafka/producer.go:48	published candle	{"symbol": "TRENT", "topic": "candles.1m", "time": "2025-12-08T12:00:00.000+0530"}
2025-12-08T12:01:00.498+0530	DEBUG	kafka/producer.go:48	published candle	{"symbol": "NTPC", "topic": "candles.1m", "time": "2025-12-08T12:00:00.000+0530"}
2025-12-08T12:01:00.509+0530	DEBUG	kafka/producer.go:48	published candle	{"symbol": "SHRIRAMFIN", "topic": "candles.1m", "time": "2025-12-08T12:00:00.000+0530"}
2025-12-08T12:01:00.520+0530	DEBUG	kafka/producer.go:48	published candle	{"symbol": "POWERGRID", "topic": "candles.1m", "time": "2025-12-08T12:00:00.000+0530"}
2025-12-08T12:01:00.532+0530	DEBUG	kafka/producer.go:48	published candle	{"symbol": "ADANIENT", "topic": "candles.1m", "time": "2025-12-08T12:00:00.000+0530"}
2025-12-08T12:01:00.543+0530	DEBUG	kafka/producer.go:48	published candle	{"symbol": "AXISBANK", "topic": "candles.1m", "time": "2025-12-08T12:00:00.000+0530"}
2025-12-08T12:01:00.555+0530	DEBUG	kafka/producer.go:48	published candle	{"symbol": "BAJAJ", "topic": "candles.1m", "time": "2025-12-08T12:00:00.000+0530"}
2025-12-08T12:01:00.566+0530	DEBUG	kafka/producer.go:48	published candle	{"symbol": "WIPRO", "topic": "candles.1m", "time": "2025-12-08T12:00:00.000+0530"}
2025-12-08T12:01:00.578+0530	DEBUG	kafka/producer.go:48	published candle	{"symbol": "BAJFINANCE", "topic": "candles.1m", "time": "2025-12-08T12:00:00.000+0530"}
2025-12-08T12:01:00.589+0530	DEBUG	kafka/producer.go:48	published candle	{"symbol": "M&M", "topic": "candles.1m", "time": "2025-12-08T12:00:00.000+0530"}
2025-12-08T12:01:00.601+0530	DEBUG	kafka/producer.go:48	published candle	{"symbol": "ONGC", "topic": "candles.1m", "time": "2025-12-08T12:00:00.000+0530"}
2025-12-08T12:01:00.612+0530	DEBUG	kafka/producer.go:48	published candle	{"symbol": "TCS", "topic": "candles.1m", "time": "2025-12-08T12:00:00.000+0530"}
2025-12-08T12:01:00.624+0530	DEBUG	kafka/producer.go:48	published candle	{"symbol": "LT", "topic": "candles.1m", "time": "2025-12-08T12:00:00.000+0530"}
2025-12-08T12:01:00.635+0530	DEBUG	kafka/producer.go:48	published candle	{"symbol": "SUNPHARMA", "topic": "candles.1m", "time": "2025-12-08T12:00:00.000+0530"}
2025-12-08T12:01:00.647+0530	DEBUG	kafka/producer.go:48	published candle	{"symbol": "COALINDIA", "topic": "candles.1m", "time": "2025-12-08T12:00:00.000+0530"}
2025-12-08T12:01:00.658+0530	DEBUG	kafka/producer.go:48	published candle	{"symbol": "ADANIPORTS", "topic": "candles.1m", "time": "2025-12-08T12:00:00.000+0530"}
2025-12-08T12:01:00.670+0530	DEBUG	kafka/producer.go:48	published candle	{"symbol": "KOTAKBANK", "topic": "candles.1m", "time": "2025-12-08T12:00:00.000+0530"}
2025-12-08T12:01:00.726+0530	DEBUG	kafka/producer.go:48	published candle	{"symbol": "HDFCLIFE", "topic": "candles.1m", "time": "2025-12-08T12:00:00.000+0530"}
2025-12-08T12:01:00.739+0530	DEBUG	kafka/producer.go:48	published candle	{"symbol": "JSWSTEEL", "topic": "candles.1m", "time": "2025-12-08T12:00:00.000+0530"}
2025-12-08T12:01:00.828+0530	DEBUG	kafka/producer.go:48	published candle	{"symbol": "TITAN", "topic": "candles.1m", "time": "2025-12-08T12:00:00.000+0530"}
2025-12-08T12:01:00.938+0530	DEBUG	kafka/producer.go:48	published candle	{"symbol": "NESTLEIND", "topic": "candles.1m", "time": "2025-12-08T12:00:00.000+0530"}
2025-12-08T12:01:01.423+0530	DEBUG	kafka/producer.go:48	published candle	{"symbol": "ASIANPAINT", "topic": "candles.1m", "time": "2025-12-08T12:00:00.000+0530"}
2025-12-08T12:01:01.435+0530	DEBUG	kafka/producer.go:48	published candle	{"symbol": "MARUTI", "topic": "candles.1m", "time": "2025-12-08T12:00:00.000+0530"}
2025-12-08T12:01:01.447+0530	DEBUG	kafka/producer.go:48	published candle	{"symbol": "ITC", "topic": "candles.1m", "time": "2025-12-08T12:00:00.000+0530"}
2025-12-08T12:01:01.459+0530	DEBUG	kafka/producer.go:48	published candle	{"symbol": "HINDALCO", "topic": "candles.1m", "time": "2025-12-08T12:00:00.000+0530"}
2025-12-08T12:01:01.470+0530	DEBUG	kafka/producer.go:48	published candle	{"symbol": "JIOFIN", "topic": "candles.1m", "time": "2025-12-08T12:00:00.000+0530"}
2025-12-08T12:01:01.482+0530	DEBUG	kafka/producer.go:48	published candle	{"symbol": "BAJAJFINSV", "topic": "candles.1m", "time": "2025-12-08T12:00:00.000+0530"}
2025-12-08T12:01:01.494+0530	DEBUG	kafka/producer.go:48	published candle	{"symbol": "HINDUNILVR", "topic": "candles.1m", "time": "2025-12-08T12:00:00.000+0530"}
2025-12-08T12:01:01.507+0530	DEBUG	kafka/producer.go:48	published candle	{"symbol": "ULTRACEMCO", "topic": "candles.1m", "time": "2025-12-08T12:00:00.000+0530"}
2025-12-08T12:01:01.517+0530	DEBUG	kafka/producer.go:48	published candle	{"symbol": "TATACONSUM", "topic": "candles.1m", "time": "2025-12-08T12:00:00.000+0530"}
2025-12-08T12:01:01.529+0530	DEBUG	kafka/producer.go:48	published candle	{"symbol": "EICHERMOT", "topic": "candles.1m", "time": "2025-12-08T12:00:00.000+0530"}
2025-12-08T12:01:01.541+0530	DEBUG	kafka/producer.go:48	published candle	{"symbol": "HCLTECH", "topic": "candles.1m", "time": "2025-12-08T12:00:00.000+0530"}
2025-12-08T12:01:01.553+0530	DEBUG	kafka/producer.go:48	published candle	{"symbol": "HEROMOTOCO", "topic": "candles.1m", "time": "2025-12-08T12:00:00.000+0530"}
2025-12-08T12:01:01.564+0530	DEBUG	kafka/producer.go:48	published candle	{"symbol": "APOLLOHOSP", "topic": "candles.1m", "time": "2025-12-08T12:00:00.000+0530"}
2025-12-08T12:01:01.576+0530	DEBUG	kafka/producer.go:48	published candle	{"symbol": "CIPLA", "topic": "candles.1m", "time": "2025-12-08T12:00:00.000+0530"}
2025-12-08T12:01:03.233+0530	DEBUG	kafka/producer.go:48	published candle	{"symbol": "GRASIM", "topic": "candles.1m", "time": "2025-12-08T12:00:00.000+0530"}
2025-12-08T12:02:00.102+0530	DEBUG	kafka/producer.go:48	published candle	{"symbol": "HDFCLIFE", "topic": "candles.1m", "time": "2025-12-08T12:01:00.000+0530"}
2025-12-08T12:02:00.198+0530	DEBUG	kafka/producer.go:48	published candle	{"symbol": "TRENT", "topic": "candles.1m", "time": "2025-12-08T12:01:00.000+0530"}
2025-12-08T12:02:00.210+0530	DEBUG	kafka/producer.go:48	published candle	{"symbol": "ICICIBANK", "topic": "candles.1m", "time": "2025-12-08T12:01:00.000+0530"}
2025-12-08T12:02:00.222+0530	DEBUG	kafka/producer.go:48	published candle	{"symbol": "BEL", "topic": "candles.1m", "time": "2025-12-08T12:01:00.000+0530"}
2025-12-08T12:02:00.233+0530	DEBUG	kafka/producer.go:48	published candle	{"symbol": "NESTLEIND", "topic": "candles.1m", "time": "2025-12-08T12:01:00.000+0530"}
2025-12-08T12:02:00.304+0530	DEBUG	kafka/producer.go:48	published candle	{"symbol": "TITAN", "topic": "candles.1m", "time": "2025-12-08T12:01:00.000+0530"}
2025-12-08T12:02:00.315+0530	DEBUG	kafka/producer.go:48	published candle	{"symbol": "ONGC", "topic": "candles.1m", "time": "2025-12-08T12:01:00.000+0530"}
2025-12-08T12:02:00.327+0530	DEBUG	kafka/producer.go:48	published candle	{"symbol": "NTPC", "topic": "candles.1m", "time": "2025-12-08T12:01:00.000+0530"}
2025-12-08T12:02:00.338+0530	DEBUG	kafka/producer.go:48	published candle	{"symbol": "WIPRO", "topic": "candles.1m", "time": "2025-12-08T12:01:00.000+0530"}
2025-12-08T12:02:00.410+0530	DEBUG	kafka/producer.go:48	published candle	{"symbol": "GRASIM", "topic": "candles.1m", "time": "2025-12-08T12:01:00.000+0530"}
2025-12-08T12:02:00.421+0530	DEBUG	kafka/producer.go:48	published candle	{"symbol": "SBIN", "topic": "candles.1m", "time": "2025-12-08T12:01:00.000+0530"}
2025-12-08T12:02:00.443+0530	DEBUG	kafka/producer.go:48	published candle	{"symbol": "SUNPHARMA", "topic": "candles.1m", "time": "2025-12-08T12:01:00.000+0530"}
2025-12-08T12:02:00.456+0530	DEBUG	kafka/producer.go:48	published candle	{"symbol": "TATACONSUM", "topic": "candles.1m", "time": "2025-12-08T12:01:00.000+0530"}
2025-12-08T12:02:00.468+0530	DEBUG	kafka/producer.go:48	published candle	{"symbol": "TATAMOTORS", "topic": "candles.1m", "time": "2025-12-08T12:01:00.000+0530"}
2025-12-08T12:02:00.479+0530	DEBUG	kafka/producer.go:48	published candle	{"symbol": "TATASTEEL", "topic": "candles.1m", "time": "2025-12-08T12:01:00.000+0530"}
2025-12-08T12:02:00.491+0530	DEBUG	kafka/producer.go:48	published candle	{"symbol": "SHRIRAMFIN", "topic": "candles.1m", "time": "2025-12-08T12:01:00.000+0530"}
2025-12-08T12:02:00.502+0530	DEBUG	kafka/producer.go:48	published candle	{"symbol": "TECHM", "topic": "candles.1m", "time": "2025-12-08T12:01:00.000+0530"}
2025-12-08T12:02:00.514+0530	DEBUG	kafka/producer.go:48	published candle	{"symbol": "SBILIFE", "topic": "candles.1m", "time": "2025-12-08T12:01:00.000+0530"}
2025-12-08T12:02:00.525+0530	DEBUG	kafka/producer.go:48	published candle	{"symbol": "APOLLOHOSP", "topic": "candles.1m", "time": "2025-12-08T12:01:00.000+0530"}
2025-12-08T12:02:00.537+0530	DEBUG	kafka/producer.go:48	published candle	{"symbol": "HEROMOTOCO", "topic": "candles.1m", "time": "2025-12-08T12:01:00.000+0530"}
2025-12-08T12:02:00.548+0530	DEBUG	kafka/producer.go:48	published candle	{"symbol": "TCS", "topic": "candles.1m", "time": "2025-12-08T12:01:00.000+0530"}
2025-12-08T12:02:00.559+0530	DEBUG	kafka/producer.go:48	published candle	{"symbol": "BAJFINANCE", "topic": "candles.1m", "time": "2025-12-08T12:01:00.000+0530"}
2025-12-08T12:02:00.570+0530	DEBUG	kafka/producer.go:48	published candle	{"symbol": "HDFCBANK", "topic": "candles.1m", "time": "2025-12-08T12:01:00.000+0530"}
2025-12-08T12:02:00.582+0530	DEBUG	kafka/producer.go:48	published candle	{"symbol": "HINDALCO", "topic": "candles.1m", "time": "2025-12-08T12:01:00.000+0530"}
2025-12-08T12:02:00.593+0530	DEBUG	kafka/producer.go:48	published candle	{"symbol": "HINDUNILVR", "topic": "candles.1m", "time": "2025-12-08T12:01:00.000+0530"}
2025-12-08T12:02:00.605+0530	DEBUG	kafka/producer.go:48	published candle	{"symbol": "HCLTECH", "topic": "candles.1m", "time": "2025-12-08T12:01:00.000+0530"}
2025-12-08T12:02:00.616+0530	DEBUG	kafka/producer.go:48	published candle	{"symbol": "BHARTIARTL", "topic": "candles.1m", "time": "2025-12-08T12:01:00.000+0530"}
2025-12-08T12:02:00.628+0530	DEBUG	kafka/producer.go:48	published candle	{"symbol": "ULTRACEMCO", "topic": "candles.1m", "time": "2025-12-08T12:01:00.000+0530"}
2025-12-08T12:02:00.639+0530	DEBUG	kafka/producer.go:48	published candle	{"symbol": "JSWSTEEL", "topic": "candles.1m", "time": "2025-12-08T12:01:00.000+0530"}
2025-12-08T12:02:00.651+0530	DEBUG	kafka/producer.go:48	published candle	{"symbol": "BAJAJFINSV", "topic": "candles.1m", "time": "2025-12-08T12:01:00.000+0530"}
2025-12-08T12:02:00.662+0530	DEBUG	kafka/producer.go:48	published candle	{"symbol": "JIOFIN", "topic": "candles.1m", "time": "2025-12-08T12:01:00.000+0530"}
2025-12-08T12:02:00.674+0530	DEBUG	kafka/producer.go:48	published candle	{"symbol": "EICHERMOT", "topic": "candles.1m", "time": "2025-12-08T12:01:00.000+0530"}
2025-12-08T12:02:00.685+0530	DEBUG	kafka/producer.go:48	published candle	{"symbol": "INFY", "topic": "candles.1m", "time": "2025-12-08T12:01:00.000+0530"}
2025-12-08T12:02:00.697+0530	DEBUG	kafka/producer.go:48	published candle	{"symbol": "ITC", "topic": "candles.1m", "time": "2025-12-08T12:01:00.000+0530"}
2025-12-08T12:02:00.708+0530	DEBUG	kafka/producer.go:48	published candle	{"symbol": "M&M", "topic": "candles.1m", "time": "2025-12-08T12:01:00.000+0530"}
2025-12-08T12:02:00.720+0530	DEBUG	kafka/producer.go:48	published candle	{"symbol": "ZOMATO", "topic": "candles.1m", "time": "2025-12-08T12:01:00.000+0530"}
2025-12-08T12:02:00.731+0530	DEBUG	kafka/producer.go:48	published candle	{"symbol": "INDUSINDBK", "topic": "candles.1m", "time": "2025-12-08T12:01:00.000+0530"}
2025-12-08T12:02:00.744+0530	DEBUG	kafka/producer.go:48	published candle	{"symbol": "ADANIENT", "topic": "candles.1m", "time": "2025-12-08T12:01:00.000+0530"}
2025-12-08T12:02:00.755+0530	DEBUG	kafka/producer.go:48	published candle	{"symbol": "ASIANPAINT", "topic": "candles.1m", "time": "2025-12-08T12:01:00.000+0530"}
2025-12-08T12:02:00.767+0530	DEBUG	kafka/producer.go:48	published candle	{"symbol": "CIPLA", "topic": "candles.1m", "time": "2025-12-08T12:01:00.000+0530"}
2025-12-08T12:02:00.778+0530	DEBUG	kafka/producer.go:48	published candle	{"symbol": "DRREDDY", "topic": "candles.1m", "time": "2025-12-08T12:01:00.000+0530"}
2025-12-08T12:02:00.790+0530	DEBUG	kafka/producer.go:48	published candle	{"symbol": "AXISBANK", "topic": "candles.1m", "time": "2025-12-08T12:01:00.000+0530"}
2025-12-08T12:02:00.801+0530	DEBUG	kafka/producer.go:48	published candle	{"symbol": "ADANIPORTS", "topic": "candles.1m", "time": "2025-12-08T12:01:00.000+0530"}
2025-12-08T12:02:00.812+0530	DEBUG	kafka/producer.go:48	published candle	{"symbol": "BAJAJ", "topic": "candles.1m", "time": "2025-12-08T12:01:00.000+0530"}
2025-12-08T12:02:00.824+0530	DEBUG	kafka/producer.go:48	published candle	{"symbol": "COALINDIA", "topic": "candles.1m", "time": "2025-12-08T12:01:00.000+0530"}
2025-12-08T12:02:00.835+0530	DEBUG	kafka/producer.go:48	published candle	{"symbol": "KOTAKBANK", "topic": "candles.1m", "time": "2025-12-08T12:01:00.000+0530"}
2025-12-08T12:02:00.847+0530	DEBUG	kafka/producer.go:48	published candle	{"symbol": "LT", "topic": "candles.1m", "time": "2025-12-08T12:01:00.000+0530"}
2025-12-08T12:02:00.858+0530	DEBUG	kafka/producer.go:48	published candle	{"symbol": "RELIANCE", "topic": "candles.1m", "time": "2025-12-08T12:01:00.000+0530"}
2025-12-08T12:02:00.870+0530	DEBUG	kafka/producer.go:48	published candle	{"symbol": "MARUTI", "topic": "candles.1m", "time": "2025-12-08T12:01:00.000+0530"}
2025-12-08T12:02:00.881+0530	DEBUG	kafka/producer.go:48	published candle	{"symbol": "POWERGRID", "topic": "candles.1m", "time": "2025-12-08T12:01:00.000+0530"}
2025-12-08T12:03:00.074+0530	DEBUG	kafka/producer.go:48	published candle	{"symbol": "TATAMOTORS", "topic": "candles.1m", "time": "2025-12-08T12:02:00.000+0530"}
2025-12-08T12:03:00.087+0530	DEBUG	kafka/producer.go:48	published candle	{"symbol": "ADANIENT", "topic": "candles.1m", "time": "2025-12-08T12:02:00.000+0530"}
2025-12-08T12:03:00.169+0530	DEBUG	kafka/producer.go:48	published candle	{"symbol": "INFY", "topic": "candles.1m", "time": "2025-12-08T12:02:00.000+0530"}
2025-12-08T12:03:00.180+0530	DEBUG	kafka/producer.go:48	published candle	{"symbol": "RELIANCE", "topic": "candles.1m", "time": "2025-12-08T12:02:00.000+0530"}
2025-12-08T12:03:00.192+0530	DEBUG	kafka/producer.go:48	published candle	{"symbol": "SBILIFE", "topic": "candles.1m", "time": "2025-12-08T12:02:00.000+0530"}
2025-12-08T12:03:00.316+0530	DEBUG	kafka/producer.go:48	published candle	{"symbol": "TITAN", "topic": "candles.1m", "time": "2025-12-08T12:02:00.000+0530"}
2025-12-08T12:03:00.328+0530	DEBUG	kafka/producer.go:48	published candle	{"symbol": "INDUSINDBK", "topic": "candles.1m", "time": "2025-12-08T12:02:00.000+0530"}
2025-12-08T12:03:00.339+0530	DEBUG	kafka/producer.go:48	published candle	{"symbol": "ADANIPORTS", "topic": "candles.1m", "time": "2025-12-08T12:02:00.000+0530"}
2025-12-08T12:03:00.351+0530	DEBUG	kafka/producer.go:48	published candle	{"symbol": "ZOMATO", "topic": "candles.1m", "time": "2025-12-08T12:02:00.000+0530"}
2025-12-08T12:03:00.362+0530	DEBUG	kafka/producer.go:48	published candle	{"symbol": "HDFCBANK", "topic": "candles.1m", "time": "2025-12-08T12:02:00.000+0530"}
2025-12-08T12:03:00.374+0530	DEBUG	kafka/producer.go:48	published candle	{"symbol": "WIPRO", "topic": "candles.1m", "time": "2025-12-08T12:02:00.000+0530"}
2025-12-08T12:03:00.385+0530	DEBUG	kafka/producer.go:48	published candle	{"symbol": "TECHM", "topic": "candles.1m", "time": "2025-12-08T12:02:00.000+0530"}
2025-12-08T12:03:00.397+0530	DEBUG	kafka/producer.go:48	published candle	{"symbol": "BHARTIARTL", "topic": "candles.1m", "time": "2025-12-08T12:02:00.000+0530"}
2025-12-08T12:03:00.409+0530	DEBUG	kafka/producer.go:48	published candle	{"symbol": "SUNPHARMA", "topic": "candles.1m", "time": "2025-12-08T12:02:00.000+0530"}
2025-12-08T12:03:00.420+0530	DEBUG	kafka/producer.go:48	published candle	{"symbol": "JSWSTEEL", "topic": "candles.1m", "time": "2025-12-08T12:02:00.000+0530"}
2025-12-08T12:03:00.432+0530	DEBUG	kafka/producer.go:48	published candle	{"symbol": "M&M", "topic": "candles.1m", "time": "2025-12-08T12:02:00.000+0530"}
2025-12-08T12:03:00.468+0530	DEBUG	kafka/producer.go:48	published candle	{"symbol": "TCS", "topic": "candles.1m", "time": "2025-12-08T12:02:00.000+0530"}
2025-12-08T12:03:00.480+0530	DEBUG	kafka/producer.go:48	published candle	{"symbol": "JIOFIN", "topic": "candles.1m", "time": "2025-12-08T12:02:00.000+0530"}
2025-12-08T12:03:00.492+0530	DEBUG	kafka/producer.go:48	published candle	{"symbol": "ICICIBANK", "topic": "candles.1m", "time": "2025-12-08T12:02:00.000+0530"}
2025-12-08T12:03:00.503+0530	DEBUG	kafka/producer.go:48	published candle	{"symbol": "NTPC", "topic": "candles.1m", "time": "2025-12-08T12:02:00.000+0530"}
2025-12-08T12:03:00.515+0530	DEBUG	kafka/producer.go:48	published candle	{"symbol": "SBIN", "topic": "candles.1m", "time": "2025-12-08T12:02:00.000+0530"}
2025-12-08T12:03:00.527+0530	DEBUG	kafka/producer.go:48	published candle	{"symbol": "BAJFINANCE", "topic": "candles.1m", "time": "2025-12-08T12:02:00.000+0530"}
2025-12-08T12:03:00.538+0530	DEBUG	kafka/producer.go:48	published candle	{"symbol": "TATASTEEL", "topic": "candles.1m", "time": "2025-12-08T12:02:00.000+0530"}
2025-12-08T12:03:00.550+0530	DEBUG	kafka/producer.go:48	published candle	{"symbol": "BAJAJ", "topic": "candles.1m", "time": "2025-12-08T12:02:00.000+0530"}
2025-12-08T12:03:00.560+0530	DEBUG	kafka/producer.go:48	published candle	{"symbol": "AXISBANK", "topic": "candles.1m", "time": "2025-12-08T12:02:00.000+0530"}
2025-12-08T12:03:00.572+0530	DEBUG	kafka/producer.go:48	published candle	{"symbol": "HINDUNILVR", "topic": "candles.1m", "time": "2025-12-08T12:02:00.000+0530"}
2025-12-08T12:03:00.583+0530	DEBUG	kafka/producer.go:48	published candle	{"symbol": "LT", "topic": "candles.1m", "time": "2025-12-08T12:02:00.000+0530"}
2025-12-08T12:03:00.595+0530	DEBUG	kafka/producer.go:48	published candle	{"symbol": "BEL", "topic": "candles.1m", "time": "2025-12-08T12:02:00.000+0530"}
2025-12-08T12:03:00.606+0530	DEBUG	kafka/producer.go:48	published candle	{"symbol": "POWERGRID", "topic": "candles.1m", "time": "2025-12-08T12:02:00.000+0530"}
2025-12-08T12:03:00.618+0530	DEBUG	kafka/producer.go:48	published candle	{"symbol": "SHRIRAMFIN", "topic": "candles.1m", "time": "2025-12-08T12:02:00.000+0530"}
2025-12-08T12:03:00.629+0530	DEBUG	kafka/producer.go:48	published candle	{"symbol": "ONGC", "topic": "candles.1m", "time": "2025-12-08T12:02:00.000+0530"}
2025-12-08T12:03:00.641+0530	DEBUG	kafka/producer.go:48	published candle	{"symbol": "COALINDIA", "topic": "candles.1m", "time": "2025-12-08T12:02:00.000+0530"}
2025-12-08T12:03:00.652+0530	DEBUG	kafka/producer.go:48	published candle	{"symbol": "MARUTI", "topic": "candles.1m", "time": "2025-12-08T12:02:00.000+0530"}
2025-12-08T12:03:00.664+0530	DEBUG	kafka/producer.go:48	published candle	{"symbol": "ITC", "topic": "candles.1m", "time": "2025-12-08T12:02:00.000+0530"}
2025-12-08T12:03:00.675+0530	DEBUG	kafka/producer.go:48	published candle	{"symbol": "HINDALCO", "topic": "candles.1m", "time": "2025-12-08T12:02:00.000+0530"}
2025-12-08T12:03:00.687+0530	DEBUG	kafka/producer.go:48	published candle	{"symbol": "BAJAJFINSV", "topic": "candles.1m", "time": "2025-12-08T12:02:00.000+0530"}
2025-12-08T12:03:00.698+0530	DEBUG	kafka/producer.go:48	published candle	{"symbol": "TRENT", "topic": "candles.1m", "time": "2025-12-08T12:02:00.000+0530"}
2025-12-08T12:03:00.710+0530	DEBUG	kafka/producer.go:48	published candle	{"symbol": "HDFCLIFE", "topic": "candles.1m", "time": "2025-12-08T12:02:00.000+0530"}
2025-12-08T12:03:00.771+0530	DEBUG	kafka/producer.go:48	published candle	{"symbol": "HCLTECH", "topic": "candles.1m", "time": "2025-12-08T12:02:00.000+0530"}
2025-12-08T12:03:00.869+0530	DEBUG	kafka/producer.go:48	published candle	{"symbol": "NESTLEIND", "topic": "candles.1m", "time": "2025-12-08T12:02:00.000+0530"}
2025-12-08T12:03:00.976+0530	DEBUG	kafka/producer.go:48	published candle	{"symbol": "CIPLA", "topic": "candles.1m", "time": "2025-12-08T12:02:00.000+0530"}
2025-12-08T12:03:01.460+0530	DEBUG	kafka/producer.go:48	published candle	{"symbol": "ASIANPAINT", "topic": "candles.1m", "time": "2025-12-08T12:02:00.000+0530"}
2025-12-08T12:03:01.471+0530	DEBUG	kafka/producer.go:48	published candle	{"symbol": "DRREDDY", "topic": "candles.1m", "time": "2025-12-08T12:02:00.000+0530"}
2025-12-08T12:03:01.483+0530	DEBUG	kafka/producer.go:48	published candle	{"symbol": "KOTAKBANK", "topic": "candles.1m", "time": "2025-12-08T12:02:00.000+0530"}
2025-12-08T12:03:01.494+0530	DEBUG	kafka/producer.go:48	published candle	{"symbol": "ULTRACEMCO", "topic": "candles.1m", "time": "2025-12-08T12:02:00.000+0530"}
2025-12-08T12:03:01.505+0530	DEBUG	kafka/producer.go:48	published candle	{"symbol": "HEROMOTOCO", "topic": "candles.1m", "time": "2025-12-08T12:02:00.000+0530"}
2025-12-08T12:03:01.517+0530	DEBUG	kafka/producer.go:48	published candle	{"symbol": "GRASIM", "topic": "candles.1m", "time": "2025-12-08T12:02:00.000+0530"}
2025-12-08T12:03:01.772+0530	DEBUG	kafka/producer.go:48	published candle	{"symbol": "TATACONSUM", "topic": "candles.1m", "time": "2025-12-08T12:02:00.000+0530"}
2025-12-08T12:03:01.971+0530	DEBUG	kafka/producer.go:48	published candle	{"symbol": "EICHERMOT", "topic": "candles.1m", "time": "2025-12-08T12:02:00.000+0530"}
2025-12-08T12:03:02.373+0530	DEBUG	kafka/producer.go:48	published candle	{"symbol": "APOLLOHOSP", "topic": "candles.1m", "time": "2025-12-08T12:02:00.000+0530"}
2025-12-08T12:04:00.075+0530	DEBUG	kafka/producer.go:48	published candle	{"symbol": "TCS", "topic": "candles.1m", "time": "2025-12-08T12:03:00.000+0530"}
2025-12-08T12:04:00.087+0530	DEBUG	kafka/producer.go:48	published candle	{"symbol": "MARUTI", "topic": "candles.1m", "time": "2025-12-08T12:03:00.000+0530"}
2025-12-08T12:04:00.098+0530	DEBUG	kafka/producer.go:48	published candle	{"symbol": "SUNPHARMA", "topic": "candles.1m", "time": "2025-12-08T12:03:00.000+0530"}
2025-12-08T12:04:00.110+0530	DEBUG	kafka/producer.go:48	published candle	{"symbol": "KOTAKBANK", "topic": "candles.1m", "time": "2025-12-08T12:03:00.000+0530"}
2025-12-08T12:04:00.172+0530	DEBUG	kafka/producer.go:48	published candle	{"symbol": "HINDALCO", "topic": "candles.1m", "time": "2025-12-08T12:03:00.000+0530"}
2025-12-08T12:04:00.184+0530	DEBUG	kafka/producer.go:48	published candle	{"symbol": "TATAMOTORS", "topic": "candles.1m", "time": "2025-12-08T12:03:00.000+0530"}
2025-12-08T12:04:00.195+0530	DEBUG	kafka/producer.go:48	published candle	{"symbol": "LT", "topic": "candles.1m", "time": "2025-12-08T12:03:00.000+0530"}
2025-12-08T12:04:00.207+0530	DEBUG	kafka/producer.go:48	published candle	{"symbol": "ASIANPAINT", "topic": "candles.1m", "time": "2025-12-08T12:03:00.000+0530"}
2025-12-08T12:04:00.219+0530	DEBUG	kafka/producer.go:48	published candle	{"symbol": "INDUSINDBK", "topic": "candles.1m", "time": "2025-12-08T12:03:00.000+0530"}
2025-12-08T12:04:00.230+0530	DEBUG	kafka/producer.go:48	published candle	{"symbol": "CIPLA", "topic": "candles.1m", "time": "2025-12-08T12:03:00.000+0530"}
2025-12-08T12:04:00.374+0530	DEBUG	kafka/producer.go:48	published candle	{"symbol": "INFY", "topic": "candles.1m", "time": "2025-12-08T12:03:00.000+0530"}
2025-12-08T12:04:00.386+0530	DEBUG	kafka/producer.go:48	published candle	{"symbol": "RELIANCE", "topic": "candles.1m", "time": "2025-12-08T12:03:00.000+0530"}
2025-12-08T12:04:00.398+0530	DEBUG	kafka/producer.go:48	published candle	{"symbol": "HDFCBANK", "topic": "candles.1m", "time": "2025-12-08T12:03:00.000+0530"}
2025-12-08T12:04:00.472+0530	DEBUG	kafka/producer.go:48	published candle	{"symbol": "HDFCLIFE", "topic": "candles.1m", "time": "2025-12-08T12:03:00.000+0530"}
2025-12-08T12:04:00.483+0530	DEBUG	kafka/producer.go:48	published candle	{"symbol": "WIPRO", "topic": "candles.1m", "time": "2025-12-08T12:03:00.000+0530"}
2025-12-08T12:04:00.495+0530	DEBUG	kafka/producer.go:48	published candle	{"symbol": "HCLTECH", "topic": "candles.1m", "time": "2025-12-08T12:03:00.000+0530"}
2025-12-08T12:04:00.507+0530	DEBUG	kafka/producer.go:48	published candle	{"symbol": "ICICIBANK", "topic": "candles.1m", "time": "2025-12-08T12:03:00.000+0530"}
2025-12-08T12:04:00.518+0530	DEBUG	kafka/producer.go:48	published candle	{"symbol": "BAJAJ", "topic": "candles.1m", "time": "2025-12-08T12:03:00.000+0530"}
2025-12-08T12:04:00.530+0530	DEBUG	kafka/producer.go:48	published candle	{"symbol": "TITAN", "topic": "candles.1m", "time": "2025-12-08T12:03:00.000+0530"}
2025-12-08T12:04:00.542+0530	DEBUG	kafka/producer.go:48	published candle	{"symbol": "SBIN", "topic": "candles.1m", "time": "2025-12-08T12:03:00.000+0530"}
2025-12-08T12:04:00.553+0530	DEBUG	kafka/producer.go:48	published candle	{"symbol": "NTPC", "topic": "candles.1m", "time": "2025-12-08T12:03:00.000+0530"}
2025-12-08T12:04:00.565+0530	DEBUG	kafka/producer.go:48	published candle	{"symbol": "SBILIFE", "topic": "candles.1m", "time": "2025-12-08T12:03:00.000+0530"}
2025-12-08T12:04:00.576+0530	DEBUG	kafka/producer.go:48	published candle	{"symbol": "ZOMATO", "topic": "candles.1m", "time": "2025-12-08T12:03:00.000+0530"}
2025-12-08T12:04:00.588+0530	DEBUG	kafka/producer.go:48	published candle	{"symbol": "TECHM", "topic": "candles.1m", "time": "2025-12-08T12:03:00.000+0530"}
2025-12-08T12:04:00.599+0530	DEBUG	kafka/producer.go:48	published candle	{"symbol": "BEL", "topic": "candles.1m", "time": "2025-12-08T12:03:00.000+0530"}
2025-12-08T12:04:00.611+0530	DEBUG	kafka/producer.go:48	published candle	{"symbol": "BHARTIARTL", "topic": "candles.1m", "time": "2025-12-08T12:03:00.000+0530"}
2025-12-08T12:04:00.622+0530	DEBUG	kafka/producer.go:48	published candle	{"symbol": "AXISBANK", "topic": "candles.1m", "time": "2025-12-08T12:03:00.000+0530"}
2025-12-08T12:04:00.634+0530	DEBUG	kafka/producer.go:48	published candle	{"symbol": "SHRIRAMFIN", "topic": "candles.1m", "time": "2025-12-08T12:03:00.000+0530"}
2025-12-08T12:04:00.646+0530	DEBUG	kafka/producer.go:48	published candle	{"symbol": "POWERGRID", "topic": "candles.1m", "time": "2025-12-08T12:03:00.000+0530"}
2025-12-08T12:04:00.657+0530	DEBUG	kafka/producer.go:48	published candle	{"symbol": "ADANIENT", "topic": "candles.1m", "time": "2025-12-08T12:03:00.000+0530"}
2025-12-08T12:04:00.668+0530	DEBUG	kafka/producer.go:48	published candle	{"symbol": "TATASTEEL", "topic": "candles.1m", "time": "2025-12-08T12:03:00.000+0530"}
2025-12-08T12:04:00.680+0530	DEBUG	kafka/producer.go:48	published candle	{"symbol": "BAJFINANCE", "topic": "candles.1m", "time": "2025-12-08T12:03:00.000+0530"}
2025-12-08T12:04:00.691+0530	DEBUG	kafka/producer.go:48	published candle	{"symbol": "ONGC", "topic": "candles.1m", "time": "2025-12-08T12:03:00.000+0530"}
2025-12-08T12:04:00.703+0530	DEBUG	kafka/producer.go:48	published candle	{"symbol": "COALINDIA", "topic": "candles.1m", "time": "2025-12-08T12:03:00.000+0530"}
2025-12-08T12:04:00.714+0530	DEBUG	kafka/producer.go:48	published candle	{"symbol": "ITC", "topic": "candles.1m", "time": "2025-12-08T12:03:00.000+0530"}
2025-12-08T12:04:00.726+0530	DEBUG	kafka/producer.go:48	published candle	{"symbol": "JIOFIN", "topic": "candles.1m", "time": "2025-12-08T12:03:00.000+0530"}
2025-12-08T12:04:00.738+0530	DEBUG	kafka/producer.go:48	published candle	{"symbol": "BAJAJFINSV", "topic": "candles.1m", "time": "2025-12-08T12:03:00.000+0530"}
2025-12-08T12:04:00.749+0530	DEBUG	kafka/producer.go:48	published candle	{"symbol": "DRREDDY", "topic": "candles.1m", "time": "2025-12-08T12:03:00.000+0530"}
2025-12-08T12:04:00.761+0530	DEBUG	kafka/producer.go:48	published candle	{"symbol": "ULTRACEMCO", "topic": "candles.1m", "time": "2025-12-08T12:03:00.000+0530"}
2025-12-08T12:04:00.772+0530	DEBUG	kafka/producer.go:48	published candle	{"symbol": "HINDUNILVR", "topic": "candles.1m", "time": "2025-12-08T12:03:00.000+0530"}
2025-12-08T12:04:00.784+0530	DEBUG	kafka/producer.go:48	published candle	{"symbol": "ADANIPORTS", "topic": "candles.1m", "time": "2025-12-08T12:03:00.000+0530"}
2025-12-08T12:04:00.874+0530	DEBUG	kafka/producer.go:48	published candle	{"symbol": "NESTLEIND", "topic": "candles.1m", "time": "2025-12-08T12:03:00.000+0530"}
2025-12-08T12:04:00.886+0530	DEBUG	kafka/producer.go:48	published candle	{"symbol": "TRENT", "topic": "candles.1m", "time": "2025-12-08T12:03:00.000+0530"}
2025-12-08T12:04:00.974+0530	DEBUG	kafka/producer.go:48	published candle	{"symbol": "JSWSTEEL", "topic": "candles.1m", "time": "2025-12-08T12:03:00.000+0530"}
2025-12-08T12:04:00.985+0530	DEBUG	kafka/producer.go:48	published candle	{"symbol": "M&M", "topic": "candles.1m", "time": "2025-12-08T12:03:00.000+0530"}
2025-12-08T12:04:01.485+0530	DEBUG	kafka/producer.go:48	published candle	{"symbol": "HEROMOTOCO", "topic": "candles.1m", "time": "2025-12-08T12:03:00.000+0530"}
2025-12-08T12:04:02.780+0530	DEBUG	kafka/producer.go:48	published candle	{"symbol": "TATACONSUM", "topic": "candles.1m", "time": "2025-12-08T12:03:00.000+0530"}
2025-12-08T12:04:02.978+0530	DEBUG	kafka/producer.go:48	published candle	{"symbol": "EICHERMOT", "topic": "candles.1m", "time": "2025-12-08T12:03:00.000+0530"}
2025-12-08T12:04:03.474+0530	DEBUG	kafka/producer.go:48	published candle	{"symbol": "APOLLOHOSP", "topic": "candles.1m", "time": "2025-12-08T12:03:00.000+0530"}
2025-12-08T12:04:03.486+0530	DEBUG	kafka/producer.go:48	published candle	{"symbol": "GRASIM", "topic": "candles.1m", "time": "2025-12-08T12:03:00.000+0530"}
2025-12-08T12:05:00.058+0530	DEBUG	kafka/producer.go:48	published candle	{"symbol": "LT", "topic": "candles.1m", "time": "2025-12-08T12:04:00.000+0530"}
2025-12-08T12:05:00.069+0530	DEBUG	kafka/producer.go:48	published candle	{"symbol": "MARUTI", "topic": "candles.1m", "time": "2025-12-08T12:04:00.000+0530"}
2025-12-08T12:05:00.081+0530	DEBUG	kafka/producer.go:48	published candle	{"symbol": "SBILIFE", "topic": "candles.1m", "time": "2025-12-08T12:04:00.000+0530"}
2025-12-08T12:05:00.092+0530	DEBUG	kafka/producer.go:48	published candle	{"symbol": "EICHERMOT", "topic": "candles.1m", "time": "2025-12-08T12:04:00.000+0530"}
2025-12-08T12:05:00.104+0530	DEBUG	kafka/producer.go:48	published candle	{"symbol": "TATAMOTORS", "topic": "candles.1m", "time": "2025-12-08T12:04:00.000+0530"}
2025-12-08T12:05:00.116+0530	DEBUG	kafka/producer.go:48	published candle	{"symbol": "BAJAJFINSV", "topic": "candles.1m", "time": "2025-12-08T12:04:00.000+0530"}
2025-12-08T12:05:00.170+0530	DEBUG	kafka/producer.go:48	published candle	{"symbol": "ASIANPAINT", "topic": "candles.1m", "time": "2025-12-08T12:04:00.000+0530"}
2025-12-08T12:05:00.254+0530	DEBUG	kafka/producer.go:48	published candle	{"symbol": "HDFCLIFE", "topic": "candles.1m", "time": "2025-12-08T12:04:00.000+0530"}
2025-12-08T12:05:00.266+0530	DEBUG	kafka/producer.go:48	published candle	{"symbol": "DRREDDY", "topic": "candles.1m", "time": "2025-12-08T12:04:00.000+0530"}
2025-12-08T12:05:00.277+0530	DEBUG	kafka/producer.go:48	published candle	{"symbol": "HINDUNILVR", "topic": "candles.1m", "time": "2025-12-08T12:04:00.000+0530"}
2025-12-08T12:05:00.289+0530	DEBUG	kafka/producer.go:48	published candle	{"symbol": "INDUSINDBK", "topic": "candles.1m", "time": "2025-12-08T12:04:00.000+0530"}
2025-12-08T12:05:00.358+0530	DEBUG	kafka/producer.go:48	published candle	{"symbol": "HCLTECH", "topic": "candles.1m", "time": "2025-12-08T12:04:00.000+0530"}
2025-12-08T12:05:00.370+0530	DEBUG	kafka/producer.go:48	published candle	{"symbol": "BHARTIARTL", "topic": "candles.1m", "time": "2025-12-08T12:04:00.000+0530"}
2025-12-08T12:05:00.381+0530	DEBUG	kafka/producer.go:48	published candle	{"symbol": "SUNPHARMA", "topic": "candles.1m", "time": "2025-12-08T12:04:00.000+0530"}
2025-12-08T12:05:00.392+0530	DEBUG	kafka/producer.go:48	published candle	{"symbol": "TECHM", "topic": "candles.1m", "time": "2025-12-08T12:04:00.000+0530"}
2025-12-08T12:05:00.404+0530	DEBUG	kafka/producer.go:48	published candle	{"symbol": "ADANIPORTS", "topic": "candles.1m", "time": "2025-12-08T12:04:00.000+0530"}
2025-12-08T12:05:00.415+0530	DEBUG	kafka/producer.go:48	published candle	{"symbol": "KOTAKBANK", "topic": "candles.1m", "time": "2025-12-08T12:04:00.000+0530"}
2025-12-08T12:05:00.462+0530	DEBUG	kafka/producer.go:48	published candle	{"symbol": "NESTLEIND", "topic": "candles.1m", "time": "2025-12-08T12:04:00.000+0530"}
2025-12-08T12:05:00.474+0530	DEBUG	kafka/producer.go:48	published candle	{"symbol": "ICICIBANK", "topic": "candles.1m", "time": "2025-12-08T12:04:00.000+0530"}
2025-12-08T12:05:00.485+0530	DEBUG	kafka/producer.go:48	published candle	{"symbol": "ULTRACEMCO", "topic": "candles.1m", "time": "2025-12-08T12:04:00.000+0530"}
2025-12-08T12:05:00.495+0530	DEBUG	kafka/producer.go:48	published candle	{"symbol": "TATACONSUM", "topic": "candles.1m", "time": "2025-12-08T12:04:00.000+0530"}
2025-12-08T12:05:00.507+0530	DEBUG	kafka/producer.go:48	published candle	{"symbol": "RELIANCE", "topic": "candles.1m", "time": "2025-12-08T12:04:00.000+0530"}
2025-12-08T12:05:00.517+0530	DEBUG	kafka/producer.go:48	published candle	{"symbol": "INFY", "topic": "candles.1m", "time": "2025-12-08T12:04:00.000+0530"}
2025-12-08T12:05:00.529+0530	DEBUG	kafka/producer.go:48	published candle	{"symbol": "TITAN", "topic": "candles.1m", "time": "2025-12-08T12:04:00.000+0530"}
2025-12-08T12:05:00.540+0530	DEBUG	kafka/producer.go:48	published candle	{"symbol": "HDFCBANK", "topic": "candles.1m", "time": "2025-12-08T12:04:00.000+0530"}
2025-12-08T12:05:00.551+0530	DEBUG	kafka/producer.go:48	published candle	{"symbol": "TCS", "topic": "candles.1m", "time": "2025-12-08T12:04:00.000+0530"}
2025-12-08T12:05:00.563+0530	DEBUG	kafka/producer.go:48	published candle	{"symbol": "ZOMATO", "topic": "candles.1m", "time": "2025-12-08T12:04:00.000+0530"}
2025-12-08T12:05:00.574+0530	DEBUG	kafka/producer.go:48	published candle	{"symbol": "SBIN", "topic": "candles.1m", "time": "2025-12-08T12:04:00.000+0530"}
2025-12-08T12:05:00.586+0530	DEBUG	kafka/producer.go:48	published candle	{"symbol": "ONGC", "topic": "candles.1m", "time": "2025-12-08T12:04:00.000+0530"}
2025-12-08T12:05:00.597+0530	DEBUG	kafka/producer.go:48	published candle	{"symbol": "AXISBANK", "topic": "candles.1m", "time": "2025-12-08T12:04:00.000+0530"}
2025-12-08T12:05:00.608+0530	DEBUG	kafka/producer.go:48	published candle	{"symbol": "WIPRO", "topic": "candles.1m", "time": "2025-12-08T12:04:00.000+0530"}
2025-12-08T12:05:00.620+0530	DEBUG	kafka/producer.go:48	published candle	{"symbol": "NTPC", "topic": "candles.1m", "time": "2025-12-08T12:04:00.000+0530"}
2025-12-08T12:05:00.631+0530	DEBUG	kafka/producer.go:48	published candle	{"symbol": "JIOFIN", "topic": "candles.1m", "time": "2025-12-08T12:04:00.000+0530"}
2025-12-08T12:05:00.643+0530	DEBUG	kafka/producer.go:48	published candle	{"symbol": "SHRIRAMFIN", "topic": "candles.1m", "time": "2025-12-08T12:04:00.000+0530"}
2025-12-08T12:05:00.654+0530	DEBUG	kafka/producer.go:48	published candle	{"symbol": "POWERGRID", "topic": "candles.1m", "time": "2025-12-08T12:04:00.000+0530"}
2025-12-08T12:05:00.665+0530	DEBUG	kafka/producer.go:48	published candle	{"symbol": "ADANIENT", "topic": "candles.1m", "time": "2025-12-08T12:04:00.000+0530"}
2025-12-08T12:05:00.676+0530	DEBUG	kafka/producer.go:48	published candle	{"symbol": "BEL", "topic": "candles.1m", "time": "2025-12-08T12:04:00.000+0530"}
2025-12-08T12:05:00.687+0530	DEBUG	kafka/producer.go:48	published candle	{"symbol": "TATASTEEL", "topic": "candles.1m", "time": "2025-12-08T12:04:00.000+0530"}
2025-12-08T12:05:00.698+0530	DEBUG	kafka/producer.go:48	published candle	{"symbol": "BAJFINANCE", "topic": "candles.1m", "time": "2025-12-08T12:04:00.000+0530"}
2025-12-08T12:05:00.709+0530	DEBUG	kafka/producer.go:48	published candle	{"symbol": "M&M", "topic": "candles.1m", "time": "2025-12-08T12:04:00.000+0530"}
2025-12-08T12:05:00.720+0530	DEBUG	kafka/producer.go:48	published candle	{"symbol": "ITC", "topic": "candles.1m", "time": "2025-12-08T12:04:00.000+0530"}
2025-12-08T12:05:00.731+0530	DEBUG	kafka/producer.go:48	published candle	{"symbol": "HEROMOTOCO", "topic": "candles.1m", "time": "2025-12-08T12:04:00.000+0530"}
2025-12-08T12:05:00.744+0530	DEBUG	kafka/producer.go:48	published candle	{"symbol": "CIPLA", "topic": "candles.1m", "time": "2025-12-08T12:04:00.000+0530"}
2025-12-08T12:05:00.755+0530	DEBUG	kafka/producer.go:48	published candle	{"symbol": "GRASIM", "topic": "candles.1m", "time": "2025-12-08T12:04:00.000+0530"}
2025-12-08T12:05:00.767+0530	DEBUG	kafka/producer.go:48	published candle	{"symbol": "HINDALCO", "topic": "candles.1m", "time": "2025-12-08T12:04:00.000+0530"}
2025-12-08T12:05:00.778+0530	DEBUG	kafka/producer.go:48	published candle	{"symbol": "JSWSTEEL", "topic": "candles.1m", "time": "2025-12-08T12:04:00.000+0530"}
2025-12-08T12:05:00.790+0530	DEBUG	kafka/producer.go:48	published candle	{"symbol": "COALINDIA", "topic": "candles.1m", "time": "2025-12-08T12:04:00.000+0530"}
2025-12-08T12:05:00.801+0530	DEBUG	kafka/producer.go:48	published candle	{"symbol": "APOLLOHOSP", "topic": "candles.1m", "time": "2025-12-08T12:04:00.000+0530"}
2025-12-08T12:05:00.812+0530	DEBUG	kafka/producer.go:48	published candle	{"symbol": "TRENT", "topic": "candles.1m", "time": "2025-12-08T12:04:00.000+0530"}
2025-12-08T12:05:00.823+0530	DEBUG	kafka/producer.go:48	published candle	{"symbol": "BAJAJ", "topic": "candles.1m", "time": "2025-12-08T12:04:00.000+0530"}
2025-12-08T12:06:00.039+0530	DEBUG	kafka/producer.go:48	published candle	{"symbol": "APOLLOHOSP", "topic": "candles.1m", "time": "2025-12-08T12:05:00.000+0530"}
2025-12-08T12:06:00.051+0530	DEBUG	kafka/producer.go:48	published candle	{"symbol": "EICHERMOT", "topic": "candles.1m", "time": "2025-12-08T12:05:00.000+0530"}
2025-12-08T12:06:00.062+0530	DEBUG	kafka/producer.go:48	published candle	{"symbol": "HEROMOTOCO", "topic": "candles.1m", "time": "2025-12-08T12:05:00.000+0530"}
2025-12-08T12:06:00.142+0530	DEBUG	kafka/producer.go:48	published candle	{"symbol": "TCS", "topic": "candles.1m", "time": "2025-12-08T12:05:00.000+0530"}
2025-12-08T12:06:00.154+0530	DEBUG	kafka/producer.go:48	published candle	{"symbol": "HDFCLIFE", "topic": "candles.1m", "time": "2025-12-08T12:05:00.000+0530"}
2025-12-08T12:06:00.238+0530	DEBUG	kafka/producer.go:48	published candle	{"symbol": "NESTLEIND", "topic": "candles.1m", "time": "2025-12-08T12:05:00.000+0530"}
2025-12-08T12:06:00.249+0530	DEBUG	kafka/producer.go:48	published candle	{"symbol": "CIPLA", "topic": "candles.1m", "time": "2025-12-08T12:05:00.000+0530"}
2025-12-08T12:06:00.260+0530	DEBUG	kafka/producer.go:48	published candle	{"symbol": "M&M", "topic": "candles.1m", "time": "2025-12-08T12:05:00.000+0530"}
2025-12-08T12:06:00.341+0530	DEBUG	kafka/producer.go:48	published candle	{"symbol": "ICICIBANK", "topic": "candles.1m", "time": "2025-12-08T12:05:00.000+0530"}
2025-12-08T12:06:00.352+0530	DEBUG	kafka/producer.go:48	published candle	{"symbol": "LT", "topic": "candles.1m", "time": "2025-12-08T12:05:00.000+0530"}
2025-12-08T12:06:00.364+0530	DEBUG	kafka/producer.go:48	published candle	{"symbol": "HCLTECH", "topic": "candles.1m", "time": "2025-12-08T12:05:00.000+0530"}
2025-12-08T12:06:00.449+0530	DEBUG	kafka/producer.go:48	published candle	{"symbol": "RELIANCE", "topic": "candles.1m", "time": "2025-12-08T12:05:00.000+0530"}
2025-12-08T12:06:00.460+0530	DEBUG	kafka/producer.go:48	published candle	{"symbol": "SBIN", "topic": "candles.1m", "time": "2025-12-08T12:05:00.000+0530"}
2025-12-08T12:06:00.472+0530	DEBUG	kafka/producer.go:48	published candle	{"symbol": "BAJAJFINSV", "topic": "candles.1m", "time": "2025-12-08T12:05:00.000+0530"}
2025-12-08T12:06:00.502+0530	DEBUG	kafka/producer.go:48	published candle	{"symbol": "HDFCBANK", "topic": "candles.1m", "time": "2025-12-08T12:05:00.000+0530"}
2025-12-08T12:06:00.514+0530	DEBUG	kafka/producer.go:48	published candle	{"symbol": "INFY", "topic": "candles.1m", "time": "2025-12-08T12:05:00.000+0530"}
2025-12-08T12:06:00.526+0530	DEBUG	kafka/producer.go:48	published candle	{"symbol": "ZOMATO", "topic": "candles.1m", "time": "2025-12-08T12:05:00.000+0530"}
2025-12-08T12:06:00.537+0530	DEBUG	kafka/producer.go:48	published candle	{"symbol": "JIOFIN", "topic": "candles.1m", "time": "2025-12-08T12:05:00.000+0530"}
2025-12-08T12:06:00.548+0530	DEBUG	kafka/producer.go:48	published candle	{"symbol": "TRENT", "topic": "candles.1m", "time": "2025-12-08T12:05:00.000+0530"}
2025-12-08T12:06:00.560+0530	DEBUG	kafka/producer.go:48	published candle	{"symbol": "MARUTI", "topic": "candles.1m", "time": "2025-12-08T12:05:00.000+0530"}
2025-12-08T12:06:00.572+0530	DEBUG	kafka/producer.go:48	published candle	{"symbol": "AXISBANK", "topic": "candles.1m", "time": "2025-12-08T12:05:00.000+0530"}
2025-12-08T12:06:00.583+0530	DEBUG	kafka/producer.go:48	published candle	{"symbol": "SUNPHARMA", "topic": "candles.1m", "time": "2025-12-08T12:05:00.000+0530"}
2025-12-08T12:06:00.595+0530	DEBUG	kafka/producer.go:48	published candle	{"symbol": "BEL", "topic": "candles.1m", "time": "2025-12-08T12:05:00.000+0530"}
2025-12-08T12:06:00.606+0530	DEBUG	kafka/producer.go:48	published candle	{"symbol": "ITC", "topic": "candles.1m", "time": "2025-12-08T12:05:00.000+0530"}
2025-12-08T12:06:00.618+0530	DEBUG	kafka/producer.go:48	published candle	{"symbol": "BHARTIARTL", "topic": "candles.1m", "time": "2025-12-08T12:05:00.000+0530"}
2025-12-08T12:06:00.629+0530	DEBUG	kafka/producer.go:48	published candle	{"symbol": "NTPC", "topic": "candles.1m", "time": "2025-12-08T12:05:00.000+0530"}
2025-12-08T12:06:00.641+0530	DEBUG	kafka/producer.go:48	published candle	{"symbol": "ONGC", "topic": "candles.1m", "time": "2025-12-08T12:05:00.000+0530"}
2025-12-08T12:06:00.652+0530	DEBUG	kafka/producer.go:48	published candle	{"symbol": "GRASIM", "topic": "candles.1m", "time": "2025-12-08T12:05:00.000+0530"}
2025-12-08T12:06:00.664+0530	DEBUG	kafka/producer.go:48	published candle	{"symbol": "JSWSTEEL", "topic": "candles.1m", "time": "2025-12-08T12:05:00.000+0530"}
2025-12-08T12:06:00.675+0530	DEBUG	kafka/producer.go:48	published candle	{"symbol": "TITAN", "topic": "candles.1m", "time": "2025-12-08T12:05:00.000+0530"}
2025-12-08T12:06:00.750+0530	DEBUG	kafka/producer.go:48	published candle	{"symbol": "TECHM", "topic": "candles.1m", "time": "2025-12-08T12:05:00.000+0530"}
2025-12-08T12:06:00.946+0530	DEBUG	kafka/producer.go:48	published candle	{"symbol": "SBILIFE", "topic": "candles.1m", "time": "2025-12-08T12:05:00.000+0530"}
2025-12-08T12:06:01.515+0530	DEBUG	kafka/producer.go:48	published candle	{"symbol": "SHRIRAMFIN", "topic": "candles.1m", "time": "2025-12-08T12:05:00.000+0530"}
2025-12-08T12:06:01.527+0530	DEBUG	kafka/producer.go:48	published candle	{"symbol": "POWERGRID", "topic": "candles.1m", "time": "2025-12-08T12:05:00.000+0530"}
2025-12-08T12:06:01.537+0530	DEBUG	kafka/producer.go:48	published candle	{"symbol": "TATAMOTORS", "topic": "candles.1m", "time": "2025-12-08T12:05:00.000+0530"}
2025-12-08T12:06:01.549+0530	DEBUG	kafka/producer.go:48	published candle	{"symbol": "ADANIENT", "topic": "candles.1m", "time": "2025-12-08T12:05:00.000+0530"}
2025-12-08T12:06:01.560+0530	DEBUG	kafka/producer.go:48	published candle	{"symbol": "TATASTEEL", "topic": "candles.1m", "time": "2025-12-08T12:05:00.000+0530"}
2025-12-08T12:06:01.572+0530	DEBUG	kafka/producer.go:48	published candle	{"symbol": "WIPRO", "topic": "candles.1m", "time": "2025-12-08T12:05:00.000+0530"}
2025-12-08T12:06:01.583+0530	DEBUG	kafka/producer.go:48	published candle	{"symbol": "BAJFINANCE", "topic": "candles.1m", "time": "2025-12-08T12:05:00.000+0530"}
2025-12-08T12:06:01.595+0530	DEBUG	kafka/producer.go:48	published candle	{"symbol": "ADANIPORTS", "topic": "candles.1m", "time": "2025-12-08T12:05:00.000+0530"}
2025-12-08T12:06:01.606+0530	DEBUG	kafka/producer.go:48	published candle	{"symbol": "COALINDIA", "topic": "candles.1m", "time": "2025-12-08T12:05:00.000+0530"}
2025-12-08T12:06:01.618+0530	DEBUG	kafka/producer.go:48	published candle	{"symbol": "HINDALCO", "topic": "candles.1m", "time": "2025-12-08T12:05:00.000+0530"}
2025-12-08T12:06:01.629+0530	DEBUG	kafka/producer.go:48	published candle	{"symbol": "ASIANPAINT", "topic": "candles.1m", "time": "2025-12-08T12:05:00.000+0530"}
2025-12-08T12:06:01.641+0530	DEBUG	kafka/producer.go:48	published candle	{"symbol": "DRREDDY", "topic": "candles.1m", "time": "2025-12-08T12:05:00.000+0530"}
2025-12-08T12:06:01.652+0530	DEBUG	kafka/producer.go:48	published candle	{"symbol": "KOTAKBANK", "topic": "candles.1m", "time": "2025-12-08T12:05:00.000+0530"}
2025-12-08T12:06:02.509+0530	DEBUG	kafka/producer.go:48	published candle	{"symbol": "ULTRACEMCO", "topic": "candles.1m", "time": "2025-12-08T12:05:00.000+0530"}
2025-12-08T12:06:02.521+0530	DEBUG	kafka/producer.go:48	published candle	{"symbol": "TATACONSUM", "topic": "candles.1m", "time": "2025-12-08T12:05:00.000+0530"}
2025-12-08T12:06:03.449+0530	DEBUG	kafka/producer.go:48	published candle	{"symbol": "BAJAJ", "topic": "candles.1m", "time": "2025-12-08T12:05:00.000+0530"}
2025-12-08T12:06:04.510+0530	DEBUG	kafka/producer.go:48	published candle	{"symbol": "INDUSINDBK", "topic": "candles.1m", "time": "2025-12-08T12:05:00.000+0530"}
2025-12-08T12:06:04.841+0530	DEBUG	kafka/producer.go:48	published candle	{"symbol": "HINDUNILVR", "topic": "candles.1m", "time": "2025-12-08T12:05:00.000+0530"}
2025-12-08T12:07:00.109+0530	DEBUG	kafka/producer.go:48	published candle	{"symbol": "TCS", "topic": "candles.1m", "time": "2025-12-08T12:06:00.000+0530"}
2025-12-08T12:07:00.121+0530	DEBUG	kafka/producer.go:48	published candle	{"symbol": "LT", "topic": "candles.1m", "time": "2025-12-08T12:06:00.000+0530"}
2025-12-08T12:07:00.133+0530	DEBUG	kafka/producer.go:48	published candle	{"symbol": "ICICIBANK", "topic": "candles.1m", "time": "2025-12-08T12:06:00.000+0530"}
2025-12-08T12:07:00.210+0530	DEBUG	kafka/producer.go:48	published candle	{"symbol": "CIPLA", "topic": "candles.1m", "time": "2025-12-08T12:06:00.000+0530"}
2025-12-08T12:07:00.221+0530	DEBUG	kafka/producer.go:48	published candle	{"symbol": "NESTLEIND", "topic": "candles.1m", "time": "2025-12-08T12:06:00.000+0530"}
2025-12-08T12:07:00.233+0530	DEBUG	kafka/producer.go:48	published candle	{"symbol": "RELIANCE", "topic": "candles.1m", "time": "2025-12-08T12:06:00.000+0530"}
2025-12-08T12:07:00.244+0530	DEBUG	kafka/producer.go:48	published candle	{"symbol": "TRENT", "topic": "candles.1m", "time": "2025-12-08T12:06:00.000+0530"}
2025-12-08T12:07:00.312+0530	DEBUG	kafka/producer.go:48	published candle	{"symbol": "WIPRO", "topic": "candles.1m", "time": "2025-12-08T12:06:00.000+0530"}
2025-12-08T12:07:00.324+0530	DEBUG	kafka/producer.go:48	published candle	{"symbol": "TECHM", "topic": "candles.1m", "time": "2025-12-08T12:06:00.000+0530"}
2025-12-08T12:07:00.335+0530	DEBUG	kafka/producer.go:48	published candle	{"symbol": "BHARTIARTL", "topic": "candles.1m", "time": "2025-12-08T12:06:00.000+0530"}
2025-12-08T12:07:00.349+0530	DEBUG	kafka/producer.go:48	published candle	{"symbol": "HCLTECH", "topic": "candles.1m", "time": "2025-12-08T12:06:00.000+0530"}
2025-12-08T12:07:00.545+0530	DEBUG	kafka/producer.go:48	published candle	{"symbol": "TITAN", "topic": "candles.1m", "time": "2025-12-08T12:06:00.000+0530"}
2025-12-08T12:07:00.556+0530	DEBUG	kafka/producer.go:48	published candle	{"symbol": "HDFCBANK", "topic": "candles.1m", "time": "2025-12-08T12:06:00.000+0530"}
2025-12-08T12:07:00.567+0530	DEBUG	kafka/producer.go:48	published candle	{"symbol": "ONGC", "topic": "candles.1m", "time": "2025-12-08T12:06:00.000+0530"}
2025-12-08T12:07:00.579+0530	DEBUG	kafka/producer.go:48	published candle	{"symbol": "INFY", "topic": "candles.1m", "time": "2025-12-08T12:06:00.000+0530"}
2025-12-08T12:07:00.590+0530	DEBUG	kafka/producer.go:48	published candle	{"symbol": "TATAMOTORS", "topic": "candles.1m", "time": "2025-12-08T12:06:00.000+0530"}
2025-12-08T12:07:00.602+0530	DEBUG	kafka/producer.go:48	published candle	{"symbol": "ZOMATO", "topic": "candles.1m", "time": "2025-12-08T12:06:00.000+0530"}
2025-12-08T12:07:00.613+0530	DEBUG	kafka/producer.go:48	published candle	{"symbol": "SUNPHARMA", "topic": "candles.1m", "time": "2025-12-08T12:06:00.000+0530"}
2025-12-08T12:07:00.625+0530	DEBUG	kafka/producer.go:48	published candle	{"symbol": "BAJAJFINSV", "topic": "candles.1m", "time": "2025-12-08T12:06:00.000+0530"}
2025-12-08T12:07:00.636+0530	DEBUG	kafka/producer.go:48	published candle	{"symbol": "SBIN", "topic": "candles.1m", "time": "2025-12-08T12:06:00.000+0530"}
2025-12-08T12:07:00.648+0530	DEBUG	kafka/producer.go:48	published candle	{"symbol": "NTPC", "topic": "candles.1m", "time": "2025-12-08T12:06:00.000+0530"}
2025-12-08T12:07:00.659+0530	DEBUG	kafka/producer.go:48	published candle	{"symbol": "SHRIRAMFIN", "topic": "candles.1m", "time": "2025-12-08T12:06:00.000+0530"}
2025-12-08T12:07:00.671+0530	DEBUG	kafka/producer.go:48	published candle	{"symbol": "POWERGRID", "topic": "candles.1m", "time": "2025-12-08T12:06:00.000+0530"}
2025-12-08T12:07:00.683+0530	DEBUG	kafka/producer.go:48	published candle	{"symbol": "BEL", "topic": "candles.1m", "time": "2025-12-08T12:06:00.000+0530"}
2025-12-08T12:07:00.694+0530	DEBUG	kafka/producer.go:48	published candle	{"symbol": "AXISBANK", "topic": "candles.1m", "time": "2025-12-08T12:06:00.000+0530"}
2025-12-08T12:07:00.705+0530	DEBUG	kafka/producer.go:48	published candle	{"symbol": "TATASTEEL", "topic": "candles.1m", "time": "2025-12-08T12:06:00.000+0530"}
2025-12-08T12:07:00.717+0530	DEBUG	kafka/producer.go:48	published candle	{"symbol": "BAJFINANCE", "topic": "candles.1m", "time": "2025-12-08T12:06:00.000+0530"}
2025-12-08T12:07:00.728+0530	DEBUG	kafka/producer.go:48	published candle	{"symbol": "M&M", "topic": "candles.1m", "time": "2025-12-08T12:06:00.000+0530"}
2025-12-08T12:07:00.740+0530	DEBUG	kafka/producer.go:48	published candle	{"symbol": "ADANIPORTS", "topic": "candles.1m", "time": "2025-12-08T12:06:00.000+0530"}
2025-12-08T12:07:00.751+0530	DEBUG	kafka/producer.go:48	published candle	{"symbol": "COALINDIA", "topic": "candles.1m", "time": "2025-12-08T12:06:00.000+0530"}
2025-12-08T12:07:00.763+0530	DEBUG	kafka/producer.go:48	published candle	{"symbol": "MARUTI", "topic": "candles.1m", "time": "2025-12-08T12:06:00.000+0530"}
2025-12-08T12:07:00.774+0530	DEBUG	kafka/producer.go:48	published candle	{"symbol": "ITC", "topic": "candles.1m", "time": "2025-12-08T12:06:00.000+0530"}
2025-12-08T12:07:00.922+0530	DEBUG	kafka/producer.go:48	published candle	{"symbol": "EICHERMOT", "topic": "candles.1m", "time": "2025-12-08T12:06:00.000+0530"}
2025-12-08T12:07:01.110+0530	DEBUG	kafka/producer.go:48	published candle	{"symbol": "HDFCLIFE", "topic": "candles.1m", "time": "2025-12-08T12:06:00.000+0530"}
2025-12-08T12:07:01.527+0530	DEBUG	kafka/producer.go:48	published candle	{"symbol": "JIOFIN", "topic": "candles.1m", "time": "2025-12-08T12:06:00.000+0530"}
2025-12-08T12:07:01.538+0530	DEBUG	kafka/producer.go:48	published candle	{"symbol": "ASIANPAINT", "topic": "candles.1m", "time": "2025-12-08T12:06:00.000+0530"}
2025-12-08T12:07:01.550+0530	DEBUG	kafka/producer.go:48	published candle	{"symbol": "DRREDDY", "topic": "candles.1m", "time": "2025-12-08T12:06:00.000+0530"}
2025-12-08T12:07:01.561+0530	DEBUG	kafka/producer.go:48	published candle	{"symbol": "HINDUNILVR", "topic": "candles.1m", "time": "2025-12-08T12:06:00.000+0530"}
2025-12-08T12:07:01.573+0530	DEBUG	kafka/producer.go:48	published candle	{"symbol": "INDUSINDBK", "topic": "candles.1m", "time": "2025-12-08T12:06:00.000+0530"}
2025-12-08T12:07:01.584+0530	DEBUG	kafka/producer.go:48	published candle	{"symbol": "KOTAKBANK", "topic": "candles.1m", "time": "2025-12-08T12:06:00.000+0530"}
2025-12-08T12:07:01.596+0530	DEBUG	kafka/producer.go:48	published candle	{"symbol": "SBILIFE", "topic": "candles.1m", "time": "2025-12-08T12:06:00.000+0530"}
2025-12-08T12:07:01.607+0530	DEBUG	kafka/producer.go:48	published candle	{"symbol": "ULTRACEMCO", "topic": "candles.1m", "time": "2025-12-08T12:06:00.000+0530"}
2025-12-08T12:07:01.619+0530	DEBUG	kafka/producer.go:48	published candle	{"symbol": "HEROMOTOCO", "topic": "candles.1m", "time": "2025-12-08T12:06:00.000+0530"}
2025-12-08T12:07:01.630+0530	DEBUG	kafka/producer.go:48	published candle	{"symbol": "APOLLOHOSP", "topic": "candles.1m", "time": "2025-12-08T12:06:00.000+0530"}
2025-12-08T12:07:01.642+0530	DEBUG	kafka/producer.go:48	published candle	{"symbol": "GRASIM", "topic": "candles.1m", "time": "2025-12-08T12:06:00.000+0530"}
2025-12-08T12:07:01.653+0530	DEBUG	kafka/producer.go:48	published candle	{"symbol": "JSWSTEEL", "topic": "candles.1m", "time": "2025-12-08T12:06:00.000+0530"}
2025-12-08T12:07:01.823+0530	DEBUG	kafka/producer.go:48	published candle	{"symbol": "ADANIENT", "topic": "candles.1m", "time": "2025-12-08T12:06:00.000+0530"}
2025-12-08T12:07:01.946+0530	DEBUG	kafka/producer.go:48	published candle	{"symbol": "BAJAJ", "topic": "candles.1m", "time": "2025-12-08T12:06:00.000+0530"}
2025-12-08T12:07:02.963+0530	DEBUG	kafka/producer.go:48	published candle	{"symbol": "HINDALCO", "topic": "candles.1m", "time": "2025-12-08T12:06:00.000+0530"}
2025-12-08T12:07:03.513+0530	DEBUG	kafka/producer.go:48	published candle	{"symbol": "TATACONSUM", "topic": "candles.1m", "time": "2025-12-08T12:06:00.000+0530"}
2025-12-08T12:08:00.018+0530	DEBUG	kafka/producer.go:48	published candle	{"symbol": "BEL", "topic": "candles.1m", "time": "2025-12-08T12:07:00.000+0530"}
2025-12-08T12:08:00.029+0530	DEBUG	kafka/producer.go:48	published candle	{"symbol": "HDFCLIFE", "topic": "candles.1m", "time": "2025-12-08T12:07:00.000+0530"}
2025-12-08T12:08:00.040+0530	DEBUG	kafka/producer.go:48	published candle	{"symbol": "HDFCBANK", "topic": "candles.1m", "time": "2025-12-08T12:07:00.000+0530"}
2025-12-08T12:08:00.051+0530	DEBUG	kafka/producer.go:48	published candle	{"symbol": "HINDALCO", "topic": "candles.1m", "time": "2025-12-08T12:07:00.000+0530"}
2025-12-08T12:08:00.063+0530	DEBUG	kafka/producer.go:48	published candle	{"symbol": "HINDUNILVR", "topic": "candles.1m", "time": "2025-12-08T12:07:00.000+0530"}
2025-12-08T12:08:00.075+0530	DEBUG	kafka/producer.go:48	published candle	{"symbol": "HCLTECH", "topic": "candles.1m", "time": "2025-12-08T12:07:00.000+0530"}
2025-12-08T12:08:00.085+0530	DEBUG	kafka/producer.go:48	published candle	{"symbol": "BHARTIARTL", "topic": "candles.1m", "time": "2025-12-08T12:07:00.000+0530"}
2025-12-08T12:08:00.097+0530	DEBUG	kafka/producer.go:48	published candle	{"symbol": "ULTRACEMCO", "topic": "candles.1m", "time": "2025-12-08T12:07:00.000+0530"}
2025-12-08T12:08:00.109+0530	DEBUG	kafka/producer.go:48	published candle	{"symbol": "JSWSTEEL", "topic": "candles.1m", "time": "2025-12-08T12:07:00.000+0530"}
2025-12-08T12:08:00.120+0530	DEBUG	kafka/producer.go:48	published candle	{"symbol": "BAJAJFINSV", "topic": "candles.1m", "time": "2025-12-08T12:07:00.000+0530"}
2025-12-08T12:08:00.132+0530	DEBUG	kafka/producer.go:48	published candle	{"symbol": "JIOFIN", "topic": "candles.1m", "time": "2025-12-08T12:07:00.000+0530"}
2025-12-08T12:08:00.143+0530	DEBUG	kafka/producer.go:48	published candle	{"symbol": "APOLLOHOSP", "topic": "candles.1m", "time": "2025-12-08T12:07:00.000+0530"}
2025-12-08T12:08:00.155+0530	DEBUG	kafka/producer.go:48	published candle	{"symbol": "M&M", "topic": "candles.1m", "time": "2025-12-08T12:07:00.000+0530"}
2025-12-08T12:08:00.166+0530	DEBUG	kafka/producer.go:48	published candle	{"symbol": "TRENT", "topic": "candles.1m", "time": "2025-12-08T12:07:00.000+0530"}
2025-12-08T12:08:00.178+0530	DEBUG	kafka/producer.go:48	published candle	{"symbol": "ONGC", "topic": "candles.1m", "time": "2025-12-08T12:07:00.000+0530"}
2025-12-08T12:08:00.189+0530	DEBUG	kafka/producer.go:48	published candle	{"symbol": "ZOMATO", "topic": "candles.1m", "time": "2025-12-08T12:07:00.000+0530"}
2025-12-08T12:08:00.201+0530	DEBUG	kafka/producer.go:48	published candle	{"symbol": "WIPRO", "topic": "candles.1m", "time": "2025-12-08T12:07:00.000+0530"}
2025-12-08T12:08:00.295+0530	DEBUG	kafka/producer.go:48	published candle	{"symbol": "RELIANCE", "topic": "candles.1m", "time": "2025-12-08T12:07:00.000+0530"}
2025-12-08T12:08:00.396+0530	DEBUG	kafka/producer.go:48	published candle	{"symbol": "LT", "topic": "candles.1m", "time": "2025-12-08T12:07:00.000+0530"}
2025-12-08T12:08:00.408+0530	DEBUG	kafka/producer.go:48	published candle	{"symbol": "NESTLEIND", "topic": "candles.1m", "time": "2025-12-08T12:07:00.000+0530"}
2025-12-08T12:08:00.420+0530	DEBUG	kafka/producer.go:48	published candle	{"symbol": "SBIN", "topic": "candles.1m", "time": "2025-12-08T12:07:00.000+0530"}
2025-12-08T12:08:00.443+0530	DEBUG	kafka/producer.go:48	published candle	{"symbol": "HEROMOTOCO", "topic": "candles.1m", "time": "2025-12-08T12:07:00.000+0530"}
2025-12-08T12:08:00.454+0530	DEBUG	kafka/producer.go:48	published candle	{"symbol": "TCS", "topic": "candles.1m", "time": "2025-12-08T12:07:00.000+0530"}
2025-12-08T12:08:00.464+0530	DEBUG	kafka/producer.go:48	published candle	{"symbol": "BAJFINANCE", "topic": "candles.1m", "time": "2025-12-08T12:07:00.000+0530"}
2025-12-08T12:08:00.475+0530	DEBUG	kafka/producer.go:48	published candle	{"symbol": "EICHERMOT", "topic": "candles.1m", "time": "2025-12-08T12:07:00.000+0530"}
2025-12-08T12:08:00.487+0530	DEBUG	kafka/producer.go:48	published candle	{"symbol": "INFY", "topic": "candles.1m", "time": "2025-12-08T12:07:00.000+0530"}
2025-12-08T12:08:00.498+0530	DEBUG	kafka/producer.go:48	published candle	{"symbol": "ITC", "topic": "candles.1m", "time": "2025-12-08T12:07:00.000+0530"}
2025-12-08T12:08:00.510+0530	DEBUG	kafka/producer.go:48	published candle	{"symbol": "ICICIBANK", "topic": "candles.1m", "time": "2025-12-08T12:07:00.000+0530"}
2025-12-08T12:08:00.521+0530	DEBUG	kafka/producer.go:48	published candle	{"symbol": "INDUSINDBK", "topic": "candles.1m", "time": "2025-12-08T12:07:00.000+0530"}
2025-12-08T12:08:00.532+0530	DEBUG	kafka/producer.go:48	published candle	{"symbol": "NTPC", "topic": "candles.1m", "time": "2025-12-08T12:07:00.000+0530"}
2025-12-08T12:08:00.543+0530	DEBUG	kafka/producer.go:48	published candle	{"symbol": "CIPLA", "topic": "candles.1m", "time": "2025-12-08T12:07:00.000+0530"}
2025-12-08T12:08:00.555+0530	DEBUG	kafka/producer.go:48	published candle	{"symbol": "DRREDDY", "topic": "candles.1m", "time": "2025-12-08T12:07:00.000+0530"}
2025-12-08T12:08:00.566+0530	DEBUG	kafka/producer.go:48	published candle	{"symbol": "POWERGRID", "topic": "candles.1m", "time": "2025-12-08T12:07:00.000+0530"}
2025-12-08T12:08:00.578+0530	DEBUG	kafka/producer.go:48	published candle	{"symbol": "COALINDIA", "topic": "candles.1m", "time": "2025-12-08T12:07:00.000+0530"}
2025-12-08T12:08:00.590+0530	DEBUG	kafka/producer.go:48	published candle	{"symbol": "ADANIENT", "topic": "candles.1m", "time": "2025-12-08T12:07:00.000+0530"}
2025-12-08T12:08:00.601+0530	DEBUG	kafka/producer.go:48	published candle	{"symbol": "ASIANPAINT", "topic": "candles.1m", "time": "2025-12-08T12:07:00.000+0530"}
2025-12-08T12:08:00.613+0530	DEBUG	kafka/producer.go:48	published candle	{"symbol": "GRASIM", "topic": "candles.1m", "time": "2025-12-08T12:07:00.000+0530"}
2025-12-08T12:08:00.625+0530	DEBUG	kafka/producer.go:48	published candle	{"symbol": "AXISBANK", "topic": "candles.1m", "time": "2025-12-08T12:07:00.000+0530"}
2025-12-08T12:08:00.636+0530	DEBUG	kafka/producer.go:48	published candle	{"symbol": "MARUTI", "topic": "candles.1m", "time": "2025-12-08T12:07:00.000+0530"}
2025-12-08T12:08:00.647+0530	DEBUG	kafka/producer.go:48	published candle	{"symbol": "BAJAJ", "topic": "candles.1m", "time": "2025-12-08T12:07:00.000+0530"}
2025-12-08T12:08:00.658+0530	DEBUG	kafka/producer.go:48	published candle	{"symbol": "ADANIPORTS", "topic": "candles.1m", "time": "2025-12-08T12:07:00.000+0530"}
2025-12-08T12:08:00.670+0530	DEBUG	kafka/producer.go:48	published candle	{"symbol": "KOTAKBANK", "topic": "candles.1m", "time": "2025-12-08T12:07:00.000+0530"}
2025-12-08T12:08:00.681+0530	DEBUG	kafka/producer.go:48	published candle	{"symbol": "SUNPHARMA", "topic": "candles.1m", "time": "2025-12-08T12:07:00.000+0530"}
2025-12-08T12:08:00.693+0530	DEBUG	kafka/producer.go:48	published candle	{"symbol": "TATACONSUM", "topic": "candles.1m", "time": "2025-12-08T12:07:00.000+0530"}
2025-12-08T12:08:00.704+0530	DEBUG	kafka/producer.go:48	published candle	{"symbol": "TATAMOTORS", "topic": "candles.1m", "time": "2025-12-08T12:07:00.000+0530"}
2025-12-08T12:08:00.716+0530	DEBUG	kafka/producer.go:48	published candle	{"symbol": "TATASTEEL", "topic": "candles.1m", "time": "2025-12-08T12:07:00.000+0530"}
2025-12-08T12:08:00.728+0530	DEBUG	kafka/producer.go:48	published candle	{"symbol": "TITAN", "topic": "candles.1m", "time": "2025-12-08T12:07:00.000+0530"}
2025-12-08T12:08:00.739+0530	DEBUG	kafka/producer.go:48	published candle	{"symbol": "SHRIRAMFIN", "topic": "candles.1m", "time": "2025-12-08T12:07:00.000+0530"}
2025-12-08T12:08:00.750+0530	DEBUG	kafka/producer.go:48	published candle	{"symbol": "TECHM", "topic": "candles.1m", "time": "2025-12-08T12:07:00.000+0530"}
2025-12-08T12:08:00.762+0530	DEBUG	kafka/producer.go:48	published candle	{"symbol": "SBILIFE", "topic": "candles.1m", "time": "2025-12-08T12:07:00.000+0530"}
2025-12-08T12:09:00.079+0530	DEBUG	kafka/producer.go:48	published candle	{"symbol": "NESTLEIND", "topic": "candles.1m", "time": "2025-12-08T12:08:00.000+0530"}
2025-12-08T12:09:00.091+0530	DEBUG	kafka/producer.go:48	published candle	{"symbol": "TCS", "topic": "candles.1m", "time": "2025-12-08T12:08:00.000+0530"}
2025-12-08T12:09:00.178+0530	DEBUG	kafka/producer.go:48	published candle	{"symbol": "LT", "topic": "candles.1m", "time": "2025-12-08T12:08:00.000+0530"}
2025-12-08T12:09:00.190+0530	DEBUG	kafka/producer.go:48	published candle	{"symbol": "SBIN", "topic": "candles.1m", "time": "2025-12-08T12:08:00.000+0530"}
2025-12-08T12:09:00.202+0530	DEBUG	kafka/producer.go:48	published candle	{"symbol": "TITAN", "topic": "candles.1m", "time": "2025-12-08T12:08:00.000+0530"}
2025-12-08T12:09:00.280+0530	DEBUG	kafka/producer.go:48	published candle	{"symbol": "CIPLA", "topic": "candles.1m", "time": "2025-12-08T12:08:00.000+0530"}
2025-12-08T12:09:00.292+0530	DEBUG	kafka/producer.go:48	published candle	{"symbol": "ICICIBANK", "topic": "candles.1m", "time": "2025-12-08T12:08:00.000+0530"}
2025-12-08T12:09:00.381+0530	DEBUG	kafka/producer.go:48	published candle	{"symbol": "NTPC", "topic": "candles.1m", "time": "2025-12-08T12:08:00.000+0530"}
2025-12-08T12:09:00.392+0530	DEBUG	kafka/producer.go:48	published candle	{"symbol": "M&M", "topic": "candles.1m", "time": "2025-12-08T12:08:00.000+0530"}
2025-12-08T12:09:00.404+0530	DEBUG	kafka/producer.go:48	published candle	{"symbol": "HDFCBANK", "topic": "candles.1m", "time": "2025-12-08T12:08:00.000+0530"}
2025-12-08T12:09:00.416+0530	DEBUG	kafka/producer.go:48	published candle	{"symbol": "TATAMOTORS", "topic": "candles.1m", "time": "2025-12-08T12:08:00.000+0530"}
2025-12-08T12:09:00.480+0530	DEBUG	kafka/producer.go:48	published candle	{"symbol": "HCLTECH", "topic": "candles.1m", "time": "2025-12-08T12:08:00.000+0530"}
2025-12-08T12:09:00.491+0530	DEBUG	kafka/producer.go:48	published candle	{"symbol": "BAJFINANCE", "topic": "candles.1m", "time": "2025-12-08T12:08:00.000+0530"}
2025-12-08T12:09:00.561+0530	DEBUG	kafka/producer.go:48	published candle	{"symbol": "RELIANCE", "topic": "candles.1m", "time": "2025-12-08T12:08:00.000+0530"}
2025-12-08T12:09:00.573+0530	DEBUG	kafka/producer.go:48	published candle	{"symbol": "HDFCLIFE", "topic": "candles.1m", "time": "2025-12-08T12:08:00.000+0530"}
2025-12-08T12:09:00.584+0530	DEBUG	kafka/producer.go:48	published candle	{"symbol": "TECHM", "topic": "candles.1m", "time": "2025-12-08T12:08:00.000+0530"}
2025-12-08T12:09:00.596+0530	DEBUG	kafka/producer.go:48	published candle	{"symbol": "SHRIRAMFIN", "topic": "candles.1m", "time": "2025-12-08T12:08:00.000+0530"}
2025-12-08T12:09:00.608+0530	DEBUG	kafka/producer.go:48	published candle	{"symbol": "ZOMATO", "topic": "candles.1m", "time": "2025-12-08T12:08:00.000+0530"}
2025-12-08T12:09:00.620+0530	DEBUG	kafka/producer.go:48	published candle	{"symbol": "INFY", "topic": "candles.1m", "time": "2025-12-08T12:08:00.000+0530"}
2025-12-08T12:09:00.631+0530	DEBUG	kafka/producer.go:48	published candle	{"symbol": "SUNPHARMA", "topic": "candles.1m", "time": "2025-12-08T12:08:00.000+0530"}
2025-12-08T12:09:00.642+0530	DEBUG	kafka/producer.go:48	published candle	{"symbol": "BHARTIARTL", "topic": "candles.1m", "time": "2025-12-08T12:08:00.000+0530"}
2025-12-08T12:09:00.653+0530	DEBUG	kafka/producer.go:48	published candle	{"symbol": "WIPRO", "topic": "candles.1m", "time": "2025-12-08T12:08:00.000+0530"}
2025-12-08T12:09:00.665+0530	DEBUG	kafka/producer.go:48	published candle	{"symbol": "POWERGRID", "topic": "candles.1m", "time": "2025-12-08T12:08:00.000+0530"}
2025-12-08T12:09:00.676+0530	DEBUG	kafka/producer.go:48	published candle	{"symbol": "ADANIENT", "topic": "candles.1m", "time": "2025-12-08T12:08:00.000+0530"}
2025-12-08T12:09:00.687+0530	DEBUG	kafka/producer.go:48	published candle	{"symbol": "BEL", "topic": "candles.1m", "time": "2025-12-08T12:08:00.000+0530"}
2025-12-08T12:09:00.699+0530	DEBUG	kafka/producer.go:48	published candle	{"symbol": "AXISBANK", "topic": "candles.1m", "time": "2025-12-08T12:08:00.000+0530"}
2025-12-08T12:09:00.710+0530	DEBUG	kafka/producer.go:48	published candle	{"symbol": "TATASTEEL", "topic": "candles.1m", "time": "2025-12-08T12:08:00.000+0530"}
2025-12-08T12:09:00.722+0530	DEBUG	kafka/producer.go:48	published candle	{"symbol": "ONGC", "topic": "candles.1m", "time": "2025-12-08T12:08:00.000+0530"}
2025-12-08T12:09:00.733+0530	DEBUG	kafka/producer.go:48	published candle	{"symbol": "ADANIPORTS", "topic": "candles.1m", "time": "2025-12-08T12:08:00.000+0530"}
2025-12-08T12:09:00.745+0530	DEBUG	kafka/producer.go:48	published candle	{"symbol": "MARUTI", "topic": "candles.1m", "time": "2025-12-08T12:08:00.000+0530"}
2025-12-08T12:09:00.756+0530	DEBUG	kafka/producer.go:48	published candle	{"symbol": "ITC", "topic": "candles.1m", "time": "2025-12-08T12:08:00.000+0530"}
2025-12-08T12:09:00.767+0530	DEBUG	kafka/producer.go:48	published candle	{"symbol": "HINDALCO", "topic": "candles.1m", "time": "2025-12-08T12:08:00.000+0530"}
2025-12-08T12:09:00.779+0530	DEBUG	kafka/producer.go:48	published candle	{"symbol": "JIOFIN", "topic": "candles.1m", "time": "2025-12-08T12:08:00.000+0530"}
2025-12-08T12:09:00.790+0530	DEBUG	kafka/producer.go:48	published candle	{"symbol": "ASIANPAINT", "topic": "candles.1m", "time": "2025-12-08T12:08:00.000+0530"}
2025-12-08T12:09:01.017+0530	DEBUG	kafka/producer.go:48	published candle	{"symbol": "TRENT", "topic": "candles.1m", "time": "2025-12-08T12:08:00.000+0530"}
2025-12-08T12:09:01.555+0530	DEBUG	kafka/producer.go:48	published candle	{"symbol": "DRREDDY", "topic": "candles.1m", "time": "2025-12-08T12:08:00.000+0530"}
2025-12-08T12:09:01.567+0530	DEBUG	kafka/producer.go:48	published candle	{"symbol": "HINDUNILVR", "topic": "candles.1m", "time": "2025-12-08T12:08:00.000+0530"}
2025-12-08T12:09:01.578+0530	DEBUG	kafka/producer.go:48	published candle	{"symbol": "INDUSINDBK", "topic": "candles.1m", "time": "2025-12-08T12:08:00.000+0530"}
2025-12-08T12:09:01.590+0530	DEBUG	kafka/producer.go:48	published candle	{"symbol": "KOTAKBANK", "topic": "candles.1m", "time": "2025-12-08T12:08:00.000+0530"}
2025-12-08T12:09:01.602+0530	DEBUG	kafka/producer.go:48	published candle	{"symbol": "SBILIFE", "topic": "candles.1m", "time": "2025-12-08T12:08:00.000+0530"}
2025-12-08T12:09:01.613+0530	DEBUG	kafka/producer.go:48	published candle	{"symbol": "ULTRACEMCO", "topic": "candles.1m", "time": "2025-12-08T12:08:00.000+0530"}
2025-12-08T12:09:01.625+0530	DEBUG	kafka/producer.go:48	published candle	{"symbol": "HEROMOTOCO", "topic": "candles.1m", "time": "2025-12-08T12:08:00.000+0530"}
2025-12-08T12:09:01.636+0530	DEBUG	kafka/producer.go:48	published candle	{"symbol": "JSWSTEEL", "topic": "candles.1m", "time": "2025-12-08T12:08:00.000+0530"}
2025-12-08T12:09:01.648+0530	DEBUG	kafka/producer.go:48	published candle	{"symbol": "BAJAJ", "topic": "candles.1m", "time": "2025-12-08T12:08:00.000+0530"}
2025-12-08T12:09:02.185+0530	DEBUG	kafka/producer.go:48	published candle	{"symbol": "COALINDIA", "topic": "candles.1m", "time": "2025-12-08T12:08:00.000+0530"}
2025-12-08T12:09:02.561+0530	DEBUG	kafka/producer.go:48	published candle	{"symbol": "BAJAJFINSV", "topic": "candles.1m", "time": "2025-12-08T12:08:00.000+0530"}
2025-12-08T12:09:02.573+0530	DEBUG	kafka/producer.go:48	published candle	{"symbol": "TATACONSUM", "topic": "candles.1m", "time": "2025-12-08T12:08:00.000+0530"}
2025-12-08T12:09:03.286+0530	DEBUG	kafka/producer.go:48	published candle	{"symbol": "EICHERMOT", "topic": "candles.1m", "time": "2025-12-08T12:08:00.000+0530"}
2025-12-08T12:09:03.560+0530	DEBUG	kafka/producer.go:48	published candle	{"symbol": "APOLLOHOSP", "topic": "candles.1m", "time": "2025-12-08T12:08:00.000+0530"}
2025-12-08T12:09:04.286+0530	DEBUG	kafka/producer.go:48	published candle	{"symbol": "GRASIM", "topic": "candles.1m", "time": "2025-12-08T12:08:00.000+0530"}
2025-12-08T12:10:00.060+0530	DEBUG	kafka/producer.go:48	published candle	{"symbol": "CIPLA", "topic": "candles.1m", "time": "2025-12-08T12:09:00.000+0530"}
2025-12-08T12:10:00.155+0530	DEBUG	kafka/producer.go:48	published candle	{"symbol": "KOTAKBANK", "topic": "candles.1m", "time": "2025-12-08T12:09:00.000+0530"}
2025-12-08T12:10:00.166+0530	DEBUG	kafka/producer.go:48	published candle	{"symbol": "TECHM", "topic": "candles.1m", "time": "2025-12-08T12:09:00.000+0530"}
2025-12-08T12:10:00.254+0530	DEBUG	kafka/producer.go:48	published candle	{"symbol": "INFY", "topic": "candles.1m", "time": "2025-12-08T12:09:00.000+0530"}
2025-12-08T12:10:00.265+0530	DEBUG	kafka/producer.go:48	published candle	{"symbol": "ZOMATO", "topic": "candles.1m", "time": "2025-12-08T12:09:00.000+0530"}
2025-12-08T12:10:00.276+0530	DEBUG	kafka/producer.go:48	published candle	{"symbol": "HCLTECH", "topic": "candles.1m", "time": "2025-12-08T12:09:00.000+0530"}
2025-12-08T12:10:00.287+0530	DEBUG	kafka/producer.go:48	published candle	{"symbol": "TATACONSUM", "topic": "candles.1m", "time": "2025-12-08T12:09:00.000+0530"}
2025-12-08T12:10:00.299+0530	DEBUG	kafka/producer.go:48	published candle	{"symbol": "TITAN", "topic": "candles.1m", "time": "2025-12-08T12:09:00.000+0530"}
2025-12-08T12:10:00.311+0530	DEBUG	kafka/producer.go:48	published candle	{"symbol": "GRASIM", "topic": "candles.1m", "time": "2025-12-08T12:09:00.000+0530"}
2025-12-08T12:10:00.351+0530	DEBUG	kafka/producer.go:48	published candle	{"symbol": "HDFCBANK", "topic": "candles.1m", "time": "2025-12-08T12:09:00.000+0530"}
2025-12-08T12:10:00.363+0530	DEBUG	kafka/producer.go:48	published candle	{"symbol": "BHARTIARTL", "topic": "candles.1m", "time": "2025-12-08T12:09:00.000+0530"}
2025-12-08T12:10:00.375+0530	DEBUG	kafka/producer.go:48	published candle	{"symbol": "LT", "topic": "candles.1m", "time": "2025-12-08T12:09:00.000+0530"}
2025-12-08T12:10:00.386+0530	DEBUG	kafka/producer.go:48	published candle	{"symbol": "TRENT", "topic": "candles.1m", "time": "2025-12-08T12:09:00.000+0530"}
2025-12-08T12:10:00.398+0530	DEBUG	kafka/producer.go:48	published candle	{"symbol": "JSWSTEEL", "topic": "candles.1m", "time": "2025-12-08T12:09:00.000+0530"}
2025-12-08T12:10:00.474+0530	DEBUG	kafka/producer.go:48	published candle	{"symbol": "TCS", "topic": "candles.1m", "time": "2025-12-08T12:09:00.000+0530"}
2025-12-08T12:10:00.486+0530	DEBUG	kafka/producer.go:48	published candle	{"symbol": "HINDALCO", "topic": "candles.1m", "time": "2025-12-08T12:09:00.000+0530"}
2025-12-08T12:10:00.498+0530	DEBUG	kafka/producer.go:48	published candle	{"symbol": "MARUTI", "topic": "candles.1m", "time": "2025-12-08T12:09:00.000+0530"}
2025-12-08T12:10:00.553+0530	DEBUG	kafka/producer.go:48	published candle	{"symbol": "RELIANCE", "topic": "candles.1m", "time": "2025-12-08T12:09:00.000+0530"}
2025-12-08T12:10:00.565+0530	DEBUG	kafka/producer.go:48	published candle	{"symbol": "HDFCLIFE", "topic": "candles.1m", "time": "2025-12-08T12:09:00.000+0530"}
2025-12-08T12:10:00.579+0530	DEBUG	kafka/producer.go:48	published candle	{"symbol": "NESTLEIND", "topic": "candles.1m", "time": "2025-12-08T12:09:00.000+0530"}
2025-12-08T12:10:00.591+0530	DEBUG	kafka/producer.go:48	published candle	{"symbol": "SBIN", "topic": "candles.1m", "time": "2025-12-08T12:09:00.000+0530"}
2025-12-08T12:10:00.603+0530	DEBUG	kafka/producer.go:48	published candle	{"symbol": "M&M", "topic": "candles.1m", "time": "2025-12-08T12:09:00.000+0530"}
2025-12-08T12:10:00.614+0530	DEBUG	kafka/producer.go:48	published candle	{"symbol": "BAJFINANCE", "topic": "candles.1m", "time": "2025-12-08T12:09:00.000+0530"}
2025-12-08T12:10:00.626+0530	DEBUG	kafka/producer.go:48	published candle	{"symbol": "TATAMOTORS", "topic": "candles.1m", "time": "2025-12-08T12:09:00.000+0530"}
2025-12-08T12:10:00.637+0530	DEBUG	kafka/producer.go:48	published candle	{"symbol": "ICICIBANK", "topic": "candles.1m", "time": "2025-12-08T12:09:00.000+0530"}
2025-12-08T12:10:00.649+0530	DEBUG	kafka/producer.go:48	published candle	{"symbol": "BEL", "topic": "candles.1m", "time": "2025-12-08T12:09:00.000+0530"}
2025-12-08T12:10:00.660+0530	DEBUG	kafka/producer.go:48	published candle	{"symbol": "SBILIFE", "topic": "candles.1m", "time": "2025-12-08T12:09:00.000+0530"}
2025-12-08T12:10:00.672+0530	DEBUG	kafka/producer.go:48	published candle	{"symbol": "HEROMOTOCO", "topic": "candles.1m", "time": "2025-12-08T12:09:00.000+0530"}
2025-12-08T12:10:00.962+0530	DEBUG	kafka/producer.go:48	published candle	{"symbol": "ADANIENT", "topic": "candles.1m", "time": "2025-12-08T12:09:00.000+0530"}
2025-12-08T12:10:01.590+0530	DEBUG	kafka/producer.go:48	published candle	{"symbol": "NTPC", "topic": "candles.1m", "time": "2025-12-08T12:09:00.000+0530"}
2025-12-08T12:10:01.601+0530	DEBUG	kafka/producer.go:48	published candle	{"symbol": "SHRIRAMFIN", "topic": "candles.1m", "time": "2025-12-08T12:09:00.000+0530"}
2025-12-08T12:10:01.613+0530	DEBUG	kafka/producer.go:48	published candle	{"symbol": "POWERGRID", "topic": "candles.1m", "time": "2025-12-08T12:09:00.000+0530"}
2025-12-08T12:10:01.625+0530	DEBUG	kafka/producer.go:48	published candle	{"symbol": "AXISBANK", "topic": "candles.1m", "time": "2025-12-08T12:09:00.000+0530"}
2025-12-08T12:10:01.637+0530	DEBUG	kafka/producer.go:48	published candle	{"symbol": "TATASTEEL", "topic": "candles.1m", "time": "2025-12-08T12:09:00.000+0530"}
2025-12-08T12:10:01.648+0530	DEBUG	kafka/producer.go:48	published candle	{"symbol": "WIPRO", "topic": "candles.1m", "time": "2025-12-08T12:09:00.000+0530"}
2025-12-08T12:10:01.660+0530	DEBUG	kafka/producer.go:48	published candle	{"symbol": "ONGC", "topic": "candles.1m", "time": "2025-12-08T12:09:00.000+0530"}
2025-12-08T12:10:01.672+0530	DEBUG	kafka/producer.go:48	published candle	{"symbol": "ADANIPORTS", "topic": "candles.1m", "time": "2025-12-08T12:09:00.000+0530"}
2025-12-08T12:10:01.684+0530	DEBUG	kafka/producer.go:48	published candle	{"symbol": "COALINDIA", "topic": "candles.1m", "time": "2025-12-08T12:09:00.000+0530"}
2025-12-08T12:10:01.696+0530	DEBUG	kafka/producer.go:48	published candle	{"symbol": "ITC", "topic": "candles.1m", "time": "2025-12-08T12:09:00.000+0530"}
2025-12-08T12:10:01.707+0530	DEBUG	kafka/producer.go:48	published candle	{"symbol": "JIOFIN", "topic": "candles.1m", "time": "2025-12-08T12:09:00.000+0530"}
2025-12-08T12:10:01.719+0530	DEBUG	kafka/producer.go:48	published candle	{"symbol": "BAJAJFINSV", "topic": "candles.1m", "time": "2025-12-08T12:09:00.000+0530"}
2025-12-08T12:10:01.731+0530	DEBUG	kafka/producer.go:48	published candle	{"symbol": "DRREDDY", "topic": "candles.1m", "time": "2025-12-08T12:09:00.000+0530"}
2025-12-08T12:10:01.743+0530	DEBUG	kafka/producer.go:48	published candle	{"symbol": "HINDUNILVR", "topic": "candles.1m", "time": "2025-12-08T12:09:00.000+0530"}
2025-12-08T12:10:01.756+0530	DEBUG	kafka/producer.go:48	published candle	{"symbol": "INDUSINDBK", "topic": "candles.1m", "time": "2025-12-08T12:09:00.000+0530"}
2025-12-08T12:10:01.768+0530	DEBUG	kafka/producer.go:48	published candle	{"symbol": "ULTRACEMCO", "topic": "candles.1m", "time": "2025-12-08T12:09:00.000+0530"}
2025-12-08T12:10:01.962+0530	DEBUG	kafka/producer.go:48	published candle	{"symbol": "SUNPHARMA", "topic": "candles.1m", "time": "2025-12-08T12:09:00.000+0530"}
2025-12-08T12:10:02.371+0530	DEBUG	kafka/producer.go:48	published candle	{"symbol": "BAJAJ", "topic": "candles.1m", "time": "2025-12-08T12:09:00.000+0530"}
2025-12-08T12:10:02.581+0530	DEBUG	kafka/producer.go:48	published candle	{"symbol": "EICHERMOT", "topic": "candles.1m", "time": "2025-12-08T12:09:00.000+0530"}
2025-12-08T12:10:02.593+0530	DEBUG	kafka/producer.go:48	published candle	{"symbol": "APOLLOHOSP", "topic": "candles.1m", "time": "2025-12-08T12:09:00.000+0530"}
2025-12-08T12:10:03.556+0530	DEBUG	kafka/producer.go:48	published candle	{"symbol": "ASIANPAINT", "topic": "candles.1m", "time": "2025-12-08T12:09:00.000+0530"}
2025-12-08T12:11:00.024+0530	DEBUG	kafka/producer.go:48	published candle	{"symbol": "EICHERMOT", "topic": "candles.1m", "time": "2025-12-08T12:10:00.000+0530"}
2025-12-08T12:11:00.036+0530	DEBUG	kafka/producer.go:48	published candle	{"symbol": "LT", "topic": "candles.1m", "time": "2025-12-08T12:10:00.000+0530"}
2025-12-08T12:11:00.048+0530	DEBUG	kafka/producer.go:48	published candle	{"symbol": "TRENT", "topic": "candles.1m", "time": "2025-12-08T12:10:00.000+0530"}
2025-12-08T12:11:00.121+0530	DEBUG	kafka/producer.go:48	published candle	{"symbol": "SBIN", "topic": "candles.1m", "time": "2025-12-08T12:10:00.000+0530"}
2025-12-08T12:11:00.133+0530	DEBUG	kafka/producer.go:48	published candle	{"symbol": "BEL", "topic": "candles.1m", "time": "2025-12-08T12:10:00.000+0530"}
2025-12-08T12:11:00.145+0530	DEBUG	kafka/producer.go:48	published candle	{"symbol": "M&M", "topic": "candles.1m", "time": "2025-12-08T12:10:00.000+0530"}
2025-12-08T12:11:00.206+0530	DEBUG	kafka/producer.go:48	published candle	{"symbol": "GRASIM", "topic": "candles.1m", "time": "2025-12-08T12:10:00.000+0530"}
2025-12-08T12:11:00.218+0530	DEBUG	kafka/producer.go:48	published candle	{"symbol": "ONGC", "topic": "candles.1m", "time": "2025-12-08T12:10:00.000+0530"}
2025-12-08T12:11:00.230+0530	DEBUG	kafka/producer.go:48	published candle	{"symbol": "SUNPHARMA", "topic": "candles.1m", "time": "2025-12-08T12:10:00.000+0530"}
2025-12-08T12:11:00.241+0530	DEBUG	kafka/producer.go:48	published candle	{"symbol": "TATACONSUM", "topic": "candles.1m", "time": "2025-12-08T12:10:00.000+0530"}
2025-12-08T12:11:00.253+0530	DEBUG	kafka/producer.go:48	published candle	{"symbol": "TATAMOTORS", "topic": "candles.1m", "time": "2025-12-08T12:10:00.000+0530"}
2025-12-08T12:11:00.264+0530	DEBUG	kafka/producer.go:48	published candle	{"symbol": "TATASTEEL", "topic": "candles.1m", "time": "2025-12-08T12:10:00.000+0530"}
2025-12-08T12:11:00.276+0530	DEBUG	kafka/producer.go:48	published candle	{"symbol": "TITAN", "topic": "candles.1m", "time": "2025-12-08T12:10:00.000+0530"}
2025-12-08T12:11:00.287+0530	DEBUG	kafka/producer.go:48	published candle	{"symbol": "SHRIRAMFIN", "topic": "candles.1m", "time": "2025-12-08T12:10:00.000+0530"}
2025-12-08T12:11:00.299+0530	DEBUG	kafka/producer.go:48	published candle	{"symbol": "TECHM", "topic": "candles.1m", "time": "2025-12-08T12:10:00.000+0530"}
2025-12-08T12:11:00.310+0530	DEBUG	kafka/producer.go:48	published candle	{"symbol": "SBILIFE", "topic": "candles.1m", "time": "2025-12-08T12:10:00.000+0530"}
2025-12-08T12:11:00.322+0530	DEBUG	kafka/producer.go:48	published candle	{"symbol": "INFY", "topic": "candles.1m", "time": "2025-12-08T12:10:00.000+0530"}
2025-12-08T12:11:00.333+0530	DEBUG	kafka/producer.go:48	published candle	{"symbol": "ITC", "topic": "candles.1m", "time": "2025-12-08T12:10:00.000+0530"}
2025-12-08T12:11:00.345+0530	DEBUG	kafka/producer.go:48	published candle	{"symbol": "ICICIBANK", "topic": "candles.1m", "time": "2025-12-08T12:10:00.000+0530"}
2025-12-08T12:11:00.356+0530	DEBUG	kafka/producer.go:48	published candle	{"symbol": "ZOMATO", "topic": "candles.1m", "time": "2025-12-08T12:10:00.000+0530"}
2025-12-08T12:11:00.368+0530	DEBUG	kafka/producer.go:48	published candle	{"symbol": "INDUSINDBK", "topic": "candles.1m", "time": "2025-12-08T12:10:00.000+0530"}
2025-12-08T12:11:00.380+0530	DEBUG	kafka/producer.go:48	published candle	{"symbol": "NTPC", "topic": "candles.1m", "time": "2025-12-08T12:10:00.000+0530"}
2025-12-08T12:11:00.391+0530	DEBUG	kafka/producer.go:48	published candle	{"symbol": "NESTLEIND", "topic": "candles.1m", "time": "2025-12-08T12:10:00.000+0530"}
2025-12-08T12:11:00.402+0530	DEBUG	kafka/producer.go:48	published candle	{"symbol": "ASIANPAINT", "topic": "candles.1m", "time": "2025-12-08T12:10:00.000+0530"}
2025-12-08T12:11:00.413+0530	DEBUG	kafka/producer.go:48	published candle	{"symbol": "KOTAKBANK", "topic": "candles.1m", "time": "2025-12-08T12:10:00.000+0530"}
2025-12-08T12:11:00.424+0530	DEBUG	kafka/producer.go:48	published candle	{"symbol": "AXISBANK", "topic": "candles.1m", "time": "2025-12-08T12:10:00.000+0530"}
2025-12-08T12:11:00.436+0530	DEBUG	kafka/producer.go:48	published candle	{"symbol": "ADANIPORTS", "topic": "candles.1m", "time": "2025-12-08T12:10:00.000+0530"}
2025-12-08T12:11:00.447+0530	DEBUG	kafka/producer.go:48	published candle	{"symbol": "ADANIENT", "topic": "candles.1m", "time": "2025-12-08T12:10:00.000+0530"}
2025-12-08T12:11:00.459+0530	DEBUG	kafka/producer.go:48	published candle	{"symbol": "RELIANCE", "topic": "candles.1m", "time": "2025-12-08T12:10:00.000+0530"}
2025-12-08T12:11:00.470+0530	DEBUG	kafka/producer.go:48	published candle	{"symbol": "MARUTI", "topic": "candles.1m", "time": "2025-12-08T12:10:00.000+0530"}
2025-12-08T12:11:00.481+0530	DEBUG	kafka/producer.go:48	published candle	{"symbol": "BAJAJ", "topic": "candles.1m", "time": "2025-12-08T12:10:00.000+0530"}
2025-12-08T12:11:00.493+0530	DEBUG	kafka/producer.go:48	published candle	{"symbol": "WIPRO", "topic": "candles.1m", "time": "2025-12-08T12:10:00.000+0530"}
2025-12-08T12:11:00.504+0530	DEBUG	kafka/producer.go:48	published candle	{"symbol": "ULTRACEMCO", "topic": "candles.1m", "time": "2025-12-08T12:10:00.000+0530"}
2025-12-08T12:11:00.516+0530	DEBUG	kafka/producer.go:48	published candle	{"symbol": "TCS", "topic": "candles.1m", "time": "2025-12-08T12:10:00.000+0530"}
2025-12-08T12:11:00.527+0530	DEBUG	kafka/producer.go:48	published candle	{"symbol": "POWERGRID", "topic": "candles.1m", "time": "2025-12-08T12:10:00.000+0530"}
2025-12-08T12:11:00.539+0530	DEBUG	kafka/producer.go:48	published candle	{"symbol": "APOLLOHOSP", "topic": "candles.1m", "time": "2025-12-08T12:10:00.000+0530"}
2025-12-08T12:11:00.550+0530	DEBUG	kafka/producer.go:48	published candle	{"symbol": "BAJFINANCE", "topic": "candles.1m", "time": "2025-12-08T12:10:00.000+0530"}
2025-12-08T12:11:00.561+0530	DEBUG	kafka/producer.go:48	published candle	{"symbol": "HDFCLIFE", "topic": "candles.1m", "time": "2025-12-08T12:10:00.000+0530"}
2025-12-08T12:11:00.573+0530	DEBUG	kafka/producer.go:48	published candle	{"symbol": "CIPLA", "topic": "candles.1m", "time": "2025-12-08T12:10:00.000+0530"}
2025-12-08T12:11:00.584+0530	DEBUG	kafka/producer.go:48	published candle	{"symbol": "DRREDDY", "topic": "candles.1m", "time": "2025-12-08T12:10:00.000+0530"}
2025-12-08T12:11:00.595+0530	DEBUG	kafka/producer.go:48	published candle	{"symbol": "HDFCBANK", "topic": "candles.1m", "time": "2025-12-08T12:10:00.000+0530"}
2025-12-08T12:11:00.607+0530	DEBUG	kafka/producer.go:48	published candle	{"symbol": "HEROMOTOCO", "topic": "candles.1m", "time": "2025-12-08T12:10:00.000+0530"}
2025-12-08T12:11:00.618+0530	DEBUG	kafka/producer.go:48	published candle	{"symbol": "HINDALCO", "topic": "candles.1m", "time": "2025-12-08T12:10:00.000+0530"}
2025-12-08T12:11:00.628+0530	DEBUG	kafka/producer.go:48	published candle	{"symbol": "HINDUNILVR", "topic": "candles.1m", "time": "2025-12-08T12:10:00.000+0530"}
2025-12-08T12:11:00.639+0530	DEBUG	kafka/producer.go:48	published candle	{"symbol": "HCLTECH", "topic": "candles.1m", "time": "2025-12-08T12:10:00.000+0530"}
2025-12-08T12:11:00.650+0530	DEBUG	kafka/producer.go:48	published candle	{"symbol": "BHARTIARTL", "topic": "candles.1m", "time": "2025-12-08T12:10:00.000+0530"}
2025-12-08T12:11:00.661+0530	DEBUG	kafka/producer.go:48	published candle	{"symbol": "JSWSTEEL", "topic": "candles.1m", "time": "2025-12-08T12:10:00.000+0530"}
2025-12-08T12:11:00.672+0530	DEBUG	kafka/producer.go:48	published candle	{"symbol": "BAJAJFINSV", "topic": "candles.1m", "time": "2025-12-08T12:10:00.000+0530"}
2025-12-08T12:11:00.684+0530	DEBUG	kafka/producer.go:48	published candle	{"symbol": "JIOFIN", "topic": "candles.1m", "time": "2025-12-08T12:10:00.000+0530"}
2025-12-08T12:11:00.695+0530	DEBUG	kafka/producer.go:48	published candle	{"symbol": "COALINDIA", "topic": "candles.1m", "time": "2025-12-08T12:10:00.000+0530"}
2025-12-08T12:12:00.079+0530	DEBUG	kafka/producer.go:48	published candle	{"symbol": "SBIN", "topic": "candles.1m", "time": "2025-12-08T12:11:00.000+0530"}
2025-12-08T12:12:00.091+0530	DEBUG	kafka/producer.go:48	published candle	{"symbol": "RELIANCE", "topic": "candles.1m", "time": "2025-12-08T12:11:00.000+0530"}
2025-12-08T12:12:00.103+0530	DEBUG	kafka/producer.go:48	published candle	{"symbol": "TITAN", "topic": "candles.1m", "time": "2025-12-08T12:11:00.000+0530"}
2025-12-08T12:12:00.115+0530	DEBUG	kafka/producer.go:48	published candle	{"symbol": "HEROMOTOCO", "topic": "candles.1m", "time": "2025-12-08T12:11:00.000+0530"}
2025-12-08T12:12:00.176+0530	DEBUG	kafka/producer.go:48	published candle	{"symbol": "HDFCLIFE", "topic": "candles.1m", "time": "2025-12-08T12:11:00.000+0530"}
2025-12-08T12:12:00.378+0530	DEBUG	kafka/producer.go:48	published candle	{"symbol": "NESTLEIND", "topic": "candles.1m", "time": "2025-12-08T12:11:00.000+0530"}
2025-12-08T12:12:00.390+0530	DEBUG	kafka/producer.go:48	published candle	{"symbol": "AXISBANK", "topic": "candles.1m", "time": "2025-12-08T12:11:00.000+0530"}
2025-12-08T12:12:00.402+0530	DEBUG	kafka/producer.go:48	published candle	{"symbol": "TRENT", "topic": "candles.1m", "time": "2025-12-08T12:11:00.000+0530"}
2025-12-08T12:12:00.490+0530	DEBUG	kafka/producer.go:48	published candle	{"symbol": "APOLLOHOSP", "topic": "candles.1m", "time": "2025-12-08T12:11:00.000+0530"}
2025-12-08T12:12:00.601+0530	DEBUG	kafka/producer.go:48	published candle	{"symbol": "LT", "topic": "candles.1m", "time": "2025-12-08T12:11:00.000+0530"}
2025-12-08T12:12:00.613+0530	DEBUG	kafka/producer.go:48	published candle	{"symbol": "BHARTIARTL", "topic": "candles.1m", "time": "2025-12-08T12:11:00.000+0530"}
2025-12-08T12:12:00.624+0530	DEBUG	kafka/producer.go:48	published candle	{"symbol": "TECHM", "topic": "candles.1m", "time": "2025-12-08T12:11:00.000+0530"}
2025-12-08T12:12:00.636+0530	DEBUG	kafka/producer.go:48	published candle	{"symbol": "INFY", "topic": "candles.1m", "time": "2025-12-08T12:11:00.000+0530"}
2025-12-08T12:12:00.647+0530	DEBUG	kafka/producer.go:48	published candle	{"symbol": "HCLTECH", "topic": "candles.1m", "time": "2025-12-08T12:11:00.000+0530"}
2025-12-08T12:12:00.659+0530	DEBUG	kafka/producer.go:48	published candle	{"symbol": "HINDALCO", "topic": "candles.1m", "time": "2025-12-08T12:11:00.000+0530"}
2025-12-08T12:12:00.670+0530	DEBUG	kafka/producer.go:48	published candle	{"symbol": "ZOMATO", "topic": "candles.1m", "time": "2025-12-08T12:11:00.000+0530"}
2025-12-08T12:12:00.681+0530	DEBUG	kafka/producer.go:48	published candle	{"symbol": "BEL", "topic": "candles.1m", "time": "2025-12-08T12:11:00.000+0530"}
2025-12-08T12:12:00.693+0530	DEBUG	kafka/producer.go:48	published candle	{"symbol": "HDFCBANK", "topic": "candles.1m", "time": "2025-12-08T12:11:00.000+0530"}
2025-12-08T12:12:00.704+0530	DEBUG	kafka/producer.go:48	published candle	{"symbol": "ICICIBANK", "topic": "candles.1m", "time": "2025-12-08T12:11:00.000+0530"}
2025-12-08T12:12:00.716+0530	DEBUG	kafka/producer.go:48	published candle	{"symbol": "WIPRO", "topic": "candles.1m", "time": "2025-12-08T12:11:00.000+0530"}
2025-12-08T12:12:00.727+0530	DEBUG	kafka/producer.go:48	published candle	{"symbol": "SUNPHARMA", "topic": "candles.1m", "time": "2025-12-08T12:11:00.000+0530"}
2025-12-08T12:12:00.738+0530	DEBUG	kafka/producer.go:48	published candle	{"symbol": "GRASIM", "topic": "candles.1m", "time": "2025-12-08T12:11:00.000+0530"}
2025-12-08T12:12:00.750+0530	DEBUG	kafka/producer.go:48	published candle	{"symbol": "JSWSTEEL", "topic": "candles.1m", "time": "2025-12-08T12:11:00.000+0530"}
2025-12-08T12:12:00.777+0530	DEBUG	kafka/producer.go:48	published candle	{"symbol": "TATACONSUM", "topic": "candles.1m", "time": "2025-12-08T12:11:00.000+0530"}
2025-12-08T12:12:00.883+0530	DEBUG	kafka/producer.go:48	published candle	{"symbol": "M&M", "topic": "candles.1m", "time": "2025-12-08T12:11:00.000+0530"}
2025-12-08T12:12:00.895+0530	DEBUG	kafka/producer.go:48	published candle	{"symbol": "HINDUNILVR", "topic": "candles.1m", "time": "2025-12-08T12:11:00.000+0530"}
2025-12-08T12:12:01.081+0530	DEBUG	kafka/producer.go:48	published candle	{"symbol": "TCS", "topic": "candles.1m", "time": "2025-12-08T12:11:00.000+0530"}
2025-12-08T12:12:01.609+0530	DEBUG	kafka/producer.go:48	published candle	{"symbol": "NTPC", "topic": "candles.1m", "time": "2025-12-08T12:11:00.000+0530"}
2025-12-08T12:12:01.621+0530	DEBUG	kafka/producer.go:48	published candle	{"symbol": "SHRIRAMFIN", "topic": "candles.1m", "time": "2025-12-08T12:11:00.000+0530"}
2025-12-08T12:12:01.633+0530	DEBUG	kafka/producer.go:48	published candle	{"symbol": "POWERGRID", "topic": "candles.1m", "time": "2025-12-08T12:11:00.000+0530"}
2025-12-08T12:12:01.644+0530	DEBUG	kafka/producer.go:48	published candle	{"symbol": "TATAMOTORS", "topic": "candles.1m", "time": "2025-12-08T12:11:00.000+0530"}
2025-12-08T12:12:01.656+0530	DEBUG	kafka/producer.go:48	published candle	{"symbol": "ADANIENT", "topic": "candles.1m", "time": "2025-12-08T12:11:00.000+0530"}
2025-12-08T12:12:01.667+0530	DEBUG	kafka/producer.go:48	published candle	{"symbol": "TATASTEEL", "topic": "candles.1m", "time": "2025-12-08T12:11:00.000+0530"}
2025-12-08T12:12:01.679+0530	DEBUG	kafka/producer.go:48	published candle	{"symbol": "BAJFINANCE", "topic": "candles.1m", "time": "2025-12-08T12:11:00.000+0530"}
2025-12-08T12:12:01.690+0530	DEBUG	kafka/producer.go:48	published candle	{"symbol": "ONGC", "topic": "candles.1m", "time": "2025-12-08T12:11:00.000+0530"}
2025-12-08T12:12:01.702+0530	DEBUG	kafka/producer.go:48	published candle	{"symbol": "CIPLA", "topic": "candles.1m", "time": "2025-12-08T12:11:00.000+0530"}
2025-12-08T12:12:01.713+0530	DEBUG	kafka/producer.go:48	published candle	{"symbol": "MARUTI", "topic": "candles.1m", "time": "2025-12-08T12:11:00.000+0530"}
2025-12-08T12:12:01.724+0530	DEBUG	kafka/producer.go:48	published candle	{"symbol": "ITC", "topic": "candles.1m", "time": "2025-12-08T12:11:00.000+0530"}
2025-12-08T12:12:01.735+0530	DEBUG	kafka/producer.go:48	published candle	{"symbol": "JIOFIN", "topic": "candles.1m", "time": "2025-12-08T12:11:00.000+0530"}
2025-12-08T12:12:01.747+0530	DEBUG	kafka/producer.go:48	published candle	{"symbol": "BAJAJFINSV", "topic": "candles.1m", "time": "2025-12-08T12:11:00.000+0530"}
2025-12-08T12:12:01.759+0530	DEBUG	kafka/producer.go:48	published candle	{"symbol": "DRREDDY", "topic": "candles.1m", "time": "2025-12-08T12:11:00.000+0530"}
2025-12-08T12:12:01.770+0530	DEBUG	kafka/producer.go:48	published candle	{"symbol": "KOTAKBANK", "topic": "candles.1m", "time": "2025-12-08T12:11:00.000+0530"}
2025-12-08T12:12:02.612+0530	DEBUG	kafka/producer.go:48	published candle	{"symbol": "SBILIFE", "topic": "candles.1m", "time": "2025-12-08T12:11:00.000+0530"}
2025-12-08T12:12:02.624+0530	DEBUG	kafka/producer.go:48	published candle	{"symbol": "ULTRACEMCO", "topic": "candles.1m", "time": "2025-12-08T12:11:00.000+0530"}
2025-12-08T12:12:02.635+0530	DEBUG	kafka/producer.go:48	published candle	{"symbol": "EICHERMOT", "topic": "candles.1m", "time": "2025-12-08T12:11:00.000+0530"}
2025-12-08T12:12:02.989+0530	DEBUG	kafka/producer.go:48	published candle	{"symbol": "BAJAJ", "topic": "candles.1m", "time": "2025-12-08T12:11:00.000+0530"}
2025-12-08T12:12:03.385+0530	DEBUG	kafka/producer.go:48	published candle	{"symbol": "ADANIPORTS", "topic": "candles.1m", "time": "2025-12-08T12:11:00.000+0530"}
2025-12-08T12:12:03.583+0530	DEBUG	kafka/producer.go:48	published candle	{"symbol": "COALINDIA", "topic": "candles.1m", "time": "2025-12-08T12:11:00.000+0530"}
2025-12-08T12:12:03.609+0530	DEBUG	kafka/producer.go:48	published candle	{"symbol": "ASIANPAINT", "topic": "candles.1m", "time": "2025-12-08T12:11:00.000+0530"}
2025-12-08T12:12:04.286+0530	DEBUG	kafka/producer.go:48	published candle	{"symbol": "INDUSINDBK", "topic": "candles.1m", "time": "2025-12-08T12:11:00.000+0530"}
2025-12-08T12:13:00.077+0530	DEBUG	kafka/producer.go:48	published candle	{"symbol": "SHRIRAMFIN", "topic": "candles.1m", "time": "2025-12-08T12:12:00.000+0530"}
2025-12-08T12:13:00.089+0530	DEBUG	kafka/producer.go:48	published candle	{"symbol": "BAJFINANCE", "topic": "candles.1m", "time": "2025-12-08T12:12:00.000+0530"}
2025-12-08T12:13:00.101+0530	DEBUG	kafka/producer.go:48	published candle	{"symbol": "SUNPHARMA", "topic": "candles.1m", "time": "2025-12-08T12:12:00.000+0530"}
2025-12-08T12:13:00.112+0530	DEBUG	kafka/producer.go:48	published candle	{"symbol": "MARUTI", "topic": "candles.1m", "time": "2025-12-08T12:12:00.000+0530"}
2025-12-08T12:13:00.124+0530	DEBUG	kafka/producer.go:48	published candle	{"symbol": "TRENT", "topic": "candles.1m", "time": "2025-12-08T12:12:00.000+0530"}
2025-12-08T12:13:00.136+0530	DEBUG	kafka/producer.go:48	published candle	{"symbol": "BEL", "topic": "candles.1m", "time": "2025-12-08T12:12:00.000+0530"}
2025-12-08T12:13:00.147+0530	DEBUG	kafka/producer.go:48	published candle	{"symbol": "KOTAKBANK", "topic": "candles.1m", "time": "2025-12-08T12:12:00.000+0530"}
2025-12-08T12:13:00.180+0530	DEBUG	kafka/producer.go:48	published candle	{"symbol": "ONGC", "topic": "candles.1m", "time": "2025-12-08T12:12:00.000+0530"}
2025-12-08T12:13:00.191+0530	DEBUG	kafka/producer.go:48	published candle	{"symbol": "TCS", "topic": "candles.1m", "time": "2025-12-08T12:12:00.000+0530"}
2025-12-08T12:13:00.203+0530	DEBUG	kafka/producer.go:48	published candle	{"symbol": "GRASIM", "topic": "candles.1m", "time": "2025-12-08T12:12:00.000+0530"}
2025-12-08T12:13:00.215+0530	DEBUG	kafka/producer.go:48	published candle	{"symbol": "HEROMOTOCO", "topic": "candles.1m", "time": "2025-12-08T12:12:00.000+0530"}
2025-12-08T12:13:00.271+0530	DEBUG	kafka/producer.go:48	published candle	{"symbol": "RELIANCE", "topic": "candles.1m", "time": "2025-12-08T12:12:00.000+0530"}
2025-12-08T12:13:00.283+0530	DEBUG	kafka/producer.go:48	published candle	{"symbol": "HDFCLIFE", "topic": "candles.1m", "time": "2025-12-08T12:12:00.000+0530"}
2025-12-08T12:13:00.295+0530	DEBUG	kafka/producer.go:48	published candle	{"symbol": "SBIN", "topic": "candles.1m", "time": "2025-12-08T12:12:00.000+0530"}
2025-12-08T12:13:00.370+0530	DEBUG	kafka/producer.go:48	published candle	{"symbol": "ICICIBANK", "topic": "candles.1m", "time": "2025-12-08T12:12:00.000+0530"}
2025-12-08T12:13:00.478+0530	DEBUG	kafka/producer.go:48	published candle	{"symbol": "ADANIPORTS", "topic": "candles.1m", "time": "2025-12-08T12:12:00.000+0530"}
2025-12-08T12:13:00.489+0530	DEBUG	kafka/producer.go:48	published candle	{"symbol": "NTPC", "topic": "candles.1m", "time": "2025-12-08T12:12:00.000+0530"}
2025-12-08T12:13:00.500+0530	DEBUG	kafka/producer.go:48	published candle	{"symbol": "ULTRACEMCO", "topic": "candles.1m", "time": "2025-12-08T12:12:00.000+0530"}
2025-12-08T12:13:00.569+0530	DEBUG	kafka/producer.go:48	published candle	{"symbol": "WIPRO", "topic": "candles.1m", "time": "2025-12-08T12:12:00.000+0530"}
2025-12-08T12:13:00.580+0530	DEBUG	kafka/producer.go:48	published candle	{"symbol": "LT", "topic": "candles.1m", "time": "2025-12-08T12:12:00.000+0530"}
2025-12-08T12:13:00.616+0530	DEBUG	kafka/producer.go:48	published candle	{"symbol": "TITAN", "topic": "candles.1m", "time": "2025-12-08T12:12:00.000+0530"}
2025-12-08T12:13:00.627+0530	DEBUG	kafka/producer.go:48	published candle	{"symbol": "INFY", "topic": "candles.1m", "time": "2025-12-08T12:12:00.000+0530"}
2025-12-08T12:13:00.639+0530	DEBUG	kafka/producer.go:48	published candle	{"symbol": "BHARTIARTL", "topic": "candles.1m", "time": "2025-12-08T12:12:00.000+0530"}
2025-12-08T12:13:00.651+0530	DEBUG	kafka/producer.go:48	published candle	{"symbol": "AXISBANK", "topic": "candles.1m", "time": "2025-12-08T12:12:00.000+0530"}
2025-12-08T12:13:00.662+0530	DEBUG	kafka/producer.go:48	published candle	{"symbol": "HCLTECH", "topic": "candles.1m", "time": "2025-12-08T12:12:00.000+0530"}
2025-12-08T12:13:00.674+0530	DEBUG	kafka/producer.go:48	published candle	{"symbol": "SBILIFE", "topic": "candles.1m", "time": "2025-12-08T12:12:00.000+0530"}
2025-12-08T12:13:00.686+0530	DEBUG	kafka/producer.go:48	published candle	{"symbol": "HDFCBANK", "topic": "candles.1m", "time": "2025-12-08T12:12:00.000+0530"}
2025-12-08T12:13:00.697+0530	DEBUG	kafka/producer.go:48	published candle	{"symbol": "TATAMOTORS", "topic": "candles.1m", "time": "2025-12-08T12:12:00.000+0530"}
2025-12-08T12:13:00.709+0530	DEBUG	kafka/producer.go:48	published candle	{"symbol": "ZOMATO", "topic": "candles.1m", "time": "2025-12-08T12:12:00.000+0530"}
2025-12-08T12:13:00.721+0530	DEBUG	kafka/producer.go:48	published candle	{"symbol": "NESTLEIND", "topic": "candles.1m", "time": "2025-12-08T12:12:00.000+0530"}
2025-12-08T12:13:00.733+0530	DEBUG	kafka/producer.go:48	published candle	{"symbol": "POWERGRID", "topic": "candles.1m", "time": "2025-12-08T12:12:00.000+0530"}
2025-12-08T12:13:00.744+0530	DEBUG	kafka/producer.go:48	published candle	{"symbol": "TATASTEEL", "topic": "candles.1m", "time": "2025-12-08T12:12:00.000+0530"}
2025-12-08T12:13:00.757+0530	DEBUG	kafka/producer.go:48	published candle	{"symbol": "M&M", "topic": "candles.1m", "time": "2025-12-08T12:12:00.000+0530"}
2025-12-08T12:13:00.768+0530	DEBUG	kafka/producer.go:48	published candle	{"symbol": "COALINDIA", "topic": "candles.1m", "time": "2025-12-08T12:12:00.000+0530"}
2025-12-08T12:13:00.780+0530	DEBUG	kafka/producer.go:48	published candle	{"symbol": "ITC", "topic": "candles.1m", "time": "2025-12-08T12:12:00.000+0530"}
2025-12-08T12:13:00.791+0530	DEBUG	kafka/producer.go:48	published candle	{"symbol": "HINDALCO", "topic": "candles.1m", "time": "2025-12-08T12:12:00.000+0530"}
2025-12-08T12:13:00.802+0530	DEBUG	kafka/producer.go:48	published candle	{"symbol": "JIOFIN", "topic": "candles.1m", "time": "2025-12-08T12:12:00.000+0530"}
2025-12-08T12:13:00.814+0530	DEBUG	kafka/producer.go:48	published candle	{"symbol": "BAJAJFINSV", "topic": "candles.1m", "time": "2025-12-08T12:12:00.000+0530"}
2025-12-08T12:13:00.825+0530	DEBUG	kafka/producer.go:48	published candle	{"symbol": "ASIANPAINT", "topic": "candles.1m", "time": "2025-12-08T12:12:00.000+0530"}
2025-12-08T12:13:00.836+0530	DEBUG	kafka/producer.go:48	published candle	{"symbol": "DRREDDY", "topic": "candles.1m", "time": "2025-12-08T12:12:00.000+0530"}
2025-12-08T12:13:00.848+0530	DEBUG	kafka/producer.go:48	published candle	{"symbol": "TECHM", "topic": "candles.1m", "time": "2025-12-08T12:12:00.000+0530"}
2025-12-08T12:13:01.581+0530	DEBUG	kafka/producer.go:48	published candle	{"symbol": "ADANIENT", "topic": "candles.1m", "time": "2025-12-08T12:12:00.000+0530"}
2025-12-08T12:13:01.625+0530	DEBUG	kafka/producer.go:48	published candle	{"symbol": "TATACONSUM", "topic": "candles.1m", "time": "2025-12-08T12:12:00.000+0530"}
2025-12-08T12:13:01.636+0530	DEBUG	kafka/producer.go:48	published candle	{"symbol": "JSWSTEEL", "topic": "candles.1m", "time": "2025-12-08T12:12:00.000+0530"}
2025-12-08T12:13:01.670+0530	DEBUG	kafka/producer.go:48	published candle	{"symbol": "BAJAJ", "topic": "candles.1m", "time": "2025-12-08T12:12:00.000+0530"}
2025-12-08T12:13:02.373+0530	DEBUG	kafka/producer.go:48	published candle	{"symbol": "CIPLA", "topic": "candles.1m", "time": "2025-12-08T12:12:00.000+0530"}
2025-12-08T12:13:02.619+0530	DEBUG	kafka/producer.go:48	published candle	{"symbol": "HINDUNILVR", "topic": "candles.1m", "time": "2025-12-08T12:12:00.000+0530"}
2025-12-08T12:13:02.631+0530	DEBUG	kafka/producer.go:48	published candle	{"symbol": "INDUSINDBK", "topic": "candles.1m", "time": "2025-12-08T12:12:00.000+0530"}
2025-12-08T12:13:03.371+0530	DEBUG	kafka/producer.go:48	published candle	{"symbol": "EICHERMOT", "topic": "candles.1m", "time": "2025-12-08T12:12:00.000+0530"}
2025-12-08T12:13:03.635+0530	DEBUG	kafka/producer.go:48	published candle	{"symbol": "APOLLOHOSP", "topic": "candles.1m", "time": "2025-12-08T12:12:00.000+0530"}
2025-12-08T12:14:00.047+0530	DEBUG	kafka/producer.go:48	published candle	{"symbol": "TATASTEEL", "topic": "candles.1m", "time": "2025-12-08T12:13:00.000+0530"}
2025-12-08T12:14:00.060+0530	DEBUG	kafka/producer.go:48	published candle	{"symbol": "ZOMATO", "topic": "candles.1m", "time": "2025-12-08T12:13:00.000+0530"}
2025-12-08T12:14:00.071+0530	DEBUG	kafka/producer.go:48	published candle	{"symbol": "M&M", "topic": "candles.1m", "time": "2025-12-08T12:13:00.000+0530"}
2025-12-08T12:14:00.083+0530	DEBUG	kafka/producer.go:48	published candle	{"symbol": "MARUTI", "topic": "candles.1m", "time": "2025-12-08T12:13:00.000+0530"}
2025-12-08T12:14:00.095+0530	DEBUG	kafka/producer.go:48	published candle	{"symbol": "ITC", "topic": "candles.1m", "time": "2025-12-08T12:13:00.000+0530"}
2025-12-08T12:14:00.147+0530	DEBUG	kafka/producer.go:48	published candle	{"symbol": "GRASIM", "topic": "candles.1m", "time": "2025-12-08T12:13:00.000+0530"}
2025-12-08T12:14:00.158+0530	DEBUG	kafka/producer.go:48	published candle	{"symbol": "ONGC", "topic": "candles.1m", "time": "2025-12-08T12:13:00.000+0530"}
2025-12-08T12:14:00.170+0530	DEBUG	kafka/producer.go:48	published candle	{"symbol": "SBIN", "topic": "candles.1m", "time": "2025-12-08T12:13:00.000+0530"}
2025-12-08T12:14:00.182+0530	DEBUG	kafka/producer.go:48	published candle	{"symbol": "SUNPHARMA", "topic": "candles.1m", "time": "2025-12-08T12:13:00.000+0530"}
2025-12-08T12:14:00.193+0530	DEBUG	kafka/producer.go:48	published candle	{"symbol": "TATACONSUM", "topic": "candles.1m", "time": "2025-12-08T12:13:00.000+0530"}
2025-12-08T12:14:00.205+0530	DEBUG	kafka/producer.go:48	published candle	{"symbol": "TATAMOTORS", "topic": "candles.1m", "time": "2025-12-08T12:13:00.000+0530"}
2025-12-08T12:14:00.216+0530	DEBUG	kafka/producer.go:48	published candle	{"symbol": "TITAN", "topic": "candles.1m", "time": "2025-12-08T12:13:00.000+0530"}
2025-12-08T12:14:00.228+0530	DEBUG	kafka/producer.go:48	published candle	{"symbol": "SHRIRAMFIN", "topic": "candles.1m", "time": "2025-12-08T12:13:00.000+0530"}
2025-12-08T12:14:00.239+0530	DEBUG	kafka/producer.go:48	published candle	{"symbol": "TECHM", "topic": "candles.1m", "time": "2025-12-08T12:13:00.000+0530"}
2025-12-08T12:14:00.250+0530	DEBUG	kafka/producer.go:48	published candle	{"symbol": "SBILIFE", "topic": "candles.1m", "time": "2025-12-08T12:13:00.000+0530"}
2025-12-08T12:14:00.262+0530	DEBUG	kafka/producer.go:48	published candle	{"symbol": "BAJFINANCE", "topic": "candles.1m", "time": "2025-12-08T12:13:00.000+0530"}
2025-12-08T12:14:00.274+0530	DEBUG	kafka/producer.go:48	published candle	{"symbol": "BEL", "topic": "candles.1m", "time": "2025-12-08T12:13:00.000+0530"}
2025-12-08T12:14:00.286+0530	DEBUG	kafka/producer.go:48	published candle	{"symbol": "HDFCLIFE", "topic": "candles.1m", "time": "2025-12-08T12:13:00.000+0530"}
2025-12-08T12:14:00.297+0530	DEBUG	kafka/producer.go:48	published candle	{"symbol": "HDFCBANK", "topic": "candles.1m", "time": "2025-12-08T12:13:00.000+0530"}
2025-12-08T12:14:00.309+0530	DEBUG	kafka/producer.go:48	published candle	{"symbol": "HINDALCO", "topic": "candles.1m", "time": "2025-12-08T12:13:00.000+0530"}
2025-12-08T12:14:00.320+0530	DEBUG	kafka/producer.go:48	published candle	{"symbol": "HINDUNILVR", "topic": "candles.1m", "time": "2025-12-08T12:13:00.000+0530"}
2025-12-08T12:14:00.332+0530	DEBUG	kafka/producer.go:48	published candle	{"symbol": "HCLTECH", "topic": "candles.1m", "time": "2025-12-08T12:13:00.000+0530"}
2025-12-08T12:14:00.344+0530	DEBUG	kafka/producer.go:48	published candle	{"symbol": "BHARTIARTL", "topic": "candles.1m", "time": "2025-12-08T12:13:00.000+0530"}
2025-12-08T12:14:00.355+0530	DEBUG	kafka/producer.go:48	published candle	{"symbol": "ULTRACEMCO", "topic": "candles.1m", "time": "2025-12-08T12:13:00.000+0530"}
2025-12-08T12:14:00.366+0530	DEBUG	kafka/producer.go:48	published candle	{"symbol": "JSWSTEEL", "topic": "candles.1m", "time": "2025-12-08T12:13:00.000+0530"}
2025-12-08T12:14:00.378+0530	DEBUG	kafka/producer.go:48	published candle	{"symbol": "BAJAJFINSV", "topic": "candles.1m", "time": "2025-12-08T12:13:00.000+0530"}
2025-12-08T12:14:00.390+0530	DEBUG	kafka/producer.go:48	published candle	{"symbol": "JIOFIN", "topic": "candles.1m", "time": "2025-12-08T12:13:00.000+0530"}
2025-12-08T12:14:00.402+0530	DEBUG	kafka/producer.go:48	published candle	{"symbol": "APOLLOHOSP", "topic": "candles.1m", "time": "2025-12-08T12:13:00.000+0530"}
2025-12-08T12:14:00.414+0530	DEBUG	kafka/producer.go:48	published candle	{"symbol": "HEROMOTOCO", "topic": "candles.1m", "time": "2025-12-08T12:13:00.000+0530"}
2025-12-08T12:14:00.426+0530	DEBUG	kafka/producer.go:48	published candle	{"symbol": "TCS", "topic": "candles.1m", "time": "2025-12-08T12:13:00.000+0530"}
2025-12-08T12:14:00.437+0530	DEBUG	kafka/producer.go:48	published candle	{"symbol": "EICHERMOT", "topic": "candles.1m", "time": "2025-12-08T12:13:00.000+0530"}
2025-12-08T12:14:00.449+0530	DEBUG	kafka/producer.go:48	published candle	{"symbol": "INFY", "topic": "candles.1m", "time": "2025-12-08T12:13:00.000+0530"}
2025-12-08T12:14:00.460+0530	DEBUG	kafka/producer.go:48	published candle	{"symbol": "ICICIBANK", "topic": "candles.1m", "time": "2025-12-08T12:13:00.000+0530"}
2025-12-08T12:14:00.472+0530	DEBUG	kafka/producer.go:48	published candle	{"symbol": "INDUSINDBK", "topic": "candles.1m", "time": "2025-12-08T12:13:00.000+0530"}
2025-12-08T12:14:00.483+0530	DEBUG	kafka/producer.go:48	published candle	{"symbol": "NTPC", "topic": "candles.1m", "time": "2025-12-08T12:13:00.000+0530"}
2025-12-08T12:14:00.494+0530	DEBUG	kafka/producer.go:48	published candle	{"symbol": "NESTLEIND", "topic": "candles.1m", "time": "2025-12-08T12:13:00.000+0530"}
2025-12-08T12:14:00.506+0530	DEBUG	kafka/producer.go:48	published candle	{"symbol": "CIPLA", "topic": "candles.1m", "time": "2025-12-08T12:13:00.000+0530"}
2025-12-08T12:14:00.517+0530	DEBUG	kafka/producer.go:48	published candle	{"symbol": "DRREDDY", "topic": "candles.1m", "time": "2025-12-08T12:13:00.000+0530"}
2025-12-08T12:14:00.529+0530	DEBUG	kafka/producer.go:48	published candle	{"symbol": "WIPRO", "topic": "candles.1m", "time": "2025-12-08T12:13:00.000+0530"}
2025-12-08T12:14:00.541+0530	DEBUG	kafka/producer.go:48	published candle	{"symbol": "POWERGRID", "topic": "candles.1m", "time": "2025-12-08T12:13:00.000+0530"}
2025-12-08T12:14:00.552+0530	DEBUG	kafka/producer.go:48	published candle	{"symbol": "COALINDIA", "topic": "candles.1m", "time": "2025-12-08T12:13:00.000+0530"}
2025-12-08T12:14:00.564+0530	DEBUG	kafka/producer.go:48	published candle	{"symbol": "ADANIENT", "topic": "candles.1m", "time": "2025-12-08T12:13:00.000+0530"}
2025-12-08T12:14:00.576+0530	DEBUG	kafka/producer.go:48	published candle	{"symbol": "TRENT", "topic": "candles.1m", "time": "2025-12-08T12:13:00.000+0530"}
2025-12-08T12:14:00.587+0530	DEBUG	kafka/producer.go:48	published candle	{"symbol": "RELIANCE", "topic": "candles.1m", "time": "2025-12-08T12:13:00.000+0530"}
2025-12-08T12:14:00.599+0530	DEBUG	kafka/producer.go:48	published candle	{"symbol": "BAJAJ", "topic": "candles.1m", "time": "2025-12-08T12:13:00.000+0530"}
2025-12-08T12:14:00.611+0530	DEBUG	kafka/producer.go:48	published candle	{"symbol": "ASIANPAINT", "topic": "candles.1m", "time": "2025-12-08T12:13:00.000+0530"}
2025-12-08T12:14:00.622+0530	DEBUG	kafka/producer.go:48	published candle	{"symbol": "KOTAKBANK", "topic": "candles.1m", "time": "2025-12-08T12:13:00.000+0530"}
2025-12-08T12:14:00.633+0530	DEBUG	kafka/producer.go:48	published candle	{"symbol": "AXISBANK", "topic": "candles.1m", "time": "2025-12-08T12:13:00.000+0530"}
2025-12-08T12:14:00.645+0530	DEBUG	kafka/producer.go:48	published candle	{"symbol": "LT", "topic": "candles.1m", "time": "2025-12-08T12:13:00.000+0530"}
2025-12-08T12:14:00.657+0530	DEBUG	kafka/producer.go:48	published candle	{"symbol": "ADANIPORTS", "topic": "candles.1m", "time": "2025-12-08T12:13:00.000+0530"}
2025-12-08T12:15:00.037+0530	DEBUG	kafka/producer.go:48	published candle	{"symbol": "COALINDIA", "topic": "candles.1m", "time": "2025-12-08T12:14:00.000+0530"}
2025-12-08T12:15:00.050+0530	DEBUG	kafka/producer.go:48	published candle	{"symbol": "HDFCBANK", "topic": "candles.1m", "time": "2025-12-08T12:14:00.000+0530"}
2025-12-08T12:15:00.061+0530	DEBUG	kafka/producer.go:48	published candle	{"symbol": "BAJFINANCE", "topic": "candles.1m", "time": "2025-12-08T12:14:00.000+0530"}
2025-12-08T12:15:00.073+0530	DEBUG	kafka/producer.go:48	published candle	{"symbol": "ZOMATO", "topic": "candles.1m", "time": "2025-12-08T12:14:00.000+0530"}
2025-12-08T12:15:00.085+0530	DEBUG	kafka/producer.go:48	published candle	{"symbol": "KOTAKBANK", "topic": "candles.1m", "time": "2025-12-08T12:14:00.000+0530"}
2025-12-08T12:15:00.096+0530	DEBUG	kafka/producer.go:48	published candle	{"symbol": "BHARTIARTL", "topic": "candles.1m", "time": "2025-12-08T12:14:00.000+0530"}
2025-12-08T12:15:00.108+0530	DEBUG	kafka/producer.go:48	published candle	{"symbol": "LT", "topic": "candles.1m", "time": "2025-12-08T12:14:00.000+0530"}
2025-12-08T12:15:00.119+0530	DEBUG	kafka/producer.go:48	published candle	{"symbol": "NESTLEIND", "topic": "candles.1m", "time": "2025-12-08T12:14:00.000+0530"}
2025-12-08T12:15:00.131+0530	DEBUG	kafka/producer.go:48	published candle	{"symbol": "SHRIRAMFIN", "topic": "candles.1m", "time": "2025-12-08T12:14:00.000+0530"}
2025-12-08T12:15:00.143+0530	DEBUG	kafka/producer.go:48	published candle	{"symbol": "POWERGRID", "topic": "candles.1m", "time": "2025-12-08T12:14:00.000+0530"}
2025-12-08T12:15:00.231+0530	DEBUG	kafka/producer.go:48	published candle	{"symbol": "NTPC", "topic": "candles.1m", "time": "2025-12-08T12:14:00.000+0530"}
2025-12-08T12:15:00.243+0530	DEBUG	kafka/producer.go:48	published candle	{"symbol": "AXISBANK", "topic": "candles.1m", "time": "2025-12-08T12:14:00.000+0530"}
2025-12-08T12:15:00.254+0530	DEBUG	kafka/producer.go:48	published candle	{"symbol": "HCLTECH", "topic": "candles.1m", "time": "2025-12-08T12:14:00.000+0530"}
2025-12-08T12:15:00.266+0530	DEBUG	kafka/producer.go:48	published candle	{"symbol": "INFY", "topic": "candles.1m", "time": "2025-12-08T12:14:00.000+0530"}
2025-12-08T12:15:00.278+0530	DEBUG	kafka/producer.go:48	published candle	{"symbol": "TATAMOTORS", "topic": "candles.1m", "time": "2025-12-08T12:14:00.000+0530"}
2025-12-08T12:15:00.334+0530	DEBUG	kafka/producer.go:48	published candle	{"symbol": "RELIANCE", "topic": "candles.1m", "time": "2025-12-08T12:14:00.000+0530"}
2025-12-08T12:15:00.346+0530	DEBUG	kafka/producer.go:48	published candle	{"symbol": "TATASTEEL", "topic": "candles.1m", "time": "2025-12-08T12:14:00.000+0530"}
2025-12-08T12:15:00.357+0530	DEBUG	kafka/producer.go:48	published candle	{"symbol": "BAJAJ", "topic": "candles.1m", "time": "2025-12-08T12:14:00.000+0530"}
2025-12-08T12:15:00.432+0530	DEBUG	kafka/producer.go:48	published candle	{"symbol": "HDFCLIFE", "topic": "candles.1m", "time": "2025-12-08T12:14:00.000+0530"}
2025-12-08T12:15:00.443+0530	DEBUG	kafka/producer.go:48	published candle	{"symbol": "WIPRO", "topic": "candles.1m", "time": "2025-12-08T12:14:00.000+0530"}
2025-12-08T12:15:00.533+0530	DEBUG	kafka/producer.go:48	published candle	{"symbol": "HINDUNILVR", "topic": "candles.1m", "time": "2025-12-08T12:14:00.000+0530"}
2025-12-08T12:15:00.545+0530	DEBUG	kafka/producer.go:48	published candle	{"symbol": "TCS", "topic": "candles.1m", "time": "2025-12-08T12:14:00.000+0530"}
2025-12-08T12:15:00.631+0530	DEBUG	kafka/producer.go:48	published candle	{"symbol": "TITAN", "topic": "candles.1m", "time": "2025-12-08T12:14:00.000+0530"}
2025-12-08T12:15:00.643+0530	DEBUG	kafka/producer.go:48	published candle	{"symbol": "ICICIBANK", "topic": "candles.1m", "time": "2025-12-08T12:14:00.000+0530"}
2025-12-08T12:15:00.654+0530	DEBUG	kafka/producer.go:48	published candle	{"symbol": "SBIN", "topic": "candles.1m", "time": "2025-12-08T12:14:00.000+0530"}
2025-12-08T12:15:00.665+0530	DEBUG	kafka/producer.go:48	published candle	{"symbol": "M&M", "topic": "candles.1m", "time": "2025-12-08T12:14:00.000+0530"}
2025-12-08T12:15:00.677+0530	DEBUG	kafka/producer.go:48	published candle	{"symbol": "ONGC", "topic": "candles.1m", "time": "2025-12-08T12:14:00.000+0530"}
2025-12-08T12:15:00.689+0530	DEBUG	kafka/producer.go:48	published candle	{"symbol": "BEL", "topic": "candles.1m", "time": "2025-12-08T12:14:00.000+0530"}
2025-12-08T12:15:00.700+0530	DEBUG	kafka/producer.go:48	published candle	{"symbol": "TECHM", "topic": "candles.1m", "time": "2025-12-08T12:14:00.000+0530"}
2025-12-08T12:15:00.712+0530	DEBUG	kafka/producer.go:48	published candle	{"symbol": "TRENT", "topic": "candles.1m", "time": "2025-12-08T12:14:00.000+0530"}
2025-12-08T12:15:00.723+0530	DEBUG	kafka/producer.go:48	published candle	{"symbol": "SUNPHARMA", "topic": "candles.1m", "time": "2025-12-08T12:14:00.000+0530"}
2025-12-08T12:15:00.735+0530	DEBUG	kafka/producer.go:48	published candle	{"symbol": "CIPLA", "topic": "candles.1m", "time": "2025-12-08T12:14:00.000+0530"}
2025-12-08T12:15:00.746+0530	DEBUG	kafka/producer.go:48	published candle	{"symbol": "MARUTI", "topic": "candles.1m", "time": "2025-12-08T12:14:00.000+0530"}
2025-12-08T12:15:00.758+0530	DEBUG	kafka/producer.go:48	published candle	{"symbol": "ITC", "topic": "candles.1m", "time": "2025-12-08T12:14:00.000+0530"}
2025-12-08T12:15:00.769+0530	DEBUG	kafka/producer.go:48	published candle	{"symbol": "ADANIPORTS", "topic": "candles.1m", "time": "2025-12-08T12:14:00.000+0530"}
2025-12-08T12:15:00.937+0530	DEBUG	kafka/producer.go:48	published candle	{"symbol": "ADANIENT", "topic": "candles.1m", "time": "2025-12-08T12:14:00.000+0530"}
2025-12-08T12:15:01.437+0530	DEBUG	kafka/producer.go:48	published candle	{"symbol": "HINDALCO", "topic": "candles.1m", "time": "2025-12-08T12:14:00.000+0530"}
2025-12-08T12:15:01.633+0530	DEBUG	kafka/producer.go:48	published candle	{"symbol": "JIOFIN", "topic": "candles.1m", "time": "2025-12-08T12:14:00.000+0530"}
2025-12-08T12:15:01.644+0530	DEBUG	kafka/producer.go:48	published candle	{"symbol": "BAJAJFINSV", "topic": "candles.1m", "time": "2025-12-08T12:14:00.000+0530"}
2025-12-08T12:15:01.655+0530	DEBUG	kafka/producer.go:48	published candle	{"symbol": "ASIANPAINT", "topic": "candles.1m", "time": "2025-12-08T12:14:00.000+0530"}
2025-12-08T12:15:01.670+0530	DEBUG	kafka/producer.go:48	published candle	{"symbol": "DRREDDY", "topic": "candles.1m", "time": "2025-12-08T12:14:00.000+0530"}
2025-12-08T12:15:01.682+0530	DEBUG	kafka/producer.go:48	published candle	{"symbol": "INDUSINDBK", "topic": "candles.1m", "time": "2025-12-08T12:14:00.000+0530"}
2025-12-08T12:15:01.693+0530	DEBUG	kafka/producer.go:48	published candle	{"symbol": "SBILIFE", "topic": "candles.1m", "time": "2025-12-08T12:14:00.000+0530"}
2025-12-08T12:15:01.705+0530	DEBUG	kafka/producer.go:48	published candle	{"symbol": "TATACONSUM", "topic": "candles.1m", "time": "2025-12-08T12:14:00.000+0530"}
2025-12-08T12:15:01.717+0530	DEBUG	kafka/producer.go:48	published candle	{"symbol": "HEROMOTOCO", "topic": "candles.1m", "time": "2025-12-08T12:14:00.000+0530"}
2025-12-08T12:15:01.837+0530	DEBUG	kafka/producer.go:48	published candle	{"symbol": "ULTRACEMCO", "topic": "candles.1m", "time": "2025-12-08T12:14:00.000+0530"}
2025-12-08T12:15:02.142+0530	DEBUG	kafka/producer.go:48	published candle	{"symbol": "EICHERMOT", "topic": "candles.1m", "time": "2025-12-08T12:14:00.000+0530"}
2025-12-08T12:15:02.635+0530	DEBUG	kafka/producer.go:48	published candle	{"symbol": "APOLLOHOSP", "topic": "candles.1m", "time": "2025-12-08T12:14:00.000+0530"}
2025-12-08T12:15:02.662+0530	DEBUG	kafka/producer.go:48	published candle	{"symbol": "GRASIM", "topic": "candles.1m", "time": "2025-12-08T12:14:00.000+0530"}
2025-12-08T12:15:02.674+0530	DEBUG	kafka/producer.go:48	published candle	{"symbol": "JSWSTEEL", "topic": "candles.1m", "time": "2025-12-08T12:14:00.000+0530"}
2025-12-08T12:16:00.022+0530	DEBUG	kafka/producer.go:48	published candle	{"symbol": "BEL", "topic": "candles.1m", "time": "2025-12-08T12:15:00.000+0530"}
2025-12-08T12:16:00.034+0530	DEBUG	kafka/producer.go:48	published candle	{"symbol": "HINDALCO", "topic": "candles.1m", "time": "2025-12-08T12:15:00.000+0530"}
2025-12-08T12:16:00.045+0530	DEBUG	kafka/producer.go:48	published candle	{"symbol": "POWERGRID", "topic": "candles.1m", "time": "2025-12-08T12:15:00.000+0530"}
2025-12-08T12:16:00.114+0530	DEBUG	kafka/producer.go:48	published candle	{"symbol": "BAJAJ", "topic": "candles.1m", "time": "2025-12-08T12:15:00.000+0530"}
2025-12-08T12:16:00.126+0530	DEBUG	kafka/producer.go:48	published candle	{"symbol": "ADANIENT", "topic": "candles.1m", "time": "2025-12-08T12:15:00.000+0530"}
2025-12-08T12:16:00.212+0530	DEBUG	kafka/producer.go:48	published candle	{"symbol": "SBIN", "topic": "candles.1m", "time": "2025-12-08T12:15:00.000+0530"}
2025-12-08T12:16:00.224+0530	DEBUG	kafka/producer.go:48	published candle	{"symbol": "INFY", "topic": "candles.1m", "time": "2025-12-08T12:15:00.000+0530"}
2025-12-08T12:16:00.236+0530	DEBUG	kafka/producer.go:48	published candle	{"symbol": "ICICIBANK", "topic": "candles.1m", "time": "2025-12-08T12:15:00.000+0530"}
2025-12-08T12:16:00.248+0530	DEBUG	kafka/producer.go:48	published candle	{"symbol": "LT", "topic": "candles.1m", "time": "2025-12-08T12:15:00.000+0530"}
2025-12-08T12:16:00.259+0530	DEBUG	kafka/producer.go:48	published candle	{"symbol": "TITAN", "topic": "candles.1m", "time": "2025-12-08T12:15:00.000+0530"}
2025-12-08T12:16:00.271+0530	DEBUG	kafka/producer.go:48	published candle	{"symbol": "BAJFINANCE", "topic": "candles.1m", "time": "2025-12-08T12:15:00.000+0530"}
2025-12-08T12:16:00.322+0530	DEBUG	kafka/producer.go:48	published candle	{"symbol": "HDFCBANK", "topic": "candles.1m", "time": "2025-12-08T12:15:00.000+0530"}
2025-12-08T12:16:00.333+0530	DEBUG	kafka/producer.go:48	published candle	{"symbol": "BHARTIARTL", "topic": "candles.1m", "time": "2025-12-08T12:15:00.000+0530"}
2025-12-08T12:16:00.344+0530	DEBUG	kafka/producer.go:48	published candle	{"symbol": "TECHM", "topic": "candles.1m", "time": "2025-12-08T12:15:00.000+0530"}
2025-12-08T12:16:00.355+0530	DEBUG	kafka/producer.go:48	published candle	{"symbol": "TRENT", "topic": "candles.1m", "time": "2025-12-08T12:15:00.000+0530"}
2025-12-08T12:16:00.414+0530	DEBUG	kafka/producer.go:48	published candle	{"symbol": "M&M", "topic": "candles.1m", "time": "2025-12-08T12:15:00.000+0530"}
2025-12-08T12:16:00.427+0530	DEBUG	kafka/producer.go:48	published candle	{"symbol": "SHRIRAMFIN", "topic": "candles.1m", "time": "2025-12-08T12:15:00.000+0530"}
2025-12-08T12:16:00.438+0530	DEBUG	kafka/producer.go:48	published candle	{"symbol": "COALINDIA", "topic": "candles.1m", "time": "2025-12-08T12:15:00.000+0530"}
2025-12-08T12:16:00.450+0530	DEBUG	kafka/producer.go:48	published candle	{"symbol": "AXISBANK", "topic": "candles.1m", "time": "2025-12-08T12:15:00.000+0530"}
2025-12-08T12:16:00.461+0530	DEBUG	kafka/producer.go:48	published candle	{"symbol": "BAJAJFINSV", "topic": "candles.1m", "time": "2025-12-08T12:15:00.000+0530"}
2025-12-08T12:16:00.528+0530	DEBUG	kafka/producer.go:48	published candle	{"symbol": "ZOMATO", "topic": "candles.1m", "time": "2025-12-08T12:15:00.000+0530"}
2025-12-08T12:16:00.552+0530	DEBUG	kafka/producer.go:48	published candle	{"symbol": "NTPC", "topic": "candles.1m", "time": "2025-12-08T12:15:00.000+0530"}
2025-12-08T12:16:00.564+0530	DEBUG	kafka/producer.go:48	published candle	{"symbol": "NESTLEIND", "topic": "candles.1m", "time": "2025-12-08T12:15:00.000+0530"}
2025-12-08T12:16:00.575+0530	DEBUG	kafka/producer.go:48	published candle	{"symbol": "HCLTECH", "topic": "candles.1m", "time": "2025-12-08T12:15:00.000+0530"}
2025-12-08T12:16:00.587+0530	DEBUG	kafka/producer.go:48	published candle	{"symbol": "MARUTI", "topic": "candles.1m", "time": "2025-12-08T12:15:00.000+0530"}
2025-12-08T12:16:00.613+0530	DEBUG	kafka/producer.go:48	published candle	{"symbol": "TATACONSUM", "topic": "candles.1m", "time": "2025-12-08T12:15:00.000+0530"}
2025-12-08T12:16:00.666+0530	DEBUG	kafka/producer.go:48	published candle	{"symbol": "RELIANCE", "topic": "candles.1m", "time": "2025-12-08T12:15:00.000+0530"}
2025-12-08T12:16:00.678+0530	DEBUG	kafka/producer.go:48	published candle	{"symbol": "TCS", "topic": "candles.1m", "time": "2025-12-08T12:15:00.000+0530"}
2025-12-08T12:16:00.689+0530	DEBUG	kafka/producer.go:48	published candle	{"symbol": "HDFCLIFE", "topic": "candles.1m", "time": "2025-12-08T12:15:00.000+0530"}
2025-12-08T12:16:00.700+0530	DEBUG	kafka/producer.go:48	published candle	{"symbol": "GRASIM", "topic": "candles.1m", "time": "2025-12-08T12:15:00.000+0530"}
2025-12-08T12:16:00.712+0530	DEBUG	kafka/producer.go:48	published candle	{"symbol": "ITC", "topic": "candles.1m", "time": "2025-12-08T12:15:00.000+0530"}
2025-12-08T12:16:00.723+0530	DEBUG	kafka/producer.go:48	published candle	{"symbol": "ONGC", "topic": "candles.1m", "time": "2025-12-08T12:15:00.000+0530"}
2025-12-08T12:16:00.735+0530	DEBUG	kafka/producer.go:48	published candle	{"symbol": "TATAMOTORS", "topic": "candles.1m", "time": "2025-12-08T12:15:00.000+0530"}
2025-12-08T12:16:00.747+0530	DEBUG	kafka/producer.go:48	published candle	{"symbol": "TATASTEEL", "topic": "candles.1m", "time": "2025-12-08T12:15:00.000+0530"}
2025-12-08T12:16:00.758+0530	DEBUG	kafka/producer.go:48	published candle	{"symbol": "WIPRO", "topic": "candles.1m", "time": "2025-12-08T12:15:00.000+0530"}
2025-12-08T12:16:00.770+0530	DEBUG	kafka/producer.go:48	published candle	{"symbol": "SUNPHARMA", "topic": "candles.1m", "time": "2025-12-08T12:15:00.000+0530"}
2025-12-08T12:16:00.913+0530	DEBUG	kafka/producer.go:48	published candle	{"symbol": "KOTAKBANK", "topic": "candles.1m", "time": "2025-12-08T12:15:00.000+0530"}
2025-12-08T12:16:00.925+0530	DEBUG	kafka/producer.go:48	published candle	{"symbol": "HINDUNILVR", "topic": "candles.1m", "time": "2025-12-08T12:15:00.000+0530"}
2025-12-08T12:16:00.935+0530	DEBUG	kafka/producer.go:48	published candle	{"symbol": "CIPLA", "topic": "candles.1m", "time": "2025-12-08T12:15:00.000+0530"}
2025-12-08T12:16:00.947+0530	DEBUG	kafka/producer.go:48	published candle	{"symbol": "ADANIPORTS", "topic": "candles.1m", "time": "2025-12-08T12:15:00.000+0530"}
2025-12-08T12:16:01.676+0530	DEBUG	kafka/producer.go:48	published candle	{"symbol": "JIOFIN", "topic": "candles.1m", "time": "2025-12-08T12:15:00.000+0530"}
2025-12-08T12:16:01.688+0530	DEBUG	kafka/producer.go:48	published candle	{"symbol": "DRREDDY", "topic": "candles.1m", "time": "2025-12-08T12:15:00.000+0530"}
2025-12-08T12:16:01.699+0530	DEBUG	kafka/producer.go:48	published candle	{"symbol": "INDUSINDBK", "topic": "candles.1m", "time": "2025-12-08T12:15:00.000+0530"}
2025-12-08T12:16:01.710+0530	DEBUG	kafka/producer.go:48	published candle	{"symbol": "ULTRACEMCO", "topic": "candles.1m", "time": "2025-12-08T12:15:00.000+0530"}
2025-12-08T12:16:01.721+0530	DEBUG	kafka/producer.go:48	published candle	{"symbol": "EICHERMOT", "topic": "candles.1m", "time": "2025-12-08T12:15:00.000+0530"}
2025-12-08T12:16:01.733+0530	DEBUG	kafka/producer.go:48	published candle	{"symbol": "HEROMOTOCO", "topic": "candles.1m", "time": "2025-12-08T12:15:00.000+0530"}
2025-12-08T12:16:01.744+0530	DEBUG	kafka/producer.go:48	published candle	{"symbol": "APOLLOHOSP", "topic": "candles.1m", "time": "2025-12-08T12:15:00.000+0530"}
2025-12-08T12:16:01.757+0530	DEBUG	kafka/producer.go:48	published candle	{"symbol": "JSWSTEEL", "topic": "candles.1m", "time": "2025-12-08T12:15:00.000+0530"}
2025-12-08T12:16:02.548+0530	DEBUG	kafka/producer.go:48	published candle	{"symbol": "ASIANPAINT", "topic": "candles.1m", "time": "2025-12-08T12:15:00.000+0530"}
2025-12-08T12:16:02.827+0530	DEBUG	kafka/producer.go:48	published candle	{"symbol": "SBILIFE", "topic": "candles.1m", "time": "2025-12-08T12:15:00.000+0530"}
2025-12-08T12:17:00.020+0530	DEBUG	kafka/producer.go:48	published candle	{"symbol": "RELIANCE", "topic": "candles.1m", "time": "2025-12-08T12:16:00.000+0530"}
2025-12-08T12:17:00.033+0530	DEBUG	kafka/producer.go:48	published candle	{"symbol": "HDFCLIFE", "topic": "candles.1m", "time": "2025-12-08T12:16:00.000+0530"}
2025-12-08T12:17:00.044+0530	DEBUG	kafka/producer.go:48	published candle	{"symbol": "HINDUNILVR", "topic": "candles.1m", "time": "2025-12-08T12:16:00.000+0530"}
2025-12-08T12:17:00.055+0530	DEBUG	kafka/producer.go:48	published candle	{"symbol": "WIPRO", "topic": "candles.1m", "time": "2025-12-08T12:16:00.000+0530"}
2025-12-08T12:17:00.097+0530	DEBUG	kafka/producer.go:48	published candle	{"symbol": "TCS", "topic": "candles.1m", "time": "2025-12-08T12:16:00.000+0530"}
2025-12-08T12:17:00.109+0530	DEBUG	kafka/producer.go:48	published candle	{"symbol": "AXISBANK", "topic": "candles.1m", "time": "2025-12-08T12:16:00.000+0530"}
2025-12-08T12:17:00.173+0530	DEBUG	kafka/producer.go:48	published candle	{"symbol": "APOLLOHOSP", "topic": "candles.1m", "time": "2025-12-08T12:16:00.000+0530"}
2025-12-08T12:17:00.184+0530	DEBUG	kafka/producer.go:48	published candle	{"symbol": "HEROMOTOCO", "topic": "candles.1m", "time": "2025-12-08T12:16:00.000+0530"}
2025-12-08T12:17:00.195+0530	DEBUG	kafka/producer.go:48	published candle	{"symbol": "GRASIM", "topic": "candles.1m", "time": "2025-12-08T12:16:00.000+0530"}
2025-12-08T12:17:00.206+0530	DEBUG	kafka/producer.go:48	published candle	{"symbol": "ONGC", "topic": "candles.1m", "time": "2025-12-08T12:16:00.000+0530"}
2025-12-08T12:17:00.218+0530	DEBUG	kafka/producer.go:48	published candle	{"symbol": "SBIN", "topic": "candles.1m", "time": "2025-12-08T12:16:00.000+0530"}
2025-12-08T12:17:00.229+0530	DEBUG	kafka/producer.go:48	published candle	{"symbol": "SUNPHARMA", "topic": "candles.1m", "time": "2025-12-08T12:16:00.000+0530"}
2025-12-08T12:17:00.240+0530	DEBUG	kafka/producer.go:48	published candle	{"symbol": "TATACONSUM", "topic": "candles.1m", "time": "2025-12-08T12:16:00.000+0530"}
2025-12-08T12:17:00.252+0530	DEBUG	kafka/producer.go:48	published candle	{"symbol": "TATAMOTORS", "topic": "candles.1m", "time": "2025-12-08T12:16:00.000+0530"}
2025-12-08T12:17:00.263+0530	DEBUG	kafka/producer.go:48	published candle	{"symbol": "TATASTEEL", "topic": "candles.1m", "time": "2025-12-08T12:16:00.000+0530"}
2025-12-08T12:17:00.274+0530	DEBUG	kafka/producer.go:48	published candle	{"symbol": "TITAN", "topic": "candles.1m", "time": "2025-12-08T12:16:00.000+0530"}
2025-12-08T12:17:00.285+0530	DEBUG	kafka/producer.go:48	published candle	{"symbol": "SHRIRAMFIN", "topic": "candles.1m", "time": "2025-12-08T12:16:00.000+0530"}
2025-12-08T12:17:00.296+0530	DEBUG	kafka/producer.go:48	published candle	{"symbol": "TECHM", "topic": "candles.1m", "time": "2025-12-08T12:16:00.000+0530"}
2025-12-08T12:17:00.307+0530	DEBUG	kafka/producer.go:48	published candle	{"symbol": "SBILIFE", "topic": "candles.1m", "time": "2025-12-08T12:16:00.000+0530"}
2025-12-08T12:17:00.319+0530	DEBUG	kafka/producer.go:48	published candle	{"symbol": "BAJFINANCE", "topic": "candles.1m", "time": "2025-12-08T12:16:00.000+0530"}
2025-12-08T12:17:00.330+0530	DEBUG	kafka/producer.go:48	published candle	{"symbol": "BEL", "topic": "candles.1m", "time": "2025-12-08T12:16:00.000+0530"}
2025-12-08T12:17:00.341+0530	DEBUG	kafka/producer.go:48	published candle	{"symbol": "HDFCBANK", "topic": "candles.1m", "time": "2025-12-08T12:16:00.000+0530"}
2025-12-08T12:17:00.352+0530	DEBUG	kafka/producer.go:48	published candle	{"symbol": "HINDALCO", "topic": "candles.1m", "time": "2025-12-08T12:16:00.000+0530"}
2025-12-08T12:17:00.364+0530	DEBUG	kafka/producer.go:48	published candle	{"symbol": "HCLTECH", "topic": "candles.1m", "time": "2025-12-08T12:16:00.000+0530"}
2025-12-08T12:17:00.375+0530	DEBUG	kafka/producer.go:48	published candle	{"symbol": "BHARTIARTL", "topic": "candles.1m", "time": "2025-12-08T12:16:00.000+0530"}
2025-12-08T12:17:00.386+0530	DEBUG	kafka/producer.go:48	published candle	{"symbol": "ULTRACEMCO", "topic": "candles.1m", "time": "2025-12-08T12:16:00.000+0530"}
2025-12-08T12:17:00.397+0530	DEBUG	kafka/producer.go:48	published candle	{"symbol": "JSWSTEEL", "topic": "candles.1m", "time": "2025-12-08T12:16:00.000+0530"}
2025-12-08T12:17:00.409+0530	DEBUG	kafka/producer.go:48	published candle	{"symbol": "BAJAJFINSV", "topic": "candles.1m", "time": "2025-12-08T12:16:00.000+0530"}
2025-12-08T12:17:00.420+0530	DEBUG	kafka/producer.go:48	published candle	{"symbol": "JIOFIN", "topic": "candles.1m", "time": "2025-12-08T12:16:00.000+0530"}
2025-12-08T12:17:00.431+0530	DEBUG	kafka/producer.go:48	published candle	{"symbol": "EICHERMOT", "topic": "candles.1m", "time": "2025-12-08T12:16:00.000+0530"}
2025-12-08T12:17:00.443+0530	DEBUG	kafka/producer.go:48	published candle	{"symbol": "INFY", "topic": "candles.1m", "time": "2025-12-08T12:16:00.000+0530"}
2025-12-08T12:17:00.454+0530	DEBUG	kafka/producer.go:48	published candle	{"symbol": "ITC", "topic": "candles.1m", "time": "2025-12-08T12:16:00.000+0530"}
2025-12-08T12:17:00.466+0530	DEBUG	kafka/producer.go:48	published candle	{"symbol": "M&M", "topic": "candles.1m", "time": "2025-12-08T12:16:00.000+0530"}
2025-12-08T12:17:00.477+0530	DEBUG	kafka/producer.go:48	published candle	{"symbol": "ICICIBANK", "topic": "candles.1m", "time": "2025-12-08T12:16:00.000+0530"}
2025-12-08T12:17:00.488+0530	DEBUG	kafka/producer.go:48	published candle	{"symbol": "ZOMATO", "topic": "candles.1m", "time": "2025-12-08T12:16:00.000+0530"}
2025-12-08T12:17:00.499+0530	DEBUG	kafka/producer.go:48	published candle	{"symbol": "INDUSINDBK", "topic": "candles.1m", "time": "2025-12-08T12:16:00.000+0530"}
2025-12-08T12:17:00.510+0530	DEBUG	kafka/producer.go:48	published candle	{"symbol": "NTPC", "topic": "candles.1m", "time": "2025-12-08T12:16:00.000+0530"}
2025-12-08T12:17:00.521+0530	DEBUG	kafka/producer.go:48	published candle	{"symbol": "NESTLEIND", "topic": "candles.1m", "time": "2025-12-08T12:16:00.000+0530"}
2025-12-08T12:17:00.533+0530	DEBUG	kafka/producer.go:48	published candle	{"symbol": "CIPLA", "topic": "candles.1m", "time": "2025-12-08T12:16:00.000+0530"}
2025-12-08T12:17:00.544+0530	DEBUG	kafka/producer.go:48	published candle	{"symbol": "DRREDDY", "topic": "candles.1m", "time": "2025-12-08T12:16:00.000+0530"}
2025-12-08T12:17:00.556+0530	DEBUG	kafka/producer.go:48	published candle	{"symbol": "POWERGRID", "topic": "candles.1m", "time": "2025-12-08T12:16:00.000+0530"}
2025-12-08T12:17:00.567+0530	DEBUG	kafka/producer.go:48	published candle	{"symbol": "COALINDIA", "topic": "candles.1m", "time": "2025-12-08T12:16:00.000+0530"}
2025-12-08T12:17:00.578+0530	DEBUG	kafka/producer.go:48	published candle	{"symbol": "ASIANPAINT", "topic": "candles.1m", "time": "2025-12-08T12:16:00.000+0530"}
2025-12-08T12:17:00.589+0530	DEBUG	kafka/producer.go:48	published candle	{"symbol": "KOTAKBANK", "topic": "candles.1m", "time": "2025-12-08T12:16:00.000+0530"}
2025-12-08T12:17:00.600+0530	DEBUG	kafka/producer.go:48	published candle	{"symbol": "LT", "topic": "candles.1m", "time": "2025-12-08T12:16:00.000+0530"}
2025-12-08T12:17:00.611+0530	DEBUG	kafka/producer.go:48	published candle	{"symbol": "ADANIPORTS", "topic": "candles.1m", "time": "2025-12-08T12:16:00.000+0530"}
2025-12-08T12:17:00.623+0530	DEBUG	kafka/producer.go:48	published candle	{"symbol": "ADANIENT", "topic": "candles.1m", "time": "2025-12-08T12:16:00.000+0530"}
2025-12-08T12:17:00.634+0530	DEBUG	kafka/producer.go:48	published candle	{"symbol": "TRENT", "topic": "candles.1m", "time": "2025-12-08T12:16:00.000+0530"}
2025-12-08T12:17:00.645+0530	DEBUG	kafka/producer.go:48	published candle	{"symbol": "MARUTI", "topic": "candles.1m", "time": "2025-12-08T12:16:00.000+0530"}
2025-12-08T12:17:00.656+0530	DEBUG	kafka/producer.go:48	published candle	{"symbol": "BAJAJ", "topic": "candles.1m", "time": "2025-12-08T12:16:00.000+0530"}
2025-12-08T12:18:00.071+0530	DEBUG	kafka/producer.go:48	published candle	{"symbol": "ICICIBANK", "topic": "candles.1m", "time": "2025-12-08T12:17:00.000+0530"}
2025-12-08T12:18:00.084+0530	DEBUG	kafka/producer.go:48	published candle	{"symbol": "ZOMATO", "topic": "candles.1m", "time": "2025-12-08T12:17:00.000+0530"}
2025-12-08T12:18:00.096+0530	DEBUG	kafka/producer.go:48	published candle	{"symbol": "BHARTIARTL", "topic": "candles.1m", "time": "2025-12-08T12:17:00.000+0530"}
2025-12-08T12:18:00.107+0530	DEBUG	kafka/producer.go:48	published candle	{"symbol": "JSWSTEEL", "topic": "candles.1m", "time": "2025-12-08T12:17:00.000+0530"}
2025-12-08T12:18:00.175+0530	DEBUG	kafka/producer.go:48	published candle	{"symbol": "TRENT", "topic": "candles.1m", "time": "2025-12-08T12:17:00.000+0530"}
2025-12-08T12:18:00.186+0530	DEBUG	kafka/producer.go:48	published candle	{"symbol": "HDFCBANK", "topic": "candles.1m", "time": "2025-12-08T12:17:00.000+0530"}
2025-12-08T12:18:00.197+0530	DEBUG	kafka/producer.go:48	published candle	{"symbol": "BAJAJ", "topic": "candles.1m", "time": "2025-12-08T12:17:00.000+0530"}
2025-12-08T12:18:00.272+0530	DEBUG	kafka/producer.go:48	published candle	{"symbol": "M&M", "topic": "candles.1m", "time": "2025-12-08T12:17:00.000+0530"}
2025-12-08T12:18:00.284+0530	DEBUG	kafka/producer.go:48	published candle	{"symbol": "TITAN", "topic": "candles.1m", "time": "2025-12-08T12:17:00.000+0530"}
2025-12-08T12:18:00.295+0530	DEBUG	kafka/producer.go:48	published candle	{"symbol": "HCLTECH", "topic": "candles.1m", "time": "2025-12-08T12:17:00.000+0530"}
2025-12-08T12:18:00.495+0530	DEBUG	kafka/producer.go:48	published candle	{"symbol": "RELIANCE", "topic": "candles.1m", "time": "2025-12-08T12:17:00.000+0530"}
2025-12-08T12:18:00.507+0530	DEBUG	kafka/producer.go:48	published candle	{"symbol": "INFY", "topic": "candles.1m", "time": "2025-12-08T12:17:00.000+0530"}
2025-12-08T12:18:00.519+0530	DEBUG	kafka/producer.go:48	published candle	{"symbol": "LT", "topic": "candles.1m", "time": "2025-12-08T12:17:00.000+0530"}
2025-12-08T12:18:00.530+0530	DEBUG	kafka/producer.go:48	published candle	{"symbol": "HINDUNILVR", "topic": "candles.1m", "time": "2025-12-08T12:17:00.000+0530"}
2025-12-08T12:18:00.574+0530	DEBUG	kafka/producer.go:48	published candle	{"symbol": "TCS", "topic": "candles.1m", "time": "2025-12-08T12:17:00.000+0530"}
2025-12-08T12:18:00.673+0530	DEBUG	kafka/producer.go:48	published candle	{"symbol": "SHRIRAMFIN", "topic": "candles.1m", "time": "2025-12-08T12:17:00.000+0530"}
2025-12-08T12:18:00.702+0530	DEBUG	kafka/producer.go:48	published candle	{"symbol": "SBIN", "topic": "candles.1m", "time": "2025-12-08T12:17:00.000+0530"}
2025-12-08T12:18:00.713+0530	DEBUG	kafka/producer.go:48	published candle	{"symbol": "ONGC", "topic": "candles.1m", "time": "2025-12-08T12:17:00.000+0530"}
2025-12-08T12:18:00.724+0530	DEBUG	kafka/producer.go:48	published candle	{"symbol": "AXISBANK", "topic": "candles.1m", "time": "2025-12-08T12:17:00.000+0530"}
2025-12-08T12:18:00.736+0530	DEBUG	kafka/producer.go:48	published candle	{"symbol": "BEL", "topic": "candles.1m", "time": "2025-12-08T12:17:00.000+0530"}
2025-12-08T12:18:00.748+0530	DEBUG	kafka/producer.go:48	published candle	{"symbol": "NTPC", "topic": "candles.1m", "time": "2025-12-08T12:17:00.000+0530"}
2025-12-08T12:18:00.774+0530	DEBUG	kafka/producer.go:48	published candle	{"symbol": "CIPLA", "topic": "candles.1m", "time": "2025-12-08T12:17:00.000+0530"}
2025-12-08T12:18:00.876+0530	DEBUG	kafka/producer.go:48	published candle	{"symbol": "TECHM", "topic": "candles.1m", "time": "2025-12-08T12:17:00.000+0530"}
2025-12-08T12:18:01.715+0530	DEBUG	kafka/producer.go:48	published candle	{"symbol": "NESTLEIND", "topic": "candles.1m", "time": "2025-12-08T12:17:00.000+0530"}
2025-12-08T12:18:01.727+0530	DEBUG	kafka/producer.go:48	published candle	{"symbol": "POWERGRID", "topic": "candles.1m", "time": "2025-12-08T12:17:00.000+0530"}
2025-12-08T12:18:01.738+0530	DEBUG	kafka/producer.go:48	published candle	{"symbol": "TATAMOTORS", "topic": "candles.1m", "time": "2025-12-08T12:17:00.000+0530"}
2025-12-08T12:18:01.749+0530	DEBUG	kafka/producer.go:48	published candle	{"symbol": "ADANIENT", "topic": "candles.1m", "time": "2025-12-08T12:17:00.000+0530"}
2025-12-08T12:18:01.761+0530	DEBUG	kafka/producer.go:48	published candle	{"symbol": "TATASTEEL", "topic": "candles.1m", "time": "2025-12-08T12:17:00.000+0530"}
2025-12-08T12:18:01.772+0530	DEBUG	kafka/producer.go:48	published candle	{"symbol": "WIPRO", "topic": "candles.1m", "time": "2025-12-08T12:17:00.000+0530"}
2025-12-08T12:18:01.784+0530	DEBUG	kafka/producer.go:48	published candle	{"symbol": "BAJFINANCE", "topic": "candles.1m", "time": "2025-12-08T12:17:00.000+0530"}
2025-12-08T12:18:01.795+0530	DEBUG	kafka/producer.go:48	published candle	{"symbol": "SUNPHARMA", "topic": "candles.1m", "time": "2025-12-08T12:17:00.000+0530"}
2025-12-08T12:18:01.807+0530	DEBUG	kafka/producer.go:48	published candle	{"symbol": "COALINDIA", "topic": "candles.1m", "time": "2025-12-08T12:17:00.000+0530"}
2025-12-08T12:18:01.819+0530	DEBUG	kafka/producer.go:48	published candle	{"symbol": "MARUTI", "topic": "candles.1m", "time": "2025-12-08T12:17:00.000+0530"}
2025-12-08T12:18:01.830+0530	DEBUG	kafka/producer.go:48	published candle	{"symbol": "ITC", "topic": "candles.1m", "time": "2025-12-08T12:17:00.000+0530"}
2025-12-08T12:18:01.842+0530	DEBUG	kafka/producer.go:48	published candle	{"symbol": "HINDALCO", "topic": "candles.1m", "time": "2025-12-08T12:17:00.000+0530"}
2025-12-08T12:18:02.678+0530	DEBUG	kafka/producer.go:48	published candle	{"symbol": "ADANIPORTS", "topic": "candles.1m", "time": "2025-12-08T12:17:00.000+0530"}
2025-12-08T12:18:02.712+0530	DEBUG	kafka/producer.go:48	published candle	{"symbol": "JIOFIN", "topic": "candles.1m", "time": "2025-12-08T12:17:00.000+0530"}
2025-12-08T12:18:02.724+0530	DEBUG	kafka/producer.go:48	published candle	{"symbol": "BAJAJFINSV", "topic": "candles.1m", "time": "2025-12-08T12:17:00.000+0530"}
2025-12-08T12:18:02.735+0530	DEBUG	kafka/producer.go:48	published candle	{"symbol": "HDFCLIFE", "topic": "candles.1m", "time": "2025-12-08T12:17:00.000+0530"}
2025-12-08T12:18:02.746+0530	DEBUG	kafka/producer.go:48	published candle	{"symbol": "ASIANPAINT", "topic": "candles.1m", "time": "2025-12-08T12:17:00.000+0530"}
2025-12-08T12:18:02.758+0530	DEBUG	kafka/producer.go:48	published candle	{"symbol": "DRREDDY", "topic": "candles.1m", "time": "2025-12-08T12:17:00.000+0530"}
2025-12-08T12:18:02.768+0530	DEBUG	kafka/producer.go:48	published candle	{"symbol": "INDUSINDBK", "topic": "candles.1m", "time": "2025-12-08T12:17:00.000+0530"}
2025-12-08T12:18:02.779+0530	DEBUG	kafka/producer.go:48	published candle	{"symbol": "KOTAKBANK", "topic": "candles.1m", "time": "2025-12-08T12:17:00.000+0530"}
2025-12-08T12:18:02.791+0530	DEBUG	kafka/producer.go:48	published candle	{"symbol": "SBILIFE", "topic": "candles.1m", "time": "2025-12-08T12:17:00.000+0530"}
2025-12-08T12:18:02.802+0530	DEBUG	kafka/producer.go:48	published candle	{"symbol": "ULTRACEMCO", "topic": "candles.1m", "time": "2025-12-08T12:17:00.000+0530"}
2025-12-08T12:18:02.813+0530	DEBUG	kafka/producer.go:48	published candle	{"symbol": "EICHERMOT", "topic": "candles.1m", "time": "2025-12-08T12:17:00.000+0530"}
2025-12-08T12:18:02.824+0530	DEBUG	kafka/producer.go:48	published candle	{"symbol": "HEROMOTOCO", "topic": "candles.1m", "time": "2025-12-08T12:17:00.000+0530"}
2025-12-08T12:18:02.836+0530	DEBUG	kafka/producer.go:48	published candle	{"symbol": "APOLLOHOSP", "topic": "candles.1m", "time": "2025-12-08T12:17:00.000+0530"}
2025-12-08T12:18:02.847+0530	DEBUG	kafka/producer.go:48	published candle	{"symbol": "GRASIM", "topic": "candles.1m", "time": "2025-12-08T12:17:00.000+0530"}
2025-12-08T12:18:04.016+0530	DEBUG	kafka/producer.go:48	published candle	{"symbol": "TATACONSUM", "topic": "candles.1m", "time": "2025-12-08T12:17:00.000+0530"}
2025-12-08T12:19:00.224+0530	DEBUG	kafka/producer.go:48	published candle	{"symbol": "TECHM", "topic": "candles.1m", "time": "2025-12-08T12:18:00.000+0530"}
2025-12-08T12:19:00.236+0530	DEBUG	kafka/producer.go:48	published candle	{"symbol": "HINDUNILVR", "topic": "candles.1m", "time": "2025-12-08T12:18:00.000+0530"}
2025-12-08T12:19:00.247+0530	DEBUG	kafka/producer.go:48	published candle	{"symbol": "INFY", "topic": "candles.1m", "time": "2025-12-08T12:18:00.000+0530"}
2025-12-08T12:19:00.259+0530	DEBUG	kafka/producer.go:48	published candle	{"symbol": "SBIN", "topic": "candles.1m", "time": "2025-12-08T12:18:00.000+0530"}
2025-12-08T12:19:00.271+0530	DEBUG	kafka/producer.go:48	published candle	{"symbol": "LT", "topic": "candles.1m", "time": "2025-12-08T12:18:00.000+0530"}
2025-12-08T12:19:00.282+0530	DEBUG	kafka/producer.go:48	published candle	{"symbol": "TCS", "topic": "candles.1m", "time": "2025-12-08T12:18:00.000+0530"}
2025-12-08T12:19:00.293+0530	DEBUG	kafka/producer.go:48	published candle	{"symbol": "AXISBANK", "topic": "candles.1m", "time": "2025-12-08T12:18:00.000+0530"}
2025-12-08T12:19:00.352+0530	DEBUG	kafka/producer.go:48	published candle	{"symbol": "TATACONSUM", "topic": "candles.1m", "time": "2025-12-08T12:18:00.000+0530"}
2025-12-08T12:19:00.363+0530	DEBUG	kafka/producer.go:48	published candle	{"symbol": "SHRIRAMFIN", "topic": "candles.1m", "time": "2025-12-08T12:18:00.000+0530"}
2025-12-08T12:19:00.375+0530	DEBUG	kafka/producer.go:48	published candle	{"symbol": "CIPLA", "topic": "candles.1m", "time": "2025-12-08T12:18:00.000+0530"}
2025-12-08T12:19:00.387+0530	DEBUG	kafka/producer.go:48	published candle	{"symbol": "TRENT", "topic": "candles.1m", "time": "2025-12-08T12:18:00.000+0530"}
2025-12-08T12:19:00.398+0530	DEBUG	kafka/producer.go:48	published candle	{"symbol": "RELIANCE", "topic": "candles.1m", "time": "2025-12-08T12:18:00.000+0530"}
2025-12-08T12:19:00.450+0530	DEBUG	kafka/producer.go:48	published candle	{"symbol": "NTPC", "topic": "candles.1m", "time": "2025-12-08T12:18:00.000+0530"}
2025-12-08T12:19:00.462+0530	DEBUG	kafka/producer.go:48	published candle	{"symbol": "INDUSINDBK", "topic": "candles.1m", "time": "2025-12-08T12:18:00.000+0530"}
2025-12-08T12:19:00.473+0530	DEBUG	kafka/producer.go:48	published candle	{"symbol": "GRASIM", "topic": "candles.1m", "time": "2025-12-08T12:18:00.000+0530"}
2025-12-08T12:19:00.838+0530	DEBUG	kafka/producer.go:48	published candle	{"symbol": "ONGC", "topic": "candles.1m", "time": "2025-12-08T12:18:00.000+0530"}
2025-12-08T12:19:00.851+0530	DEBUG	kafka/producer.go:48	published candle	{"symbol": "ZOMATO", "topic": "candles.1m", "time": "2025-12-08T12:18:00.000+0530"}
2025-12-08T12:19:00.863+0530	DEBUG	kafka/producer.go:48	published candle	{"symbol": "ICICIBANK", "topic": "candles.1m", "time": "2025-12-08T12:18:00.000+0530"}
2025-12-08T12:19:00.874+0530	DEBUG	kafka/producer.go:48	published candle	{"symbol": "HDFCBANK", "topic": "candles.1m", "time": "2025-12-08T12:18:00.000+0530"}
2025-12-08T12:19:00.886+0530	DEBUG	kafka/producer.go:48	published candle	{"symbol": "HCLTECH", "topic": "candles.1m", "time": "2025-12-08T12:18:00.000+0530"}
2025-12-08T12:19:00.898+0530	DEBUG	kafka/producer.go:48	published candle	{"symbol": "BEL", "topic": "candles.1m", "time": "2025-12-08T12:18:00.000+0530"}
2025-12-08T12:19:00.909+0530	DEBUG	kafka/producer.go:48	published candle	{"symbol": "HINDALCO", "topic": "candles.1m", "time": "2025-12-08T12:18:00.000+0530"}
2025-12-08T12:19:00.921+0530	DEBUG	kafka/producer.go:48	published candle	{"symbol": "BHARTIARTL", "topic": "candles.1m", "time": "2025-12-08T12:18:00.000+0530"}
2025-12-08T12:19:00.932+0530	DEBUG	kafka/producer.go:48	published candle	{"symbol": "NESTLEIND", "topic": "candles.1m", "time": "2025-12-08T12:18:00.000+0530"}
2025-12-08T12:19:00.944+0530	DEBUG	kafka/producer.go:48	published candle	{"symbol": "POWERGRID", "topic": "candles.1m", "time": "2025-12-08T12:18:00.000+0530"}
2025-12-08T12:19:00.956+0530	DEBUG	kafka/producer.go:48	published candle	{"symbol": "TATAMOTORS", "topic": "candles.1m", "time": "2025-12-08T12:18:00.000+0530"}
2025-12-08T12:19:00.966+0530	DEBUG	kafka/producer.go:48	published candle	{"symbol": "TATASTEEL", "topic": "candles.1m", "time": "2025-12-08T12:18:00.000+0530"}
2025-12-08T12:19:00.978+0530	DEBUG	kafka/producer.go:48	published candle	{"symbol": "BAJAJ", "topic": "candles.1m", "time": "2025-12-08T12:18:00.000+0530"}
2025-12-08T12:19:00.989+0530	DEBUG	kafka/producer.go:48	published candle	{"symbol": "WIPRO", "topic": "candles.1m", "time": "2025-12-08T12:18:00.000+0530"}
2025-12-08T12:19:01.001+0530	DEBUG	kafka/producer.go:48	published candle	{"symbol": "BAJFINANCE", "topic": "candles.1m", "time": "2025-12-08T12:18:00.000+0530"}
2025-12-08T12:19:01.013+0530	DEBUG	kafka/producer.go:48	published candle	{"symbol": "M&M", "topic": "candles.1m", "time": "2025-12-08T12:18:00.000+0530"}
2025-12-08T12:19:01.024+0530	DEBUG	kafka/producer.go:48	published candle	{"symbol": "ADANIPORTS", "topic": "candles.1m", "time": "2025-12-08T12:18:00.000+0530"}
2025-12-08T12:19:01.036+0530	DEBUG	kafka/producer.go:48	published candle	{"symbol": "ITC", "topic": "candles.1m", "time": "2025-12-08T12:18:00.000+0530"}
2025-12-08T12:19:01.048+0530	DEBUG	kafka/producer.go:48	published candle	{"symbol": "JIOFIN", "topic": "candles.1m", "time": "2025-12-08T12:18:00.000+0530"}
2025-12-08T12:19:01.059+0530	DEBUG	kafka/producer.go:48	published candle	{"symbol": "BAJAJFINSV", "topic": "candles.1m", "time": "2025-12-08T12:18:00.000+0530"}
2025-12-08T12:19:01.071+0530	DEBUG	kafka/producer.go:48	published candle	{"symbol": "DRREDDY", "topic": "candles.1m", "time": "2025-12-08T12:18:00.000+0530"}
2025-12-08T12:19:01.082+0530	DEBUG	kafka/producer.go:48	published candle	{"symbol": "ASIANPAINT", "topic": "candles.1m", "time": "2025-12-08T12:18:00.000+0530"}
2025-12-08T12:19:01.094+0530	DEBUG	kafka/producer.go:48	published candle	{"symbol": "TITAN", "topic": "candles.1m", "time": "2025-12-08T12:18:00.000+0530"}
2025-12-08T12:19:01.350+0530	DEBUG	kafka/producer.go:48	published candle	{"symbol": "ADANIENT", "topic": "candles.1m", "time": "2025-12-08T12:18:00.000+0530"}
2025-12-08T12:19:01.730+0530	DEBUG	kafka/producer.go:48	published candle	{"symbol": "KOTAKBANK", "topic": "candles.1m", "time": "2025-12-08T12:18:00.000+0530"}
2025-12-08T12:19:01.741+0530	DEBUG	kafka/producer.go:48	published candle	{"symbol": "SBILIFE", "topic": "candles.1m", "time": "2025-12-08T12:18:00.000+0530"}
2025-12-08T12:19:01.753+0530	DEBUG	kafka/producer.go:48	published candle	{"symbol": "ULTRACEMCO", "topic": "candles.1m", "time": "2025-12-08T12:18:00.000+0530"}
2025-12-08T12:19:01.765+0530	DEBUG	kafka/producer.go:48	published candle	{"symbol": "HEROMOTOCO", "topic": "candles.1m", "time": "2025-12-08T12:18:00.000+0530"}
2025-12-08T12:19:01.776+0530	DEBUG	kafka/producer.go:48	published candle	{"symbol": "APOLLOHOSP", "topic": "candles.1m", "time": "2025-12-08T12:18:00.000+0530"}
2025-12-08T12:19:01.949+0530	DEBUG	kafka/producer.go:48	published candle	{"symbol": "SUNPHARMA", "topic": "candles.1m", "time": "2025-12-08T12:18:00.000+0530"}
2025-12-08T12:19:02.387+0530	DEBUG	kafka/producer.go:48	published candle	{"symbol": "COALINDIA", "topic": "candles.1m", "time": "2025-12-08T12:18:00.000+0530"}
2025-12-08T12:19:02.399+0530	DEBUG	kafka/producer.go:48	published candle	{"symbol": "MARUTI", "topic": "candles.1m", "time": "2025-12-08T12:18:00.000+0530"}
2025-12-08T12:19:02.747+0530	DEBUG	kafka/producer.go:48	published candle	{"symbol": "HDFCLIFE", "topic": "candles.1m", "time": "2025-12-08T12:18:00.000+0530"}
2025-12-08T12:19:03.251+0530	DEBUG	kafka/producer.go:48	published candle	{"symbol": "EICHERMOT", "topic": "candles.1m", "time": "2025-12-08T12:18:00.000+0530"}
2025-12-08T12:19:03.742+0530	DEBUG	kafka/producer.go:48	published candle	{"symbol": "JSWSTEEL", "topic": "candles.1m", "time": "2025-12-08T12:18:00.000+0530"}
2025-12-08T12:58:03.655+0530	INFO	runtime/asm_arm64.s:1223	received signal; shutting down	{"signal": "terminated"}
2025-12-08T12:58:03.655+0530	INFO	runtime/asm_arm64.s:1223	received signal; shutting down	{"signal": "terminated"}
2025-12-08T12:58:03.655+0530	INFO	runtime/asm_arm64.s:1223	received signal; shutting down	{"signal": "terminated"}
2025-12-08T12:58:03.656+0530	INFO	marketdata/main.go:25	context cancelled; exiting main loop
2025-12-08T12:58:03.656+0530	INFO	marketdata/main.go:25	context cancelled; exiting main loop
2025-12-08T12:58:03.656+0530	INFO	marketdata/main.go:25	shutdown complete
2025-12-08T12:58:03.657+0530	INFO	marketdata/main.go:25	context cancelled; exiting main loop
2025-12-08T12:58:03.668+0530	DEBUG	kafka/producer.go:48	published candle	{"symbol": "TCS", "topic": "candles.1m", "time": "2025-12-08T12:19:00.000+0530"}
2025-12-08T12:58:03.679+0530	DEBUG	kafka/producer.go:48	published candle	{"symbol": "TRENT", "topic": "candles.1m", "time": "2025-12-08T12:19:00.000+0530"}
2025-12-08T12:58:03.690+0530	DEBUG	kafka/producer.go:48	published candle	{"symbol": "AXISBANK", "topic": "candles.1m", "time": "2025-12-08T12:19:00.000+0530"}
2025-12-08T12:58:03.702+0530	DEBUG	kafka/producer.go:48	published candle	{"symbol": "INDUSINDBK", "topic": "candles.1m", "time": "2025-12-08T12:19:00.000+0530"}
2025-12-08T12:58:03.713+0530	DEBUG	kafka/producer.go:48	published candle	{"symbol": "EICHERMOT", "topic": "candles.1m", "time": "2025-12-08T12:19:00.000+0530"}
2025-12-08T12:58:03.724+0530	DEBUG	kafka/producer.go:48	published candle	{"symbol": "COALINDIA", "topic": "candles.1m", "time": "2025-12-08T12:19:00.000+0530"}
2025-12-08T12:58:03.736+0530	DEBUG	kafka/producer.go:48	published candle	{"symbol": "HCLTECH", "topic": "candles.1m", "time": "2025-12-08T12:19:00.000+0530"}
2025-12-08T12:58:03.747+0530	DEBUG	kafka/producer.go:48	published candle	{"symbol": "BAJAJFINSV", "topic": "candles.1m", "time": "2025-12-08T12:19:00.000+0530"}
2025-12-08T12:58:03.759+0530	DEBUG	kafka/producer.go:48	published candle	{"symbol": "POWERGRID", "topic": "candles.1m", "time": "2025-12-08T12:19:00.000+0530"}
2025-12-08T12:58:03.770+0530	DEBUG	kafka/producer.go:48	published candle	{"symbol": "ONGC", "topic": "candles.1m", "time": "2025-12-08T12:19:00.000+0530"}
2025-12-08T12:58:03.782+0530	DEBUG	kafka/producer.go:48	published candle	{"symbol": "SBILIFE", "topic": "candles.1m", "time": "2025-12-08T12:19:00.000+0530"}
2025-12-08T12:58:03.792+0530	DEBUG	kafka/producer.go:48	published candle	{"symbol": "SBIN", "topic": "candles.1m", "time": "2025-12-08T12:19:00.000+0530"}
2025-12-08T12:58:03.804+0530	DEBUG	kafka/producer.go:48	published candle	{"symbol": "HINDUNILVR", "topic": "candles.1m", "time": "2025-12-08T12:19:00.000+0530"}
2025-12-08T12:58:03.815+0530	DEBUG	kafka/producer.go:48	published candle	{"symbol": "MARUTI", "topic": "candles.1m", "time": "2025-12-08T12:19:00.000+0530"}
2025-12-08T12:58:03.826+0530	DEBUG	kafka/producer.go:48	published candle	{"symbol": "ADANIPORTS", "topic": "candles.1m", "time": "2025-12-08T12:19:00.000+0530"}
2025-12-08T12:58:03.837+0530	DEBUG	kafka/producer.go:48	published candle	{"symbol": "WIPRO", "topic": "candles.1m", "time": "2025-12-08T12:19:00.000+0530"}
2025-12-08T12:58:03.848+0530	DEBUG	kafka/producer.go:48	published candle	{"symbol": "APOLLOHOSP", "topic": "candles.1m", "time": "2025-12-08T12:19:00.000+0530"}
2025-12-08T12:58:03.859+0530	DEBUG	kafka/producer.go:48	published candle	{"symbol": "DRREDDY", "topic": "candles.1m", "time": "2025-12-08T12:19:00.000+0530"}
2025-12-08T12:58:03.871+0530	DEBUG	kafka/producer.go:48	published candle	{"symbol": "KOTAKBANK", "topic": "candles.1m", "time": "2025-12-08T12:19:00.000+0530"}
2025-12-08T12:58:03.881+0530	DEBUG	kafka/producer.go:48	published candle	{"symbol": "CIPLA", "topic": "candles.1m", "time": "2025-12-08T12:19:00.000+0530"}
2025-12-08T12:58:03.893+0530	DEBUG	kafka/producer.go:48	published candle	{"symbol": "TATAMOTORS", "topic": "candles.1m", "time": "2025-12-08T12:19:00.000+0530"}
2025-12-08T12:58:03.904+0530	DEBUG	kafka/producer.go:48	published candle	{"symbol": "BAJAJ", "topic": "candles.1m", "time": "2025-12-08T12:19:00.000+0530"}
2025-12-08T12:58:03.916+0530	DEBUG	kafka/producer.go:48	published candle	{"symbol": "M&M", "topic": "candles.1m", "time": "2025-12-08T12:19:00.000+0530"}
2025-12-08T12:58:03.927+0530	DEBUG	kafka/producer.go:48	published candle	{"symbol": "ITC", "topic": "candles.1m", "time": "2025-12-08T12:19:00.000+0530"}
2025-12-08T12:58:03.938+0530	DEBUG	kafka/producer.go:48	published candle	{"symbol": "JSWSTEEL", "topic": "candles.1m", "time": "2025-12-08T12:19:00.000+0530"}
2025-12-08T12:58:03.949+0530	DEBUG	kafka/producer.go:48	published candle	{"symbol": "HINDALCO", "topic": "candles.1m", "time": "2025-12-08T12:19:00.000+0530"}
2025-12-08T12:58:03.960+0530	DEBUG	kafka/producer.go:48	published candle	{"symbol": "TATACONSUM", "topic": "candles.1m", "time": "2025-12-08T12:19:00.000+0530"}
2025-12-08T12:58:03.971+0530	DEBUG	kafka/producer.go:48	published candle	{"symbol": "SUNPHARMA", "topic": "candles.1m", "time": "2025-12-08T12:19:00.000+0530"}
2025-12-08T12:58:03.982+0530	DEBUG	kafka/producer.go:48	published candle	{"symbol": "ZOMATO", "topic": "candles.1m", "time": "2025-12-08T12:19:00.000+0530"}
2025-12-08T12:58:03.994+0530	DEBUG	kafka/producer.go:48	published candle	{"symbol": "ICICIBANK", "topic": "candles.1m", "time": "2025-12-08T12:19:00.000+0530"}
2025-12-08T12:58:04.005+0530	DEBUG	kafka/producer.go:48	published candle	{"symbol": "ULTRACEMCO", "topic": "candles.1m", "time": "2025-12-08T12:19:00.000+0530"}
2025-12-08T12:58:04.016+0530	DEBUG	kafka/producer.go:48	published candle	{"symbol": "NTPC", "topic": "candles.1m", "time": "2025-12-08T12:19:00.000+0530"}
2025-12-08T12:58:04.027+0530	DEBUG	kafka/producer.go:48	published candle	{"symbol": "TITAN", "topic": "candles.1m", "time": "2025-12-08T12:19:00.000+0530"}
2025-12-08T12:58:04.039+0530	DEBUG	kafka/producer.go:48	published candle	{"symbol": "GRASIM", "topic": "candles.1m", "time": "2025-12-08T12:19:00.000+0530"}
2025-12-08T12:58:04.049+0530	DEBUG	kafka/producer.go:48	published candle	{"symbol": "TATASTEEL", "topic": "candles.1m", "time": "2025-12-08T12:19:00.000+0530"}
2025-12-08T12:58:04.061+0530	DEBUG	kafka/producer.go:48	published candle	{"symbol": "TECHM", "topic": "candles.1m", "time": "2025-12-08T12:19:00.000+0530"}
2025-12-08T12:58:04.071+0530	DEBUG	kafka/producer.go:48	published candle	{"symbol": "ADANIENT", "topic": "candles.1m", "time": "2025-12-08T12:19:00.000+0530"}
2025-12-08T12:58:04.083+0530	DEBUG	kafka/producer.go:48	published candle	{"symbol": "ASIANPAINT", "topic": "candles.1m", "time": "2025-12-08T12:19:00.000+0530"}
2025-12-08T12:58:04.093+0530	DEBUG	kafka/producer.go:48	published candle	{"symbol": "INFY", "topic": "candles.1m", "time": "2025-12-08T12:19:00.000+0530"}
2025-12-08T12:58:04.106+0530	DEBUG	kafka/producer.go:48	published candle	{"symbol": "NESTLEIND", "topic": "candles.1m", "time": "2025-12-08T12:19:00.000+0530"}
2025-12-08T12:58:04.118+0530	DEBUG	kafka/producer.go:48	published candle	{"symbol": "SHRIRAMFIN", "topic": "candles.1m", "time": "2025-12-08T12:19:00.000+0530"}
2025-12-08T12:58:04.130+0530	DEBUG	kafka/producer.go:48	published candle	{"symbol": "JIOFIN", "topic": "candles.1m", "time": "2025-12-08T12:19:00.000+0530"}
2025-12-08T12:58:04.142+0530	DEBUG	kafka/producer.go:48	published candle	{"symbol": "HDFCLIFE", "topic": "candles.1m", "time": "2025-12-08T12:19:00.000+0530"}
2025-12-08T12:58:04.154+0530	DEBUG	kafka/producer.go:48	published candle	{"symbol": "BEL", "topic": "candles.1m", "time": "2025-12-08T12:19:00.000+0530"}
2025-12-08T12:58:04.165+0530	DEBUG	kafka/producer.go:48	published candle	{"symbol": "LT", "topic": "candles.1m", "time": "2025-12-08T12:19:00.000+0530"}
2025-12-08T12:58:04.177+0530	DEBUG	kafka/producer.go:48	published candle	{"symbol": "HDFCBANK", "topic": "candles.1m", "time": "2025-12-08T12:19:00.000+0530"}
2025-12-08T12:58:04.188+0530	DEBUG	kafka/producer.go:48	published candle	{"symbol": "BHARTIARTL", "topic": "candles.1m", "time": "2025-12-08T12:19:00.000+0530"}
2025-12-08T12:58:04.199+0530	DEBUG	kafka/producer.go:48	published candle	{"symbol": "RELIANCE", "topic": "candles.1m", "time": "2025-12-08T12:19:00.000+0530"}
2025-12-08T12:58:04.210+0530	DEBUG	kafka/producer.go:48	published candle	{"symbol": "BAJFINANCE", "topic": "candles.1m", "time": "2025-12-08T12:19:00.000+0530"}
2025-12-08T12:58:04.222+0530	DEBUG	kafka/producer.go:48	published candle	{"symbol": "HEROMOTOCO", "topic": "candles.1m", "time": "2025-12-08T12:19:00.000+0530"}
2025-12-08T12:58:04.223+0530	INFO	marketdata/main.go:25	shutdown complete
2025-12-08T12:58:04.223+0530	INFO	marketdata/main.go:25	shutdown complete
